# Blender 4.2.0
# www.blender.org
mtllib Suzanne2.mtl
o Suzanne
v 0.439019 -0.756944 0.159939
v -0.439019 -0.756944 0.159939
v 0.483073 -0.684896 0.112847
v -0.483073 -0.684896 0.112847
v 0.527344 -0.582031 0.072917
v -0.527344 -0.582031 0.072917
v 0.351563 -0.615885 0.002604
v -0.351563 -0.615885 0.002604
v 0.351780 -0.711155 0.059028
v -0.351780 -0.711155 0.059028
v 0.352648 -0.774306 0.125868
v -0.352648 -0.774306 0.125868
v 0.269314 -0.788846 0.159939
v -0.269314 -0.788846 0.159939
v 0.221137 -0.731988 0.112847
v -0.221137 -0.731988 0.112847
v 0.175781 -0.644531 0.072917
v -0.175781 -0.644531 0.072917
v 0.104167 -0.653646 0.243490
v -0.104167 -0.653646 0.243490
v 0.167101 -0.736545 0.242622
v -0.167101 -0.736545 0.242622
v 0.235243 -0.791667 0.243273
v -0.235243 -0.791667 0.243273
v 0.269314 -0.788846 0.329861
v -0.269314 -0.788846 0.329861
v 0.221137 -0.731988 0.373698
v -0.221137 -0.731988 0.373698
v 0.175781 -0.644531 0.417969
v -0.175781 -0.644531 0.417969
v 0.351563 -0.615885 0.489583
v -0.351563 -0.615885 0.489583
v 0.351780 -0.711155 0.427951
v -0.351780 -0.711155 0.427951
v 0.352648 -0.774306 0.365017
v -0.352648 -0.774306 0.365017
v 0.439019 -0.756944 0.329861
v -0.439019 -0.756945 0.329861
v 0.483073 -0.684896 0.373698
v -0.483073 -0.684896 0.373698
v 0.527344 -0.582031 0.417969
v -0.527344 -0.582031 0.417969
v 0.598958 -0.567708 0.243490
v -0.598958 -0.567708 0.243490
v 0.537326 -0.672743 0.242622
v -0.537326 -0.672743 0.242622
v 0.473524 -0.749132 0.243273
v -0.473524 -0.749132 0.243273
v 0.449797 -0.780237 0.243345
v -0.449797 -0.780237 0.243345
v 0.422815 -0.786820 0.314381
v -0.422815 -0.786820 0.314381
v 0.352720 -0.802879 0.344039
v -0.352720 -0.802879 0.344039
v 0.285012 -0.815104 0.314381
v -0.285012 -0.815104 0.314381
v 0.256510 -0.817419 0.243345
v -0.256510 -0.817419 0.243345
v 0.285012 -0.815104 0.175637
v -0.285012 -0.815104 0.175637
v 0.352264 -0.818309 0.243239
v -0.352264 -0.818309 0.243239
v 0.352720 -0.802879 0.147135
v -0.352720 -0.802879 0.147135
v 0.422815 -0.786820 0.175637
v -0.422815 -0.786820 0.175637
v 0.000000 -0.735243 0.434028
v 0.000000 -0.803030 0.353456
v 0.000000 -0.736979 -0.654080
v 0.000000 -0.778646 -0.301649
v -0.000000 -0.789497 -0.171441
v 0.000000 -0.713108 -0.762153
v 0.000000 -0.623264 0.448061
v 0.000000 -0.532907 0.566604
v 0.000000 0.474392 0.839844
v 0.000000 0.745660 0.506076
v 0.000000 0.753906 0.100260
v 0.000000 0.289931 -0.342448
v 0.235026 -0.580946 -0.174045
v -0.235026 -0.580946 -0.174045
v 0.281033 -0.564236 -0.444878
v -0.281033 -0.564236 -0.444879
v 0.315104 -0.555773 -0.654948
v -0.315104 -0.555773 -0.654948
v 0.329861 -0.532552 -0.832465
v -0.329861 -0.532552 -0.832465
v 0.293620 -0.526693 -0.924479
v -0.293620 -0.526693 -0.924479
v 0.168403 -0.547092 -0.957465
v -0.168403 -0.547092 -0.957465
v 0.000000 -0.562066 -0.970486
v 0.423177 -0.550564 -0.109375
v -0.423177 -0.550564 -0.109375
v 0.622179 -0.522352 -0.004123
v -0.622179 -0.522352 -0.004123
v 0.777127 -0.492188 0.173394
v -0.777127 -0.492188 0.173394
v 0.803603 -0.567925 0.382378
v -0.803603 -0.567925 0.382378
v 0.686415 -0.624132 0.478516
v -0.686415 -0.624132 0.478516
v 0.491753 -0.680339 0.588759
v -0.491754 -0.680339 0.588759
v 0.323134 -0.724175 0.697266
v -0.323134 -0.724175 0.697266
v 0.180122 -0.745009 0.662326
v -0.180122 -0.745009 0.662326
v 0.079644 -0.741754 0.501953
v -0.079644 -0.741754 0.501953
v 0.167535 -0.783203 0.406250
v -0.167535 -0.783203 0.406250
v 0.121962 -0.776476 0.311198
v -0.121962 -0.776476 0.311198
v 0.215929 -0.749349 0.065972
v -0.215929 -0.749349 0.065972
v 0.370009 -0.708333 0.030599
v -0.370009 -0.708333 0.030599
v 0.509115 -0.672960 0.079210
v -0.509115 -0.672960 0.079210
v 0.615885 -0.651910 0.190321
v -0.615885 -0.651910 0.190321
v 0.639540 -0.658420 0.300564
v -0.639540 -0.658420 0.300564
v 0.585938 -0.685981 0.378038
v -0.585938 -0.685981 0.378038
v 0.442491 -0.733941 0.445096
v -0.442491 -0.733941 0.445096
v 0.245443 -0.775174 0.474826
v -0.245443 -0.775174 0.474826
v 0.000000 -0.732205 -0.740885
v 0.113750 -0.722500 -0.745313
v -0.113750 -0.722500 -0.745313
v 0.123481 -0.699436 -0.835504
v -0.123481 -0.699436 -0.835503
v 0.073351 -0.685330 -0.882596
v -0.073351 -0.685330 -0.882596
v 0.000000 -0.680990 -0.894097
v 0.000000 -0.765625 -0.167411
v -0.000000 -0.751421 -0.131629
v 0.094401 -0.756511 -0.148003
v -0.094401 -0.756510 -0.148003
v 0.123481 -0.751519 -0.224175
v -0.123481 -0.751519 -0.224175
v 0.091250 -0.744844 -0.305000
v -0.091250 -0.744844 -0.305000
v 0.392361 -0.665365 -0.041884
v -0.392361 -0.665365 -0.041884
v 0.587240 -0.618490 0.050130
v -0.587240 -0.618490 0.050130
v 0.708333 -0.599392 0.196181
v -0.708333 -0.599392 0.196181
v 0.730469 -0.643446 0.349175
v -0.730469 -0.643446 0.349175
v 0.649740 -0.701172 0.430990
v -0.649740 -0.701172 0.430990
v 0.462457 -0.760851 0.533854
v -0.462457 -0.760851 0.533854
v 0.319010 -0.799913 0.613064
v -0.319010 -0.799913 0.613064
v 0.205729 -0.816840 0.584635
v -0.205729 -0.816840 0.584635
v 0.107639 -0.814019 0.452691
v -0.107639 -0.814019 0.452691
v 0.153291 -0.756155 -0.093868
v -0.153291 -0.756155 -0.093868
v 0.207465 -0.690321 -0.463976
v -0.207465 -0.690321 -0.463976
v 0.240234 -0.675130 -0.675998
v -0.240234 -0.675130 -0.675998
v 0.250217 -0.652995 -0.810981
v -0.250217 -0.652995 -0.810981
v 0.221354 -0.632379 -0.894748
v -0.221354 -0.632378 -0.894748
v 0.138238 -0.631076 -0.927083
v -0.138238 -0.631076 -0.927083
v 0.000000 -0.635417 -0.937934
v 0.000000 -0.745028 0.039299
v 0.000000 -0.764757 0.209635
v 0.330512 -0.759766 0.486545
v -0.330512 -0.759766 0.486545
v 0.145616 -0.753906 0.131076
v -0.145616 -0.753906 0.131076
v 0.120443 -0.763238 0.214627
v -0.120443 -0.763238 0.214627
v 0.113932 -0.728733 -0.657335
v -0.113932 -0.728733 -0.657335
v 0.092665 -0.739583 -0.461589
v -0.092665 -0.739583 -0.461589
v 0.000000 -0.746094 -0.463108
v 0.000000 -0.750000 -0.335070
v 0.081163 -0.781250 -0.271918
v -0.081163 -0.781250 -0.271918
v 0.117622 -0.789280 -0.219618
v -0.117622 -0.789280 -0.219618
v 0.097222 -0.782335 -0.152561
v -0.097222 -0.782335 -0.152561
v 0.040148 -0.782335 -0.142795
v -0.040148 -0.782335 -0.142795
v 0.000000 -0.820313 -0.201231
v 0.048828 -0.808594 -0.159180
v -0.048828 -0.808594 -0.159180
v 0.086589 -0.808594 -0.166341
v -0.086589 -0.808594 -0.166341
v 0.089410 -0.816623 -0.217014
v -0.089410 -0.816623 -0.217014
v 0.068685 -0.804362 -0.256510
v -0.068685 -0.804362 -0.256510
v 0.000000 -0.804688 -0.269965
v 0.242405 -0.562066 -0.316406
v -0.242405 -0.562066 -0.316406
v 0.164714 -0.702474 -0.232639
v -0.164714 -0.702474 -0.232639
v 0.180556 -0.690972 -0.319879
v -0.180556 -0.690972 -0.319879
v 0.217231 -0.569878 -0.242839
v -0.217231 -0.569879 -0.242839
v 0.000000 -0.678819 -0.872396
v 0.049262 -0.682726 -0.860894
v -0.049262 -0.682726 -0.860894
v 0.089410 -0.699002 -0.815538
v -0.089410 -0.699002 -0.815538
v 0.080512 -0.713325 -0.758898
v -0.080512 -0.713325 -0.758898
v 0.000000 -0.664931 -0.783854
v 0.072483 -0.665509 -0.777995
v -0.072483 -0.665509 -0.777995
v 0.083333 -0.660699 -0.808919
v -0.083333 -0.660699 -0.808919
v 0.051649 -0.647931 -0.835069
v -0.051649 -0.647931 -0.835069
v 0.000000 -0.646267 -0.845052
v 0.172743 -0.771484 0.221571
v -0.172743 -0.771484 0.221571
v 0.189887 -0.767578 0.158854
v -0.189887 -0.767578 0.158854
v 0.338542 -0.757595 0.427300
v -0.338542 -0.757596 0.427300
v 0.270833 -0.768012 0.419271
v -0.270833 -0.768012 0.419271
v 0.430990 -0.747179 0.400174
v -0.430990 -0.747179 0.400174
v 0.544488 -0.698134 0.350694
v -0.544488 -0.698134 0.350695
v 0.583984 -0.679036 0.284288
v -0.583984 -0.679036 0.284288
v 0.564887 -0.679905 0.195530
v -0.564887 -0.679905 0.195530
v 0.476997 -0.706597 0.107639
v -0.476997 -0.706597 0.107639
v 0.366971 -0.735243 0.073568
v -0.366971 -0.735243 0.073568
v 0.243707 -0.763672 0.108724
v -0.243707 -0.763672 0.108724
v 0.178168 -0.774523 0.298394
v -0.178168 -0.774523 0.298394
v 0.212023 -0.774740 0.373264
v -0.212023 -0.774740 0.373264
v 0.235677 -0.759115 0.355469
v -0.235677 -0.759115 0.355469
v 0.201823 -0.756510 0.295573
v -0.201823 -0.756510 0.295573
v 0.257813 -0.751302 0.126302
v -0.257813 -0.751302 0.126302
v 0.367188 -0.727865 0.097656
v -0.367188 -0.727865 0.097656
v 0.460938 -0.701823 0.127604
v -0.460938 -0.701823 0.127604
v 0.533854 -0.677083 0.207031
v -0.533854 -0.677083 0.207031
v 0.549479 -0.673177 0.278646
v -0.549479 -0.673177 0.278646
v 0.515625 -0.690104 0.335938
v -0.515625 -0.690104 0.335938
v 0.420573 -0.738281 0.384115
v -0.420573 -0.738281 0.384115
v 0.282552 -0.761719 0.393229
v -0.282552 -0.761719 0.393229
v 0.339844 -0.752604 0.402344
v -0.339844 -0.752604 0.402344
v 0.208333 -0.751302 0.173177
v -0.208333 -0.751302 0.173177
v 0.196615 -0.751302 0.229167
v -0.196615 -0.751302 0.229167
v 0.133854 -0.614531 0.502240
v -0.133854 -0.614531 0.502240
v 0.209635 -0.643229 0.635417
v -0.209635 -0.643229 0.635417
v 0.324219 -0.625977 0.661458
v -0.324219 -0.625977 0.661458
v 0.445625 -0.558906 0.554063
v -0.445625 -0.558906 0.554063
v 0.664279 -0.489149 0.466797
v -0.664280 -0.489149 0.466797
v 0.775825 -0.443576 0.378689
v -0.775825 -0.443576 0.378689
v 0.767795 -0.362196 0.181424
v -0.767795 -0.362196 0.181424
v 0.623915 -0.378255 0.000217
v -0.623915 -0.378255 0.000217
v 0.408958 -0.440990 -0.118125
v -0.408958 -0.440990 -0.118125
v 0.000000 -0.255208 0.842014
v 0.000000 0.087240 0.939236
v 0.000000 0.601128 -0.168837
v 0.000000 -0.111545 -0.428385
v 0.000000 -0.455729 -0.938802
v 0.000000 -0.365451 -0.780382
v 0.000000 -0.326389 -0.581597
v 0.000000 -0.267795 -0.473524
v 0.803385 -0.131727 0.224826
v -0.803385 -0.131727 0.224826
v 0.825469 0.050000 0.292500
v -0.825469 0.050000 0.292500
v 0.757500 0.409063 0.290469
v -0.757500 0.409063 0.290469
v 0.392361 0.654297 0.442274
v -0.392361 0.654297 0.442274
v 0.685938 -0.074063 -0.025000
v -0.685938 -0.074063 -0.025000
v 0.625313 0.170000 -0.102500
v -0.625313 0.170000 -0.102500
v 0.652561 0.391276 0.011285
v -0.652561 0.391276 0.011285
v 0.320457 0.660735 0.085503
v -0.320457 0.660735 0.085503
v 0.237196 -0.409505 -0.391493
v -0.237196 -0.409505 -0.391493
v 0.156250 -0.286024 -0.430556
v -0.156250 -0.286024 -0.430556
v 0.276042 -0.410156 -0.743056
v -0.276042 -0.410156 -0.743056
v 0.250000 -0.412543 -0.546875
v -0.250000 -0.412543 -0.546875
v 0.281901 -0.433919 -0.885417
v -0.281901 -0.433919 -0.885417
v 0.142795 -0.376085 -0.752387
v -0.142795 -0.376085 -0.752387
v 0.133464 -0.347439 -0.554036
v -0.133464 -0.347439 -0.554036
v 0.162109 -0.443142 -0.917752
v -0.162109 -0.443142 -0.917752
v 0.243854 -0.396198 -0.286406
v -0.243854 -0.396198 -0.286406
v 0.247251 -0.473814 -0.212457
v -0.247251 -0.473814 -0.212457
v 0.257921 -0.502713 -0.172201
v -0.257921 -0.502713 -0.172201
v 0.212448 -0.150104 -0.360469
v -0.212448 -0.150104 -0.360469
v 0.266059 0.246745 -0.285373
v -0.266059 0.246745 -0.285373
v 0.299624 0.533131 -0.128472
v -0.299624 0.533131 -0.128472
v 0.409071 0.413845 0.785590
v -0.409071 0.413846 0.785590
v 0.408854 0.096137 0.885200
v -0.408854 0.096137 0.885200
v 0.409505 -0.198351 0.794488
v -0.409505 -0.198351 0.794488
v 0.419054 -0.413411 0.572483
v -0.419054 -0.413411 0.572483
v 0.746962 -0.276042 0.410156
v -0.746962 -0.276042 0.410156
v 0.630208 -0.309028 0.499132
v -0.630208 -0.309028 0.499132
v 0.632813 -0.089844 0.672092
v -0.632813 -0.089844 0.672092
v 0.771918 -0.078993 0.526476
v -0.771918 -0.078993 0.526476
v 0.774523 0.146701 0.571181
v -0.774523 0.146701 0.571181
v 0.635417 0.161675 0.737196
v -0.635417 0.161675 0.737196
v 0.632378 0.404080 0.640625
v -0.632378 0.404080 0.640625
v 0.753906 0.342448 0.521159
v -0.753906 0.342448 0.521159
v 0.598307 0.548394 0.342448
v -0.598307 0.548394 0.342448
v 0.481823 0.510885 0.019062
v -0.481823 0.510885 0.019063
v 0.826719 0.206250 0.356875
v -0.826719 0.206250 0.356875
v 0.405260 -0.161979 -0.185469
v -0.405260 -0.161979 -0.185469
v 0.442491 0.206163 -0.168403
v -0.442491 0.206163 -0.168403
v 0.900174 0.267795 0.391493
v -0.900174 0.267795 0.391493
v 0.800130 0.200304 -0.113715
v -0.800130 0.200304 -0.113715
v 1.035156 0.334852 -0.070313
v -1.035156 0.334852 -0.070313
v 1.246094 0.425781 0.076172
v -1.246094 0.425781 0.076172
v 1.310547 0.434896 0.298828
v -1.310547 0.434896 0.298828
v 1.213108 0.419922 0.454861
v -1.213108 0.419922 0.454861
v 1.034722 0.340495 0.453776
v -1.034722 0.340495 0.453776
v 1.031033 0.309245 0.407552
v -1.031033 0.309245 0.407552
v 1.177300 0.389106 0.407552
v -1.177300 0.389106 0.407552
v 1.251736 0.413628 0.277344
v -1.251736 0.413628 0.277344
v 1.197266 0.400174 0.092014
v -1.197266 0.400174 0.092014
v 1.030382 0.306207 -0.028212
v -1.030382 0.306207 -0.028212
v 0.843316 0.180773 -0.063151
v -0.843316 0.180773 -0.063151
v 0.924696 0.242622 0.355469
v -0.924696 0.242622 0.355469
v 0.946398 0.294705 0.307726
v -0.946398 0.294705 0.307726
v 0.888455 0.243056 -0.023872
v -0.888455 0.243056 -0.023872
v 1.037543 0.352648 0.005642
v -1.037543 0.352648 0.005642
v 1.177300 0.432292 0.101345
v -1.177300 0.432292 0.101345
v 1.224392 0.444879 0.246745
v -1.224393 0.444878 0.246745
v 1.162760 0.425564 0.347873
v -1.162760 0.425564 0.347873
v 1.036458 0.358507 0.348741
v -1.036458 0.358507 0.348741
v 0.854167 0.217014 0.287760
v -0.854167 0.217014 0.287760
v 0.826389 0.269314 0.173611
v -0.826389 0.269314 0.173611
v 0.777778 0.269965 0.098090
v -0.777778 0.269965 0.098090
v 0.809896 0.281576 0.069661
v -0.809896 0.281576 0.069661
v 0.817491 0.268880 0.024523
v -0.817491 0.268880 0.024523
v 0.814236 0.255208 -0.013021
v -0.814236 0.255208 -0.013021
v 0.742043 0.081453 0.040943
v -0.742043 0.081453 0.040943
v 0.732865 0.165833 -0.029271
v -0.732865 0.165833 -0.029271
v 0.747865 0.193958 0.054010
v -0.747865 0.193958 0.054010
v 0.804905 0.196181 0.199870
v -0.804905 0.196181 0.199870
v 0.884115 0.269965 0.247179
v -0.884115 0.269965 0.247179
v 0.903646 0.319878 0.224175
v -0.903646 0.319878 0.224175
v 0.840169 0.297526 -0.006185
v -0.840169 0.297526 -0.006185
v 0.853299 0.312934 0.027127
v -0.853299 0.312934 0.027127
v 0.831814 0.313802 0.078125
v -0.831814 0.313802 0.078125
v 0.798177 0.308919 0.107747
v -0.798177 0.308919 0.107747
v 0.846354 0.314019 0.160373
v -0.846354 0.314019 0.160373
v 1.051722 0.401910 0.318432
v -1.051722 0.401910 0.318432
v 1.158059 0.453125 0.317564
v -1.158059 0.453125 0.317564
v 1.210938 0.465278 0.231988
v -1.210938 0.465278 0.231988
v 1.165148 0.452474 0.112630
v -1.165148 0.452474 0.112630
v 1.037326 0.390625 0.030599
v -1.037326 0.390625 0.030599
v 0.904080 0.298177 -0.000868
v -0.904080 0.298177 -0.000868
v 0.965929 0.346137 0.279514
v -0.965929 0.346137 0.279514
v 0.889974 0.330295 0.115451
v -0.889974 0.330295 0.115451
v 0.920790 0.330946 0.060330
v -0.920790 0.330946 0.060330
v 1.000000 0.369358 0.113932
v -1.000000 0.369358 0.113932
v 0.954210 0.349175 0.174262
v -0.954210 0.349175 0.174262
v 1.014106 0.371311 0.231554
v -1.014106 0.371311 0.231554
v 1.071398 0.395833 0.175347
v -1.071398 0.395833 0.175347
v 1.124674 0.413411 0.223958
v -1.124675 0.413411 0.223958
v 1.087529 0.404297 0.274378
v -1.087529 0.404297 0.274378
v 1.035807 0.450087 0.355903
v -1.035807 0.450087 0.355903
v 1.235388 0.507017 0.379774
v -1.235388 0.507017 0.379774
v 1.324436 0.494900 0.286784
v -1.324436 0.494900 0.286784
v 1.263166 0.503762 0.131727
v -1.263166 0.503762 0.131727
v 1.040148 0.445747 0.012587
v -1.040148 0.445747 0.012587
v 0.814019 0.343967 -0.025825
v -0.814019 0.343967 -0.025825
v 0.866103 0.375000 0.299262
v -0.866102 0.375000 0.299262
v 0.501356 -0.716797 0.242866
v 0.464654 -0.751248 0.197862
v 0.458035 -0.726617 0.139079
v 0.523058 -0.676053 0.172363
v -0.523058 -0.676053 0.172363
v -0.458035 -0.726617 0.139079
v -0.464654 -0.751248 0.197862
v -0.501356 -0.716797 0.242866
v 0.569770 -0.621853 0.242893
v 0.506185 -0.635417 0.091092
v 0.580241 -0.571452 0.150879
v -0.580241 -0.571452 0.150879
v -0.506185 -0.635417 0.091092
v -0.569770 -0.621853 0.242893
v 0.422716 -0.697456 0.073242
v 0.351590 -0.665880 0.028212
v 0.446777 -0.597982 0.021159
v -0.446777 -0.597982 0.021159
v -0.351590 -0.665880 0.028212
v -0.422716 -0.697456 0.073242
v 0.399251 -0.765137 0.134847
v 0.352214 -0.747694 0.096354
v -0.352214 -0.747694 0.096354
v -0.399251 -0.765137 0.134847
v 0.307237 -0.782796 0.134847
v 0.248318 -0.764811 0.139079
v 0.281087 -0.723362 0.073242
v -0.281087 -0.723362 0.073242
v -0.248318 -0.764811 0.139079
v -0.307237 -0.782796 0.134847
v 0.197076 -0.690620 0.091092
v 0.256348 -0.632161 0.021159
v -0.256348 -0.632161 0.021159
v -0.197076 -0.690620 0.091092
v 0.181342 -0.735813 0.172363
v 0.133518 -0.697211 0.242893
v 0.122884 -0.651530 0.150879
v -0.122884 -0.651530 0.150879
v -0.133518 -0.697211 0.242893
v -0.181342 -0.735813 0.172363
v 0.244222 -0.791314 0.197862
v 0.205566 -0.768175 0.242866
v -0.205566 -0.768175 0.242866
v -0.244222 -0.791314 0.197862
v 0.244222 -0.791314 0.289903
v 0.248318 -0.764811 0.348687
v 0.181342 -0.735813 0.313368
v -0.181342 -0.735813 0.313368
v -0.248318 -0.764811 0.348687
v -0.244222 -0.791314 0.289903
v 0.197076 -0.690620 0.396810
v 0.122884 -0.651530 0.337565
v -0.122884 -0.651530 0.337565
v -0.197076 -0.690620 0.396810
v 0.281087 -0.723362 0.413683
v 0.351590 -0.665880 0.460395
v 0.256348 -0.632161 0.470866
v -0.256348 -0.632161 0.470866
v -0.351590 -0.665880 0.460395
v -0.281087 -0.723362 0.413683
v 0.307237 -0.782796 0.355903
v 0.352214 -0.747694 0.392090
v -0.352214 -0.747694 0.392090
v -0.307237 -0.782796 0.355903
v 0.399251 -0.765137 0.355903
v 0.458035 -0.726617 0.348687
v 0.422716 -0.697456 0.413683
v -0.422716 -0.697456 0.413683
v -0.458035 -0.726617 0.348687
v -0.399251 -0.765137 0.355903
v 0.506185 -0.635417 0.396810
v 0.446777 -0.597982 0.470866
v -0.446777 -0.597982 0.470866
v -0.506185 -0.635417 0.396810
v 0.523058 -0.676053 0.313368
v 0.580241 -0.571452 0.337565
v -0.580241 -0.571452 0.337565
v -0.523058 -0.676053 0.313368
v 0.464654 -0.751248 0.289903
v -0.464654 -0.751248 0.289903
v 0.462095 -0.767343 0.243444
v 0.431460 -0.774514 0.322718
v 0.444182 -0.781404 0.281901
v -0.444182 -0.781404 0.281901
v -0.431460 -0.774513 0.322718
v -0.462095 -0.767343 0.243444
v 0.352819 -0.791386 0.355234
v 0.391158 -0.794090 0.337475
v -0.391159 -0.794090 0.337475
v -0.352819 -0.791386 0.355234
v 0.277299 -0.804986 0.322718
v 0.315430 -0.810068 0.337475
v -0.315430 -0.810068 0.337475
v -0.277299 -0.804986 0.322718
v 0.246040 -0.807581 0.243444
v 0.263003 -0.817057 0.281901
v -0.263003 -0.817057 0.281901
v -0.246040 -0.807581 0.243444
v 0.277299 -0.804986 0.167924
v 0.263003 -0.817057 0.206055
v -0.263003 -0.817057 0.206055
v -0.277299 -0.804986 0.167924
v 0.352819 -0.791386 0.136665
v 0.315430 -0.810068 0.153628
v -0.315430 -0.810068 0.153628
v -0.352819 -0.791386 0.136665
v 0.431460 -0.774514 0.167924
v 0.391159 -0.794090 0.153628
v -0.391159 -0.794090 0.153628
v -0.431460 -0.774514 0.167924
v 0.444182 -0.781404 0.206055
v -0.444182 -0.781404 0.206055
v 0.417707 -0.796767 0.243141
v 0.399450 -0.801297 0.197315
v -0.417707 -0.796767 0.243141
v -0.399450 -0.801297 0.197315
v 0.352476 -0.812292 0.178001
v -0.352476 -0.812292 0.178001
v 0.306668 -0.820566 0.197315
v -0.306668 -0.820566 0.197315
v 0.287354 -0.822320 0.243141
v -0.287354 -0.822320 0.243141
v 0.306668 -0.820566 0.290939
v -0.306668 -0.820566 0.290939
v 0.352476 -0.812292 0.311085
v -0.352476 -0.812292 0.311085
v 0.399450 -0.801297 0.290939
v -0.399450 -0.801297 0.290939
v 0.086480 -0.557590 -0.966580
v 0.159424 -0.592584 -0.946994
v 0.073432 -0.633898 -0.934788
v -0.000000 -0.602810 -0.958279
v -0.073432 -0.633898 -0.934787
v -0.159424 -0.592584 -0.946994
v -0.086480 -0.557590 -0.966580
v 0.240370 -0.535102 -0.945204
v 0.266032 -0.582872 -0.917833
v 0.187527 -0.629612 -0.915717
v -0.187527 -0.629612 -0.915717
v -0.266032 -0.582872 -0.917833
v -0.240370 -0.535102 -0.945204
v 0.321587 -0.525960 -0.888563
v 0.303467 -0.597900 -0.836779
v 0.241564 -0.641141 -0.858724
v -0.241564 -0.641140 -0.858724
v -0.303467 -0.597901 -0.836779
v -0.321588 -0.525960 -0.888563
v 0.326226 -0.544244 -0.753310
v 0.292074 -0.623101 -0.678087
v 0.249295 -0.664551 -0.753744
v -0.249295 -0.664551 -0.753744
v -0.292074 -0.623101 -0.678087
v -0.326226 -0.544244 -0.753310
v 0.299615 -0.562364 -0.545682
v 0.256863 -0.634847 -0.460775
v 0.224908 -0.684353 -0.571208
v -0.224908 -0.684353 -0.571208
v -0.256863 -0.634847 -0.460775
v -0.299615 -0.562364 -0.545682
v 0.208736 -0.665062 -0.149290
v 0.315186 -0.568197 -0.143338
v 0.409559 -0.611464 -0.082872
v 0.276213 -0.707379 -0.067246
v -0.276213 -0.707379 -0.067246
v -0.409559 -0.611464 -0.082872
v -0.315186 -0.568197 -0.143338
v -0.208736 -0.665062 -0.149291
v 0.526666 -0.537923 -0.064480
v 0.613091 -0.574246 0.019911
v 0.497450 -0.637533 -0.003364
v -0.497450 -0.637533 -0.003364
v -0.613091 -0.574246 0.019911
v -0.526666 -0.537923 -0.064480
v 0.710070 -0.498888 0.074870
v 0.752577 -0.549045 0.185357
v 0.659017 -0.602919 0.117703
v -0.659017 -0.602919 0.117703
v -0.752577 -0.549045 0.185357
v -0.710070 -0.498888 0.074870
v 0.809408 -0.523139 0.285780
v 0.776720 -0.613824 0.370741
v 0.731608 -0.615804 0.279107
v -0.731608 -0.615804 0.279107
v -0.776720 -0.613824 0.370741
v -0.809408 -0.523139 0.285780
v 0.760471 -0.599691 0.439155
v 0.674832 -0.674452 0.460368
v 0.705729 -0.671983 0.393907
v -0.705729 -0.671983 0.393907
v -0.674832 -0.674452 0.460368
v -0.760471 -0.599691 0.439155
v 0.591119 -0.651828 0.527941
v 0.478651 -0.733860 0.570991
v 0.559923 -0.732069 0.479492
v -0.559923 -0.732069 0.479492
v -0.478651 -0.733860 0.570991
v -0.591119 -0.651828 0.527941
v 0.403130 -0.704861 0.652452
v 0.319038 -0.776449 0.668674
v 0.383328 -0.783474 0.582330
v -0.383328 -0.783474 0.582330
v -0.319038 -0.776449 0.668674
v -0.403130 -0.704861 0.652452
v 0.247477 -0.737847 0.702176
v 0.187880 -0.795329 0.634874
v 0.260417 -0.810981 0.615533
v -0.260417 -0.810981 0.615533
v -0.187880 -0.795329 0.634874
v -0.247477 -0.737847 0.702176
v 0.125244 -0.745416 0.584012
v 0.086887 -0.791151 0.482124
v 0.154894 -0.817627 0.522244
v -0.154894 -0.817627 0.522244
v -0.086887 -0.791151 0.482123
v -0.125244 -0.745416 0.584012
v 0.038764 -0.737359 0.450494
v -0.000000 -0.782401 0.410198
v 0.061944 -0.807711 0.399104
v -0.061944 -0.807711 0.399104
v -0.038764 -0.737359 0.450494
v 0.136936 -0.803657 0.427192
v 0.204454 -0.780735 0.446072
v 0.226318 -0.801053 0.526476
v -0.226318 -0.801053 0.526476
v -0.204454 -0.780735 0.446072
v -0.136936 -0.803657 0.427192
v 0.286838 -0.768039 0.488336
v 0.323866 -0.784804 0.546143
v -0.323866 -0.784804 0.546143
v -0.286838 -0.768039 0.488336
v 0.380317 -0.749702 0.470947
v 0.450521 -0.751302 0.487603
v -0.450521 -0.751302 0.487603
v -0.380317 -0.749702 0.470947
v 0.518202 -0.710205 0.412950
v 0.617350 -0.697320 0.401910
v -0.617350 -0.697320 0.401910
v -0.518202 -0.710205 0.412950
v 0.624864 -0.669027 0.342150
v 0.681993 -0.653944 0.322917
v -0.681993 -0.653944 0.322917
v -0.624864 -0.669027 0.342150
v 0.637885 -0.652073 0.248861
v 0.659180 -0.631510 0.195285
v -0.659180 -0.631510 0.195285
v -0.637885 -0.652072 0.248861
v 0.569824 -0.659749 0.130859
v 0.547201 -0.649713 0.067925
v -0.547201 -0.649713 0.067925
v -0.569824 -0.659749 0.130859
v 0.443387 -0.688775 0.044000
v 0.378499 -0.693685 -0.002387
v -0.378499 -0.693685 -0.002387
v -0.443386 -0.688775 0.044000
v 0.288086 -0.731527 0.040880
v 0.186885 -0.755652 0.005590
v -0.186885 -0.755651 0.005590
v -0.288086 -0.731527 0.040880
v 0.170681 -0.754313 0.096408
v 0.089274 -0.748690 0.094936
v 0.080060 -0.759618 -0.023837
v -0.080060 -0.759618 -0.023837
v -0.089274 -0.748690 0.094936
v -0.170681 -0.754313 0.096408
v 0.139214 -0.781386 0.360189
v 0.072361 -0.790241 0.325644
v -0.072361 -0.790241 0.325644
v -0.139214 -0.781386 0.360189
v 0.116726 -0.770101 0.262017
v 0.000000 -0.782998 0.274511
v 0.066325 -0.763265 0.211236
v -0.066325 -0.763265 0.211236
v -0.116726 -0.770101 0.262017
v 0.000000 -0.750060 0.141309
v 0.129937 -0.757026 0.170654
v -0.129937 -0.757026 0.170654
v 0.105062 -0.663574 -0.903456
v 0.037977 -0.682021 -0.891520
v 0.000000 -0.662598 -0.914551
v -0.037977 -0.682020 -0.891520
v -0.105062 -0.663574 -0.903456
v 0.168593 -0.672825 -0.863254
v 0.103217 -0.691162 -0.865153
v -0.103217 -0.691162 -0.865153
v -0.168593 -0.672824 -0.863254
v 0.184592 -0.694359 -0.775513
v 0.129647 -0.709889 -0.792508
v -0.129647 -0.709889 -0.792508
v -0.184592 -0.694359 -0.775513
v 0.149333 -0.723660 -0.462864
v 0.103461 -0.734809 -0.565158
v 0.177572 -0.709663 -0.666178
v -0.177572 -0.709663 -0.666179
v -0.103461 -0.734809 -0.565158
v -0.149333 -0.723660 -0.462864
v 0.117386 -0.724877 -0.712159
v -0.117386 -0.724877 -0.712159
v 0.088290 -0.740570 -0.375465
v 0.043300 -0.749467 -0.327329
v 0.000000 -0.746582 -0.384928
v 0.043810 -0.745280 -0.462267
v -0.043810 -0.745280 -0.462267
v -0.043300 -0.749467 -0.327329
v -0.088290 -0.740570 -0.375465
v 0.055257 -0.735948 -0.654161
v -0.000000 -0.742025 -0.562500
v -0.055257 -0.735948 -0.654161
v 0.000000 -0.734429 -0.711480
v 0.054262 -0.731414 -0.736464
v -0.054262 -0.731414 -0.736464
v 0.115566 -0.747582 -0.260462
v 0.119005 -0.769748 -0.221490
v 0.106391 -0.786160 -0.248454
v 0.082254 -0.763627 -0.281105
v -0.082254 -0.763627 -0.281105
v -0.106391 -0.786160 -0.248454
v -0.119005 -0.769748 -0.221490
v -0.115566 -0.747582 -0.260462
v 0.117079 -0.755398 -0.184218
v 0.095242 -0.765110 -0.152805
v 0.114258 -0.786784 -0.183729
v -0.114258 -0.786784 -0.183729
v -0.095242 -0.765110 -0.152805
v -0.117079 -0.755398 -0.184218
v 0.054782 -0.753359 -0.126551
v 0.028795 -0.764481 -0.142542
v 0.069417 -0.780545 -0.138482
v -0.069417 -0.780545 -0.138482
v -0.028795 -0.764481 -0.142542
v -0.054782 -0.753359 -0.126551
v 0.000000 -0.760589 -0.160093
v 0.000000 -0.772135 -0.170247
v 0.017714 -0.786811 -0.160373
v -0.017714 -0.786811 -0.160373
v 0.000000 -0.762370 -0.312012
v 0.043837 -0.778971 -0.292399
v -0.043837 -0.778971 -0.292399
v 0.000000 -0.792643 -0.289225
v 0.076622 -0.795454 -0.263310
v 0.040992 -0.804636 -0.264544
v -0.040992 -0.804636 -0.264544
v -0.076622 -0.795454 -0.263310
v -0.000000 -0.806707 -0.177786
v 0.033856 -0.814812 -0.176123
v 0.045371 -0.798524 -0.148837
v -0.045371 -0.798524 -0.148837
v -0.033856 -0.814812 -0.176123
v 0.068127 -0.809450 -0.160174
v 0.094073 -0.798524 -0.157740
v -0.094073 -0.798524 -0.157740
v -0.068127 -0.809450 -0.160174
v 0.090722 -0.814366 -0.187960
v 0.109863 -0.805718 -0.218642
v -0.109863 -0.805718 -0.218642
v -0.090722 -0.814366 -0.187960
v 0.080556 -0.811432 -0.240619
v -0.080556 -0.811432 -0.240619
v 0.052775 -0.820894 -0.212738
v -0.052775 -0.820894 -0.212738
v 0.000000 -0.815605 -0.241940
v -0.000000 -0.748360 -0.067368
v 0.103999 -0.761687 -0.128335
v -0.103999 -0.761687 -0.128335
v 0.139052 -0.734972 -0.227512
v 0.153017 -0.726314 -0.179116
v -0.153017 -0.726314 -0.179116
v -0.139052 -0.734972 -0.227512
v 0.136833 -0.725257 -0.313467
v 0.173041 -0.692247 -0.275119
v -0.173041 -0.692247 -0.275119
v -0.136833 -0.725257 -0.313467
v 0.192057 -0.691705 -0.380208
v -0.192057 -0.691705 -0.380208
v 0.260742 -0.563151 -0.369575
v 0.219862 -0.632216 -0.321723
v -0.219862 -0.632216 -0.321723
v -0.260742 -0.563151 -0.369575
v 0.228841 -0.563856 -0.276937
v 0.195204 -0.640490 -0.239610
v -0.195204 -0.640490 -0.239610
v -0.228841 -0.563856 -0.276937
v 0.209852 -0.578912 -0.207872
v -0.209852 -0.578912 -0.207872
v 0.087736 -0.724524 -0.753012
v 0.000000 -0.726563 -0.755263
v 0.046197 -0.713949 -0.757514
v -0.046197 -0.713949 -0.757514
v -0.087736 -0.724524 -0.753012
v 0.098877 -0.708008 -0.821126
v 0.093994 -0.707791 -0.782254
v -0.093994 -0.707791 -0.782254
v -0.098877 -0.708008 -0.821126
v 0.055854 -0.691515 -0.869303
v 0.072510 -0.689806 -0.842855
v -0.072510 -0.689806 -0.842855
v -0.055854 -0.691515 -0.869303
v 0.000000 -0.686578 -0.880968
v 0.024712 -0.679471 -0.869982
v -0.024712 -0.679471 -0.869982
v 0.000000 -0.660753 -0.863119
v 0.047770 -0.663402 -0.852132
v 0.026964 -0.646638 -0.842340
v -0.026964 -0.646638 -0.842339
v -0.047770 -0.663402 -0.852132
v 0.085907 -0.677369 -0.811881
v 0.071639 -0.651694 -0.823545
v -0.071639 -0.651694 -0.823545
v -0.085907 -0.677369 -0.811881
v 0.077718 -0.690421 -0.764377
v 0.085473 -0.661853 -0.790654
v -0.085473 -0.661853 -0.790654
v -0.077718 -0.690421 -0.764377
v 0.000000 -0.689833 -0.768446
v 0.041287 -0.665817 -0.779704
v -0.041287 -0.665817 -0.779704
v 0.000000 -0.648275 -0.813965
v 0.061523 -0.649333 -0.805691
v -0.061523 -0.649333 -0.805691
v 0.153836 -0.768501 0.218099
v 0.175727 -0.762451 0.150011
v 0.178630 -0.769043 0.188178
v -0.178630 -0.769043 0.188178
v -0.175727 -0.762451 0.150011
v -0.153836 -0.768501 0.218099
v 0.156169 -0.773953 0.302762
v 0.172282 -0.773329 0.258843
v -0.172282 -0.773329 0.258843
v -0.156169 -0.773953 0.302762
v 0.192952 -0.775798 0.387967
v 0.191352 -0.775201 0.337864
v -0.191352 -0.775201 0.337864
v -0.192952 -0.775798 0.387967
v 0.233724 -0.755534 0.096056
v 0.208496 -0.767578 0.133057
v -0.208496 -0.767578 0.133057
v -0.233724 -0.755534 0.096056
v 0.367025 -0.723904 0.055501
v 0.301432 -0.751329 0.085775
v -0.301432 -0.751329 0.085775
v -0.367025 -0.723904 0.055501
v 0.487522 -0.693441 0.093180
v 0.424832 -0.720758 0.081245
v -0.424832 -0.720757 0.081245
v -0.487522 -0.693441 0.093180
v 0.585585 -0.668918 0.190809
v 0.526720 -0.691379 0.148248
v -0.526720 -0.691379 0.148248
v -0.585585 -0.668918 0.190809
v 0.607530 -0.669135 0.288927
v 0.582574 -0.676704 0.242106
v -0.582574 -0.676704 0.242106
v -0.607530 -0.669135 0.288927
v 0.562202 -0.689616 0.361599
v 0.573676 -0.684353 0.320096
v -0.573676 -0.684353 0.320095
v -0.562202 -0.689616 0.361599
v 0.436334 -0.736898 0.416694
v 0.491564 -0.723633 0.377550
v -0.491564 -0.723633 0.377550
v -0.436334 -0.736898 0.416694
v 0.335585 -0.753635 0.448703
v 0.379883 -0.755968 0.417399
v -0.379883 -0.755968 0.417399
v -0.335585 -0.753635 0.448703
v 0.260335 -0.766629 0.440375
v 0.303223 -0.761990 0.428087
v -0.303223 -0.761990 0.428087
v -0.260335 -0.766629 0.440375
v 0.239556 -0.772434 0.400825
v -0.239556 -0.772434 0.400825
v 0.277669 -0.766412 0.404785
v 0.225396 -0.768880 0.363064
v 0.258138 -0.761393 0.377767
v -0.258138 -0.761393 0.377767
v -0.225396 -0.768880 0.363064
v -0.277669 -0.766412 0.404785
v 0.339681 -0.757134 0.413276
v 0.309245 -0.757650 0.401204
v -0.309245 -0.757650 0.401204
v -0.339681 -0.757134 0.413276
v 0.425781 -0.746718 0.390517
v 0.376302 -0.748861 0.397135
v -0.376302 -0.748861 0.397135
v -0.425781 -0.746718 0.390517
v 0.529487 -0.697456 0.342665
v 0.471517 -0.714681 0.362467
v -0.471517 -0.714681 0.362467
v -0.529487 -0.697456 0.342665
v 0.565511 -0.679281 0.281304
v 0.540365 -0.677246 0.308268
v -0.540365 -0.677246 0.308268
v -0.565511 -0.679281 0.281304
v 0.548476 -0.681342 0.201199
v 0.548503 -0.672689 0.245280
v -0.548503 -0.672689 0.245280
v -0.548476 -0.681342 0.201199
v 0.468804 -0.707791 0.118761
v 0.502279 -0.687988 0.164876
v -0.502279 -0.687988 0.164876
v -0.468804 -0.707791 0.118761
v 0.367160 -0.735135 0.086833
v 0.416992 -0.714844 0.104329
v -0.416992 -0.714844 0.104329
v -0.367160 -0.735135 0.086833
v 0.251166 -0.761149 0.117757
v 0.309570 -0.741537 0.107096
v -0.309570 -0.741537 0.107096
v -0.251166 -0.761149 0.117757
v 0.199680 -0.762614 0.166016
v 0.225260 -0.753255 0.148763
v -0.225260 -0.753255 0.148763
v -0.199680 -0.762614 0.166016
v 0.192030 -0.768039 0.296414
v 0.215820 -0.757813 0.327474
v -0.215820 -0.757813 0.327474
v -0.192030 -0.768039 0.296414
v 0.185818 -0.764567 0.225288
v 0.196289 -0.753906 0.261882
v -0.196289 -0.753906 0.261882
v -0.185818 -0.764567 0.225288
v 0.200033 -0.750326 0.199707
v -0.200033 -0.750326 0.199707
v -0.000000 -0.675673 0.438386
v 0.090738 -0.679807 0.502255
v 0.048995 -0.623451 0.458757
v -0.048995 -0.623451 0.458757
v -0.090738 -0.679807 0.502255
v 0.188874 -0.685140 0.657249
v 0.185040 -0.630477 0.577115
v -0.185040 -0.630477 0.577115
v -0.188874 -0.685140 0.657249
v 0.327697 -0.664414 0.689205
v 0.266490 -0.628294 0.654885
v -0.266490 -0.628295 0.654885
v -0.327697 -0.664414 0.689205
v 0.490532 -0.618404 0.581079
v 0.369838 -0.602181 0.618360
v -0.369838 -0.602181 0.618360
v -0.490532 -0.618404 0.581079
v 0.681044 -0.562012 0.477051
v 0.574476 -0.518944 0.508257
v -0.574476 -0.518944 0.508257
v -0.681044 -0.562012 0.477051
v 0.798503 -0.511203 0.382243
v 0.732259 -0.469618 0.431369
v -0.732259 -0.469618 0.431369
v -0.798503 -0.511203 0.382243
v 0.774170 -0.437364 0.172282
v 0.789632 -0.399061 0.288764
v -0.789632 -0.399061 0.288764
v -0.774170 -0.437364 0.172282
v 0.619141 -0.464627 -0.005371
v 0.708143 -0.359158 0.082275
v -0.708143 -0.359158 0.082275
v -0.619141 -0.464627 -0.005371
v 0.426048 -0.500414 -0.111362
v 0.528040 -0.403472 -0.062711
v -0.528040 -0.403472 -0.062711
v -0.426048 -0.500414 -0.111362
v 0.067952 -0.332275 -0.573107
v 0.000000 -0.301812 -0.514703
v 0.085449 -0.268446 -0.460178
v 0.142660 -0.320882 -0.480496
v -0.142660 -0.320882 -0.480496
v -0.085449 -0.268446 -0.460178
v -0.067952 -0.332275 -0.573107
v 0.071072 -0.369059 -0.771674
v 0.000000 -0.343316 -0.676107
v 0.134630 -0.361925 -0.649143
v -0.134630 -0.361925 -0.649143
v -0.071072 -0.369059 -0.771674
v 0.081299 -0.452203 -0.932265
v 0.000000 -0.404405 -0.873101
v 0.152859 -0.402696 -0.847439
v -0.152859 -0.402696 -0.847439
v -0.081299 -0.452203 -0.932265
v 0.168267 -0.494385 -0.951687
v 0.000000 -0.511014 -0.968153
v -0.168267 -0.494385 -0.951687
v 0.297704 -0.469745 -0.910123
v 0.237021 -0.433368 -0.901212
v -0.237021 -0.433368 -0.901212
v -0.297704 -0.469745 -0.910123
v 0.318414 -0.464030 -0.788249
v 0.285877 -0.417661 -0.831089
v -0.285877 -0.417661 -0.831089
v -0.318414 -0.464030 -0.788249
v 0.296224 -0.479438 -0.598470
v 0.262044 -0.410455 -0.644152
v -0.262044 -0.410455 -0.644152
v -0.296224 -0.479438 -0.598470
v 0.213976 -0.384901 -0.735270
v 0.194417 -0.370877 -0.537028
v -0.194417 -0.370877 -0.537028
v -0.213976 -0.384901 -0.735270
v 0.202989 -0.336941 -0.401096
v 0.242540 -0.411838 -0.460558
v -0.242540 -0.411838 -0.460558
v -0.202989 -0.336941 -0.401096
v 0.268880 -0.487440 -0.413629
v -0.268880 -0.487440 -0.413629
v 0.241671 -0.492069 -0.302922
v 0.252513 -0.441998 -0.240557
v 0.224564 -0.514251 -0.235623
v -0.224564 -0.514251 -0.235623
v -0.252513 -0.441998 -0.240557
v -0.241671 -0.492069 -0.302922
v 0.232932 -0.406656 -0.340750
v -0.232932 -0.406656 -0.340750
v 0.246408 -0.527377 -0.177480
v 0.241118 -0.493333 -0.190473
v -0.241118 -0.493333 -0.190473
v -0.246408 -0.527377 -0.177480
v 0.313356 -0.489019 -0.148515
v -0.313357 -0.489019 -0.148515
v 0.000000 0.694770 -0.051541
v 0.174335 0.722729 0.095486
v 0.302626 0.614149 -0.036296
v 0.162941 0.576353 -0.158746
v -0.162941 0.576353 -0.158746
v -0.302626 0.614149 -0.036296
v -0.174334 0.722729 0.095486
v 0.000000 0.467828 -0.266059
v 0.287996 0.409985 -0.213840
v 0.142144 0.275092 -0.327013
v -0.142144 0.275092 -0.327013
v -0.287996 0.409984 -0.213840
v 0.000000 0.076009 -0.395182
v 0.238980 0.052839 -0.332279
v 0.108573 -0.114971 -0.411733
v -0.108573 -0.114971 -0.411733
v -0.238980 0.052839 -0.332279
v 0.000000 -0.217339 -0.449653
v 0.171163 -0.242788 -0.399404
v -0.171163 -0.242788 -0.399404
v 0.234653 -0.283142 -0.324261
v -0.234653 -0.283142 -0.324261
v 0.781359 -0.249240 0.198242
v 0.652072 -0.244161 -0.006337
v 0.768825 -0.099752 0.102902
v -0.768825 -0.099752 0.102902
v -0.652072 -0.244161 -0.006337
v -0.781359 -0.249240 0.198242
v 0.000000 0.778266 0.295519
v 0.213596 0.715034 0.486708
v 0.357169 0.681957 0.250543
v -0.357169 0.681957 0.250543
v -0.213596 0.715034 0.486708
v 0.000000 -0.094238 0.916016
v 0.221598 -0.240777 0.830051
v 0.408936 -0.058187 0.863770
v 0.221029 0.085422 0.926297
v -0.221029 0.085422 0.926297
v -0.408936 -0.058187 0.863770
v -0.221598 -0.240777 0.830051
v 0.000000 0.283095 0.917698
v 0.408881 0.256131 0.865099
v 0.221544 0.449897 0.826715
v -0.221544 0.449897 0.826715
v -0.408881 0.256131 0.865099
v 0.000000 0.637858 0.696560
v 0.407308 0.556858 0.633952
v -0.407308 0.556858 0.633952
v 0.644233 -0.404460 0.465468
v 0.754801 -0.364366 0.383274
v 0.694119 -0.298231 0.461317
v -0.694119 -0.298231 0.461317
v -0.754801 -0.364366 0.383274
v -0.644233 -0.404460 0.465468
v 0.628581 -0.204156 0.581950
v 0.757243 -0.181098 0.466200
v 0.709771 -0.085069 0.605387
v -0.709771 -0.085069 0.605387
v -0.757243 -0.181098 0.466200
v -0.628581 -0.204156 0.581950
v 0.635091 0.033393 0.724501
v 0.776801 0.030924 0.563477
v 0.715305 0.155735 0.660617
v -0.715305 0.155735 0.660617
v -0.776801 0.030924 0.563477
v -0.635091 0.033393 0.724501
v 0.635037 0.288981 0.714220
v 0.768467 0.260986 0.551491
v 0.709331 0.377374 0.571782
v -0.709331 0.377374 0.571782
v -0.768467 0.260986 0.551491
v -0.635037 0.288981 0.714220
v 0.760505 0.377108 0.426538
v 0.676744 0.487514 0.304273
v 0.623562 0.494548 0.506673
v -0.623562 0.494548 0.506673
v -0.676744 0.487514 0.304273
v -0.760505 0.377108 0.426538
v 0.512994 0.600044 0.391059
v 0.539361 0.406440 0.717828
v -0.539361 0.406440 0.717828
v -0.512994 0.600043 0.391059
v 0.540690 0.132324 0.816569
v -0.540690 0.132324 0.816569
v 0.540446 -0.136122 0.738010
v -0.540446 -0.136122 0.738010
v 0.411675 -0.317193 0.678684
v 0.545708 -0.351535 0.538249
v -0.545709 -0.351535 0.538249
v -0.411675 -0.317193 0.678684
v 0.433566 -0.489118 0.530826
v -0.433566 -0.489118 0.530826
v -0.000000 -0.395399 0.716542
v 0.235130 -0.473158 0.589742
v -0.235130 -0.473158 0.589742
v 0.282537 -0.575229 0.539374
v -0.282537 -0.575229 0.539374
v 0.108633 -0.575030 0.512475
v -0.108633 -0.575030 0.512475
v 0.000000 -0.590088 0.486417
v 0.789985 -0.205756 0.330349
v -0.789985 -0.205756 0.330349
v 0.817860 -0.041852 0.261058
v 0.813818 -0.028153 0.423303
v -0.813818 -0.028153 0.423303
v -0.817860 -0.041852 0.261058
v 0.828772 0.119958 0.349030
v 0.805806 0.169039 0.457859
v -0.805806 0.169039 0.457859
v -0.828772 0.119958 0.349030
v 0.806308 0.305045 0.352328
v -0.806308 0.305045 0.352328
v 0.307366 -0.129492 -0.276005
v 0.360541 0.224094 -0.226644
v 0.430293 0.034945 -0.190620
v -0.430293 0.034945 -0.190620
v -0.360541 0.224094 -0.226644
v -0.307366 -0.129492 -0.276005
v 0.637655 0.054912 -0.084141
v 0.550699 -0.115755 -0.107208
v 0.530138 0.188287 -0.126753
v -0.530138 0.188287 -0.126753
v -0.550699 -0.115755 -0.107208
v -0.637655 0.054912 -0.084141
v 0.424266 -0.316964 -0.138150
v -0.424266 -0.316964 -0.138150
v 0.312364 -0.445935 -0.171068
v 0.306987 -0.298853 -0.234928
v -0.306987 -0.298853 -0.234928
v -0.312364 -0.445935 -0.171068
v 0.701375 0.432962 0.139193
v 0.574620 0.443816 0.025146
v 0.549279 0.556103 0.181247
v -0.549279 0.556103 0.181247
v -0.574620 0.443816 0.025146
v -0.701375 0.432962 0.139193
v 0.417832 0.600803 0.069567
v -0.417832 0.600803 0.069567
v 0.622559 0.294881 -0.072351
v 0.461334 0.365700 -0.100016
v -0.461334 0.365700 -0.100016
v -0.622559 0.294881 -0.072351
v 0.394028 0.510376 -0.075033
v -0.394028 0.510376 -0.075033
v 1.032634 0.310710 0.437256
v 0.959147 0.298692 0.425971
v 0.912679 0.240560 0.379015
v 0.971517 0.270643 0.384440
v -0.971517 0.270643 0.384440
v -0.912679 0.240560 0.379015
v -0.959147 0.298692 0.425971
v -1.032634 0.310710 0.437256
v 1.125217 0.385579 0.469537
v 1.105143 0.352919 0.420247
v 1.195285 0.393609 0.437880
v -1.195285 0.393609 0.437880
v -1.105143 0.352919 0.420247
v -1.125217 0.385579 0.469537
v 1.278836 0.433024 0.394504
v 1.228923 0.407471 0.357096
v 1.281711 0.416124 0.291748
v -1.281711 0.416124 0.291748
v -1.228923 0.407471 0.357096
v -1.278836 0.433024 0.394504
v 1.300049 0.435710 0.185547
v 1.241184 0.413737 0.182888
v 1.221436 0.403537 0.083523
v -1.221436 0.403537 0.083523
v -1.241184 0.413737 0.182888
v -1.300049 0.435710 0.185547
v 1.152344 0.392931 -0.010498
v 1.123183 0.364176 0.020671
v 1.031630 0.306695 -0.052355
v -1.031630 0.306695 -0.052355
v -1.123183 0.364176 0.020671
v -1.152344 0.392931 -0.010498
v 0.913005 0.258789 -0.103570
v 0.932455 0.234701 -0.055366
v 0.817247 0.172635 -0.092909
v -0.817247 0.172635 -0.092909
v -0.932454 0.234701 -0.055366
v -0.913005 0.258789 -0.103570
v 1.032905 0.325033 -0.007704
v 0.958035 0.289307 -0.015951
v 0.869303 0.208740 -0.039198
v -0.869303 0.208740 -0.039198
v -0.958035 0.289307 -0.015951
v -1.032905 0.325033 -0.007704
v 1.182075 0.412164 0.098389
v 1.114746 0.402317 0.044623
v -1.114746 0.402317 0.044623
v -1.182075 0.412164 0.098389
v 1.231879 0.425184 0.260824
v 1.214762 0.444119 0.172906
v -1.214762 0.444119 0.172906
v -1.231879 0.425184 0.260824
v 1.166043 0.402615 0.374702
v 1.206109 0.440348 0.308702
v -1.206109 0.440348 0.308702
v -1.166043 0.402615 0.374702
v 1.032362 0.329074 0.375298
v 1.100586 0.395861 0.358073
v -1.100586 0.395861 0.358073
v -1.032362 0.329074 0.375298
v 0.936524 0.264431 0.329481
v 0.985650 0.322862 0.331082
v -0.985650 0.322862 0.331082
v -0.936524 0.264431 0.329481
v 0.733787 0.022830 0.016047
v 0.689592 0.140469 -0.070129
v 0.718188 0.118053 -0.012106
v -0.718188 0.118053 -0.012106
v -0.689592 0.140469 -0.070129
v -0.733787 0.022830 0.016047
v 0.706517 0.185872 -0.107399
v 0.775267 0.167971 -0.054265
v -0.775267 0.167971 -0.054265
v -0.706517 0.185872 -0.107399
v 0.786348 0.062690 0.147524
v -0.786348 0.062690 0.147524
v 0.856045 0.247761 0.357476
v 0.843119 0.200343 0.314860
v 0.885444 0.226888 0.322591
v -0.885444 0.226888 0.322591
v -0.843119 0.200343 0.314860
v -0.856045 0.247761 0.357476
v 0.839301 0.239041 -0.022190
v 0.781104 0.214796 -0.017350
v -0.781104 0.214796 -0.017350
v -0.839301 0.239041 -0.022190
v 0.811876 0.264730 0.002414
v 0.780430 0.235542 0.031715
v 0.738369 0.181629 0.007248
v -0.738369 0.181629 0.007248
v -0.780430 0.235542 0.031715
v -0.811876 0.264730 0.002414
v 0.790377 0.274723 0.079754
v 0.766075 0.238019 0.082378
v 0.816527 0.274587 0.051298
v -0.816527 0.274587 0.051298
v -0.766076 0.238019 0.082378
v -0.790377 0.274723 0.079754
v 0.794271 0.269070 0.132107
v 0.812799 0.237874 0.181939
v 0.771546 0.189643 0.129289
v -0.771546 0.189643 0.129289
v -0.812798 0.237874 0.181939
v -0.794271 0.269070 0.132107
v 0.869629 0.242025 0.264621
v 0.830431 0.206435 0.250407
v 0.856391 0.268582 0.212267
v -0.856391 0.268582 0.212267
v -0.830431 0.206434 0.250407
v -0.869629 0.242025 0.264621
v 0.913384 0.277615 0.279324
v -0.913384 0.277615 0.279324
v 0.812340 0.138324 0.232860
v -0.812340 0.138324 0.232860
v 0.740802 0.134472 0.053018
v -0.740803 0.134472 0.053018
v 0.953885 0.323269 0.293620
v 0.892415 0.296875 0.236654
v 0.932916 0.329346 0.253391
v -0.932916 0.329346 0.253391
v -0.892415 0.296875 0.236654
v -0.953885 0.323269 0.293620
v 0.835558 0.295085 0.169189
v 0.875977 0.315565 0.193088
v -0.875977 0.315565 0.193088
v -0.835558 0.295085 0.169189
v 0.786380 0.295009 0.104518
v 0.815189 0.312547 0.128240
v -0.815189 0.312547 0.128240
v -0.786380 0.295009 0.104518
v 0.818263 0.296981 0.072932
v 0.809519 0.312520 0.095322
v -0.809519 0.312520 0.095322
v -0.818263 0.296981 0.072932
v 0.837267 0.295383 0.022569
v 0.848823 0.314182 0.053684
v -0.848823 0.314182 0.053684
v -0.837267 0.295383 0.022569
v 0.829805 0.284293 -0.010515
v 0.845268 0.307812 0.005531
v -0.845268 0.307812 0.005531
v -0.829805 0.284293 -0.010515
v 0.897407 0.273221 -0.014811
v 0.859794 0.292010 -0.006147
v -0.859794 0.292010 -0.006147
v -0.897407 0.273221 -0.014811
v 1.042761 0.385579 0.332420
v 1.004648 0.371338 0.301306
v -1.004648 0.371338 0.301306
v -1.042761 0.385579 0.332420
v 1.164614 0.447239 0.331715
v 1.106825 0.432292 0.327908
v -1.106825 0.432292 0.327908
v -1.164614 0.447239 0.331715
v 1.224826 0.463867 0.238064
v 1.195050 0.462945 0.283538
v -1.195050 0.462945 0.283538
v -1.224826 0.463867 0.238064
v 1.178548 0.450928 0.102431
v 1.200819 0.462864 0.171495
v -1.200819 0.462864 0.171495
v -1.178548 0.450928 0.102431
v 1.041097 0.378065 0.013319
v 1.107341 0.429606 0.064779
v -1.107341 0.429606 0.064779
v -1.041097 0.378065 0.013319
v 0.966309 0.338053 0.010064
v -0.966309 0.338053 0.010064
v 0.857313 0.323676 0.092556
v 0.882406 0.321696 0.040229
v 0.910916 0.333632 0.089355
v -0.910916 0.333632 0.089355
v -0.882406 0.321696 0.040229
v -0.857314 0.323676 0.092556
v 0.922906 0.338840 0.143636
v 0.960802 0.348769 0.085259
v 0.978163 0.358371 0.147352
v -0.978163 0.358371 0.147352
v -0.960802 0.348769 0.085259
v -0.922906 0.338840 0.143636
v 0.983833 0.360080 0.204536
v 1.037245 0.385200 0.145047
v 1.038032 0.379096 0.205160
v -1.038032 0.379096 0.205160
v -1.037245 0.385200 0.145047
v -0.983833 0.360080 0.204536
v 1.047861 0.384060 0.253671
v 1.101570 0.403783 0.202231
v 1.107968 0.406292 0.246240
v -1.107967 0.406292 0.246240
v -1.101570 0.403783 0.202231
v -1.047861 0.384060 0.253671
v 1.065511 0.404378 0.298584
v 0.988227 0.361654 0.257731
v -0.988227 0.361654 0.257731
v -1.065511 0.404378 0.298584
v 0.926568 0.337050 0.201660
v -0.926568 0.337050 0.201660
v 0.865967 0.324680 0.140923
v -0.865967 0.324680 0.140923
v 0.915120 0.318386 0.026964
v -0.915121 0.318387 0.026964
v 1.021756 0.384060 0.069336
v -1.021756 0.384060 0.069336
v 1.121853 0.427327 0.140489
v -1.121853 0.427328 0.140489
v 1.167190 0.439428 0.226116
v -1.167190 0.439428 0.226116
v 1.130507 0.433729 0.296902
v -1.130507 0.433729 0.296902
v 1.038710 0.391032 -0.063856
v 0.799425 0.269694 -0.103868
v 0.919759 0.386312 -0.018256
v -0.919759 0.386312 -0.018256
v -0.799425 0.269694 -0.103868
v -1.038710 0.391032 -0.063856
v 1.261900 0.465314 0.080187
v 1.162914 0.486364 0.063938
v -1.162914 0.486364 0.063938
v -1.261900 0.465314 0.080187
v 1.325935 0.467527 0.295174
v 1.316929 0.502927 0.212057
v -1.316929 0.502927 0.212057
v -1.325935 0.467527 0.295174
v 1.225007 0.465477 0.444173
v 1.299432 0.505653 0.344639
v -1.299432 0.505654 0.344639
v -1.225007 0.465477 0.444173
v 1.035183 0.397163 0.440077
v 1.140345 0.487314 0.378092
v -1.140345 0.487314 0.378092
v -1.035184 0.397163 0.440077
v 0.885824 0.324490 0.377848
v 0.942329 0.405382 0.328966
v -0.942329 0.405382 0.328966
v -0.885824 0.324490 0.377848
v 1.038303 0.467936 0.182780
v 0.839410 0.382840 0.136719
v -0.839410 0.382840 0.136719
v -1.038303 0.467936 0.182780
v 1.249566 0.520861 0.252577
v -1.249566 0.520860 0.252577
v 0.807793 0.377447 0.272250
v -0.807793 0.377447 0.272250
v 0.728244 0.350694 -0.011095
v -0.728244 0.350694 -0.011095
v 0.490041 -0.719489 0.186537
v -0.490041 -0.719489 0.186537
v 0.553073 -0.625482 0.160645
v -0.553074 -0.625482 0.160645
v 0.435225 -0.649906 0.044820
v -0.435225 -0.649906 0.044820
v 0.409326 -0.736657 0.107615
v -0.409326 -0.736657 0.107615
v 0.295831 -0.757728 0.107615
v -0.295831 -0.757728 0.107615
v 0.267985 -0.680183 0.044820
v -0.267985 -0.680183 0.044820
v 0.150211 -0.695879 0.160645
v -0.150211 -0.695879 0.160645
v 0.216831 -0.767734 0.186537
v -0.216831 -0.767734 0.186537
v 0.216831 -0.767734 0.299957
v -0.216831 -0.767734 0.299957
v 0.150211 -0.695879 0.325935
v -0.150211 -0.695879 0.325935
v 0.267985 -0.680183 0.443698
v -0.267985 -0.680183 0.443699
v 0.295831 -0.757728 0.380744
v -0.295831 -0.757728 0.380744
v 0.409326 -0.736657 0.380744
v -0.409326 -0.736657 0.380744
v 0.435225 -0.649906 0.443698
v -0.435225 -0.649906 0.443699
v 0.553073 -0.625482 0.325935
v -0.553073 -0.625481 0.325935
v 0.490041 -0.719489 0.299957
v -0.490041 -0.719489 0.299957
v 0.454486 -0.769157 0.286075
v -0.454486 -0.769157 0.286075
v 0.395371 -0.782428 0.346926
v -0.395371 -0.782428 0.346926
v 0.311598 -0.799389 0.346926
v -0.311598 -0.799389 0.346926
v 0.254199 -0.807248 0.286075
v -0.254199 -0.807248 0.286075
v 0.254199 -0.807248 0.202223
v -0.254199 -0.807248 0.202223
v 0.311598 -0.799389 0.144824
v -0.311598 -0.799389 0.144824
v 0.395371 -0.782428 0.144824
v -0.395371 -0.782428 0.144824
v 0.454486 -0.769157 0.202223
v -0.454486 -0.769157 0.202223
v 0.422494 -0.793859 0.214486
v -0.422494 -0.793859 0.214486
v 0.381936 -0.803802 0.174040
v -0.381936 -0.803802 0.174040
v 0.323853 -0.816225 0.174040
v -0.323853 -0.816225 0.174040
v 0.283407 -0.821614 0.214486
v -0.283407 -0.821615 0.214486
v 0.283407 -0.821615 0.272710
v -0.283407 -0.821615 0.272710
v 0.323853 -0.816225 0.315489
v -0.323853 -0.816225 0.315489
v 0.381936 -0.803802 0.315489
v -0.381936 -0.803803 0.315489
v 0.422494 -0.793859 0.272710
v -0.422494 -0.793859 0.272710
v 0.083466 -0.599620 -0.954895
v -0.083466 -0.599620 -0.954895
v 0.221273 -0.585592 -0.936290
v -0.221273 -0.585592 -0.936290
v 0.292562 -0.587538 -0.885708
v -0.292562 -0.587538 -0.885708
v 0.302226 -0.610938 -0.768521
v -0.302226 -0.610938 -0.768521
v 0.276076 -0.631304 -0.567773
v -0.276076 -0.631304 -0.567773
v 0.295484 -0.642072 -0.115736
v -0.295484 -0.642072 -0.115736
v 0.517541 -0.591207 -0.038876
v -0.517541 -0.591207 -0.038876
v 0.694146 -0.554169 0.094872
v -0.694146 -0.554169 0.094872
v 0.780457 -0.574741 0.285516
v -0.780457 -0.574741 0.285516
v 0.741747 -0.646203 0.421882
v -0.741747 -0.646203 0.421882
v 0.579671 -0.704603 0.510939
v -0.579671 -0.704603 0.510939
v 0.392802 -0.758063 0.629445
v -0.392802 -0.758064 0.629446
v 0.250315 -0.789002 0.672221
v -0.250315 -0.789001 0.672221
v 0.134016 -0.795417 0.561011
v -0.134016 -0.795417 0.561011
v 0.043345 -0.785332 0.429640
v -0.043345 -0.785332 0.429640
v 0.180050 -0.804287 0.481635
v -0.180050 -0.804287 0.481635
v 0.273790 -0.794607 0.548140
v -0.273790 -0.794607 0.548140
v 0.380001 -0.770993 0.523933
v -0.380001 -0.770993 0.523933
v 0.538025 -0.725023 0.444197
v -0.538025 -0.725023 0.444197
v 0.663761 -0.673547 0.365262
v -0.663761 -0.673547 0.365261
v 0.681257 -0.638526 0.263994
v -0.681257 -0.638526 0.263994
v 0.612651 -0.636410 0.127323
v -0.612651 -0.636410 0.127323
v 0.469045 -0.667803 0.023512
v -0.469045 -0.667803 0.023512
v 0.278078 -0.728331 -0.008243
v -0.278078 -0.728331 -0.008243
v 0.126433 -0.756531 0.044161
v -0.126433 -0.756531 0.044161
v 0.099575 -0.798777 0.376184
v -0.099575 -0.798777 0.376184
v 0.064185 -0.777106 0.269098
v -0.064185 -0.777106 0.269098
v 0.073018 -0.751911 0.153129
v -0.073018 -0.751911 0.153129
v 0.055613 -0.662659 -0.911699
v -0.055613 -0.662659 -0.911699
v 0.143155 -0.666501 -0.889113
v -0.143155 -0.666501 -0.889113
v 0.181429 -0.683162 -0.822323
v -0.181429 -0.683162 -0.822323
v 0.163971 -0.717679 -0.568682
v -0.163971 -0.717678 -0.568682
v 0.184159 -0.702409 -0.730225
v -0.184159 -0.702409 -0.730225
v 0.042190 -0.745845 -0.381135
v -0.042190 -0.745845 -0.381135
v 0.049554 -0.741123 -0.563076
v -0.049554 -0.741123 -0.563076
v 0.056704 -0.733286 -0.709154
v -0.056704 -0.733286 -0.709154
v 0.107932 -0.767214 -0.253500
v -0.107932 -0.767214 -0.253500
v 0.114855 -0.768273 -0.184421
v -0.114855 -0.768273 -0.184421
v 0.062276 -0.763376 -0.138042
v -0.062276 -0.763376 -0.138042
v 0.010488 -0.768974 -0.160480
v -0.010488 -0.768974 -0.160480
v 0.043889 -0.762474 -0.302908
v -0.043889 -0.762474 -0.302908
v 0.041939 -0.792963 -0.280865
v -0.041939 -0.792963 -0.280865
v 0.022556 -0.803512 -0.165962
v -0.022556 -0.803512 -0.165962
v 0.071031 -0.796838 -0.144960
v -0.071031 -0.796838 -0.144960
v 0.107679 -0.803347 -0.186123
v -0.107679 -0.803347 -0.186123
v 0.099407 -0.801515 -0.243606
v -0.099407 -0.801515 -0.243606
v 0.061994 -0.818119 -0.183869
v -0.061994 -0.818119 -0.183869
v 0.045519 -0.815105 -0.241289
v -0.045519 -0.815105 -0.241289
v 0.057840 -0.755838 -0.086147
v -0.057840 -0.755838 -0.086147
v 0.128620 -0.750233 -0.179667
v -0.128620 -0.750233 -0.179667
v 0.139633 -0.727148 -0.268207
v -0.139633 -0.727148 -0.268207
v 0.139840 -0.725219 -0.376985
v -0.139840 -0.725219 -0.376985
v 0.237081 -0.634213 -0.379429
v -0.237081 -0.634213 -0.379428
v 0.207096 -0.632599 -0.278907
v -0.207096 -0.632599 -0.278907
v 0.185647 -0.657297 -0.194688
v -0.185647 -0.657297 -0.194688
v 0.049291 -0.726772 -0.750197
v -0.049291 -0.726772 -0.750197
v 0.103148 -0.717433 -0.782484
v -0.103148 -0.717433 -0.782484
v 0.081109 -0.698744 -0.850769
v -0.081109 -0.698744 -0.850769
v 0.028283 -0.687642 -0.878513
v -0.028283 -0.687642 -0.878513
v 0.024038 -0.661125 -0.860708
v -0.024038 -0.661125 -0.860708
v 0.069962 -0.669020 -0.835803
v -0.069962 -0.669020 -0.835803
v 0.090552 -0.685093 -0.783635
v -0.090552 -0.685093 -0.783635
v 0.044627 -0.690842 -0.764052
v -0.044627 -0.690842 -0.764052
v 0.034058 -0.648895 -0.810489
v -0.034058 -0.648895 -0.810489
v 0.075754 -0.649704 -0.805564
v -0.075754 -0.649704 -0.805564
v 0.162228 -0.765038 0.181695
v -0.162228 -0.765038 0.181695
v 0.151299 -0.771481 0.258894
v -0.151299 -0.771481 0.258894
v 0.169922 -0.775872 0.347449
v -0.169922 -0.775872 0.347449
v 0.196018 -0.761037 0.122494
v -0.196018 -0.761037 0.122494
v 0.295980 -0.741570 0.069970
v -0.295980 -0.741570 0.069970
v 0.430122 -0.708052 0.063751
v -0.430122 -0.708052 0.063751
v 0.542769 -0.679145 0.138343
v -0.542769 -0.679145 0.138343
v 0.605804 -0.666280 0.242401
v -0.605804 -0.666280 0.242401
v 0.595435 -0.675520 0.328142
v -0.595435 -0.675520 0.328142
v 0.503174 -0.713776 0.391232
v -0.503174 -0.713776 0.391232
v 0.380547 -0.748450 0.436727
v -0.380547 -0.748450 0.436727
v 0.296719 -0.759735 0.450124
v -0.296719 -0.759735 0.450124
v 0.224508 -0.772454 0.419461
v -0.224508 -0.772454 0.419461
v 0.250078 -0.768633 0.387851
v -0.250078 -0.768633 0.387851
v 0.306966 -0.761366 0.413171
v -0.306966 -0.761366 0.413171
v 0.378337 -0.755548 0.405589
v -0.378337 -0.755547 0.405589
v 0.481286 -0.723002 0.368808
v -0.481286 -0.723002 0.368808
v 0.556064 -0.683994 0.313897
v -0.556064 -0.683994 0.313897
v 0.564358 -0.677646 0.243479
v -0.564358 -0.677646 0.243479
v 0.514001 -0.692868 0.157060
v -0.514001 -0.692868 0.157060
v 0.420902 -0.721442 0.094181
v -0.420902 -0.721442 0.094181
v 0.305745 -0.750085 0.097168
v -0.305745 -0.750085 0.097168
v 0.217367 -0.763835 0.140940
v -0.217367 -0.763835 0.140940
v 0.205499 -0.768714 0.331702
v -0.205499 -0.768714 0.331702
v 0.185964 -0.766527 0.260098
v -0.185964 -0.766527 0.260098
v 0.190094 -0.762858 0.193932
v -0.190094 -0.762858 0.193932
v 0.043606 -0.677093 0.453352
v -0.043606 -0.677093 0.453352
v 0.137575 -0.684231 0.582376
v -0.137575 -0.684231 0.582376
v 0.254262 -0.677066 0.694391
v -0.254262 -0.677066 0.694391
v 0.404027 -0.644554 0.644248
v -0.404027 -0.644554 0.644248
v 0.588823 -0.588971 0.523528
v -0.588823 -0.588971 0.523528
v 0.754218 -0.540036 0.438955
v -0.754218 -0.540036 0.438955
v 0.805776 -0.468363 0.285197
v -0.805776 -0.468363 0.285197
v 0.706635 -0.441973 0.073476
v -0.706635 -0.441973 0.073476
v 0.526385 -0.483498 -0.065442
v -0.526385 -0.483498 -0.065442
v 0.075328 -0.305132 -0.504039
v -0.075328 -0.305132 -0.504039
v 0.067244 -0.349264 -0.667792
v -0.067244 -0.349264 -0.667792
v 0.076236 -0.404232 -0.865092
v -0.076236 -0.404233 -0.865092
v 0.085181 -0.506168 -0.963125
v -0.085181 -0.506168 -0.963125
v 0.244266 -0.480406 -0.936729
v -0.244266 -0.480406 -0.936729
v 0.319113 -0.463197 -0.860920
v -0.319113 -0.463197 -0.860920
v 0.308946 -0.471083 -0.697937
v -0.308946 -0.471083 -0.697937
v 0.201257 -0.377797 -0.632792
v -0.201257 -0.377797 -0.632792
v 0.227200 -0.401816 -0.830694
v -0.227200 -0.401816 -0.830694
v 0.196649 -0.356177 -0.458635
v -0.196649 -0.356177 -0.458635
v 0.282979 -0.484751 -0.499498
v -0.282979 -0.484751 -0.499498
v 0.233118 -0.502304 -0.266116
v -0.233118 -0.502304 -0.266116
v 0.253903 -0.488991 -0.350128
v -0.253903 -0.488991 -0.350127
v 0.219944 -0.524375 -0.206557
v -0.219944 -0.524375 -0.206557
v 0.322432 -0.517925 -0.147040
v -0.322432 -0.517925 -0.147040
v 0.165880 0.666301 -0.047906
v -0.165880 0.666301 -0.047906
v 0.155384 0.447129 -0.252370
v -0.155384 0.447129 -0.252370
v 0.125203 0.068659 -0.378636
v -0.125203 0.068659 -0.378636
v 0.095147 -0.217911 -0.434554
v -0.095147 -0.217911 -0.434554
v 0.210631 -0.315757 -0.362224
v -0.210631 -0.315757 -0.362224
v 0.735134 -0.232339 0.090335
v -0.735134 -0.232339 0.090335
v 0.194060 0.746737 0.281515
v -0.194060 0.746737 0.281514
v 0.221100 -0.086985 0.903198
v -0.221100 -0.086985 0.903198
v 0.221093 0.269185 0.905528
v -0.221093 0.269185 0.905528
v 0.221324 0.608568 0.679193
v -0.221324 0.608568 0.679192
v 0.707960 -0.389194 0.431959
v -0.707960 -0.389194 0.431959
v 0.698558 -0.196350 0.530250
v -0.698558 -0.196350 0.530250
v 0.714939 0.033369 0.650316
v -0.714939 0.033369 0.650316
v 0.713998 0.275835 0.637622
v -0.713998 0.275835 0.637622
v 0.701191 0.447765 0.452734
v -0.701191 0.447765 0.452734
v 0.534071 0.523393 0.571838
v -0.534071 0.523393 0.571838
v 0.540524 0.272485 0.795315
v -0.540524 0.272485 0.795315
v 0.540660 -0.006395 0.799425
v -0.540660 -0.006395 0.799425
v 0.540738 -0.250960 0.633409
v -0.540738 -0.250960 0.633409
v 0.558380 -0.440154 0.501942
v -0.558380 -0.440154 0.501942
v 0.223789 -0.371260 0.707947
v -0.223789 -0.371260 0.707947
v 0.279076 -0.600035 0.594031
v -0.279076 -0.600035 0.594031
v 0.264055 -0.535880 0.533733
v -0.264055 -0.535880 0.533733
v 0.043831 -0.594812 0.482234
v -0.043831 -0.594812 0.482234
v 0.783878 -0.305827 0.301693
v -0.783878 -0.305827 0.301693
v 0.803067 -0.115901 0.376510
v -0.803067 -0.115901 0.376510
v 0.813537 0.065614 0.453482
v -0.813537 0.065614 0.453482
v 0.792182 0.278844 0.441368
v -0.792182 0.278844 0.441368
v 0.335332 0.042816 -0.263090
v -0.335332 0.042816 -0.263090
v 0.539466 0.039594 -0.131719
v -0.539466 0.039594 -0.131719
v 0.542417 -0.273223 -0.078372
v -0.542417 -0.273223 -0.078372
v 0.320816 -0.377783 -0.194374
v -0.320816 -0.377783 -0.194374
v 0.280628 -0.242705 -0.279938
v -0.280628 -0.242705 -0.279938
v 0.286245 -0.477754 -0.166731
v -0.286245 -0.477755 -0.166731
v 0.627542 0.492076 0.156363
v -0.627542 0.492076 0.156363
v 0.468543 0.618937 0.215902
v -0.468543 0.618937 0.215902
v 0.541211 0.331983 -0.073111
v -0.541211 0.331983 -0.073111
v 0.383582 0.385386 -0.156565
v -0.383582 0.385386 -0.156565
v 0.380666 0.579610 -0.019135
v -0.380666 0.579610 -0.019135
v 0.965332 0.270264 0.411116
v -0.965332 0.270264 0.411116
v 1.114977 0.356411 0.451860
v -1.114977 0.356411 0.451860
v 1.254327 0.411092 0.381304
v -1.254327 0.411092 0.381304
v 1.270840 0.416484 0.185703
v -1.270840 0.416484 0.185703
v 1.137224 0.367038 0.002981
v -1.137224 0.367038 0.002981
v 0.920197 0.230876 -0.083160
v -0.920197 0.230876 -0.083160
v 0.946455 0.258128 -0.031742
v -0.946455 0.258128 -0.031742
v 1.115618 0.378893 0.035506
v -1.115618 0.378893 0.035506
v 1.221788 0.424981 0.178141
v -1.221788 0.424981 0.178141
v 1.212216 0.419515 0.330539
v -1.212216 0.419515 0.330539
v 1.100179 0.369537 0.386047
v -1.100179 0.369537 0.386047
v 0.978533 0.292145 0.355309
v -0.978533 0.292145 0.355309
v 0.693917 0.083945 -0.044363
v -0.693917 0.083945 -0.044363
v 0.736002 0.155783 -0.086328
v -0.736002 0.155783 -0.086328
v 0.786423 -0.006842 0.128939
v -0.786423 -0.006842 0.128939
v 0.871194 0.221652 0.344740
v -0.871194 0.221652 0.344740
v 0.812723 0.201427 -0.033223
v -0.812724 0.201427 -0.033223
v 0.775182 0.225624 0.004718
v -0.775182 0.225624 0.004718
v 0.786391 0.253464 0.059641
v -0.786391 0.253464 0.059641
v 0.780888 0.235181 0.128708
v -0.780888 0.235181 0.128708
v 0.842017 0.239614 0.226902
v -0.842017 0.239614 0.226902
v 0.900696 0.248793 0.298872
v -0.900696 0.248793 0.298872
v 0.829524 0.167210 0.285890
v -0.829525 0.167210 0.285890
v 0.776391 0.129827 0.140687
v -0.776391 0.129827 0.140687
v 0.726315 0.144003 0.010103
v -0.726315 0.144003 0.010103
v 0.921217 0.305545 0.266846
v -0.921217 0.305545 0.266846
v 0.865167 0.294576 0.204173
v -0.865167 0.294576 0.204173
v 0.803637 0.295256 0.133104
v -0.803637 0.295256 0.133104
v 0.796292 0.296048 0.087965
v -0.796292 0.296048 0.087965
v 0.833621 0.296281 0.049341
v -0.833621 0.296281 0.049341
v 0.830491 0.293275 0.002020
v -0.830491 0.293275 0.002020
v 0.851281 0.269400 -0.015924
v -0.851281 0.269400 -0.015924
v 0.992867 0.351240 0.315682
v -0.992867 0.351240 0.315682
v 1.104784 0.420414 0.341302
v -1.104784 0.420414 0.341302
v 1.206761 0.460324 0.295466
v -1.206761 0.460324 0.295466
v 1.215461 0.462250 0.169271
v -1.215461 0.462250 0.169271
v 1.116811 0.423876 0.049503
v -1.116811 0.423876 0.049503
v 0.964054 0.317739 -0.006595
v -0.964054 0.317739 -0.006595
v 0.876095 0.324995 0.067440
v -0.876095 0.324995 0.067440
v 0.945608 0.345351 0.116869
v -0.945608 0.345350 0.116869
v 1.008433 0.369771 0.177975
v -1.008433 0.369771 0.177975
v 1.069495 0.388269 0.226727
v -1.069495 0.388269 0.226727
v 1.024601 0.380605 0.279867
v -1.024601 0.380605 0.279867
v 0.956207 0.347409 0.231191
v -0.956207 0.347409 0.231191
v 0.897040 0.329664 0.171058
v -0.897041 0.329664 0.171058
v 0.834039 0.320677 0.113681
v -0.834039 0.320677 0.113681
v 0.872938 0.310290 0.013695
v -0.872938 0.310290 0.013695
v 0.966475 0.347510 0.044935
v -0.966475 0.347510 0.044935
v 1.075691 0.411055 0.101729
v -1.075691 0.411055 0.101729
v 1.154072 0.435866 0.183041
v -1.154072 0.435866 0.183041
v 1.156218 0.437955 0.265839
v -1.156218 0.437955 0.265839
v 1.102712 0.426885 0.311813
v -1.102712 0.426885 0.311813
v 0.913177 0.321604 -0.096832
v -0.913178 0.321604 -0.096832
v 1.162332 0.440722 -0.004612
v -1.162332 0.440722 -0.004612
v 1.317280 0.469587 0.186125
v -1.317280 0.469587 0.186125
v 1.293320 0.470767 0.387019
v -1.293320 0.470767 0.387019
v 1.132316 0.438396 0.456662
v -1.132316 0.438396 0.456662
v 0.951796 0.354672 0.412666
v -0.951796 0.354672 0.412666
v 0.930637 0.417382 0.154439
v -0.930637 0.417382 0.154439
v 1.152805 0.504459 0.218970
v -1.152805 0.504459 0.218970
v 1.300265 0.518747 0.271792
v -1.300265 0.518747 0.271792
v 0.837139 0.314129 0.343399
v -0.837139 0.314129 0.343399
v 0.767063 0.391162 0.131054
v -0.767063 0.391162 0.131054
v 0.705187 0.267168 -0.089275
v -0.705187 0.267168 -0.089275
vn 0.6150 -0.6130 -0.4960
vn -0.6150 -0.6130 -0.4960
vn 0.6236 -0.5916 -0.5109
vn -0.6236 -0.5916 -0.5109
vn 0.6756 -0.4646 -0.5725
vn -0.6756 -0.4646 -0.5725
vn 0.0990 -0.4548 -0.8851
vn -0.0990 -0.4548 -0.8851
vn 0.1101 -0.6314 -0.7676
vn -0.1101 -0.6314 -0.7676
vn 0.1222 -0.6465 -0.7531
vn -0.1222 -0.6465 -0.7531
vn -0.4670 -0.6861 -0.5578
vn 0.4670 -0.6861 -0.5578
vn -0.4700 -0.6827 -0.5594
vn 0.4700 -0.6827 -0.5594
vn -0.5594 -0.5123 -0.6516
vn 0.5594 -0.5123 -0.6516
vn -0.8296 -0.5583 -0.0007
vn 0.8296 -0.5583 -0.0007
vn -0.7065 -0.7077 -0.0014
vn 0.7065 -0.7077 -0.0014
vn -0.7244 -0.6894 -0.0012
vn 0.7244 -0.6894 -0.0012
vn -0.4918 -0.6676 0.5589
vn 0.4918 -0.6676 0.5589
vn -0.4742 -0.6842 0.5541
vn 0.4742 -0.6842 0.5541
vn -0.5475 -0.5432 0.6366
vn 0.5475 -0.5432 0.6366
vn 0.1064 -0.5023 0.8581
vn -0.1064 -0.5023 0.8581
vn 0.1110 -0.6342 0.7651
vn -0.1110 -0.6342 0.7651
vn 0.1159 -0.6136 0.7811
vn -0.1159 -0.6136 0.7811
vn 0.6316 -0.5945 0.4976
vn -0.6316 -0.5945 0.4976
vn 0.6268 -0.5936 0.5048
vn -0.6268 -0.5936 0.5048
vn 0.6716 -0.4876 0.5579
vn -0.6716 -0.4876 0.5579
vn 0.8802 -0.4745 -0.0002
vn -0.8802 -0.4745 -0.0002
vn 0.8138 -0.5811 -0.0009
vn -0.8138 -0.5811 -0.0009
vn 0.8012 -0.5984 -0.0012
vn -0.8012 -0.5984 -0.0012
vn 0.6192 -0.7853 -0.0014
vn -0.6192 -0.7853 -0.0014
vn 0.5112 -0.7973 0.3211
vn -0.5112 -0.7973 0.3211
vn 0.1619 -0.8301 0.5335
vn -0.1619 -0.8301 0.5335
vn -0.2857 -0.8848 0.3682
vn 0.2857 -0.8848 0.3682
vn -0.4716 -0.8818 -0.0018
vn 0.4716 -0.8818 -0.0018
vn -0.2839 -0.8767 -0.3883
vn 0.2839 -0.8767 -0.3883
vn 0.1935 -0.9811 -0.0015
vn -0.1935 -0.9811 -0.0015
vn 0.1589 -0.8165 -0.5551
vn -0.1589 -0.8165 -0.5551
vn 0.5086 -0.7912 -0.3396
vn -0.5086 -0.7912 -0.3396
vn -0.0000 -0.2680 0.9634
vn -0.0000 -0.9981 -0.0611
vn -0.0000 -0.9987 -0.0507
vn -0.0000 -0.5972 -0.8021
vn -0.0000 -0.2570 0.9664
vn -0.0000 -0.3580 -0.9337
vn -0.0000 -0.4272 0.9042
vn -0.0000 -0.7494 0.6621
vn -0.0000 0.5370 0.8436
vn -0.0000 0.9432 0.3321
vn -0.0000 0.9694 -0.2455
vn -0.0000 0.3195 -0.9476
vn 0.6022 -0.2819 -0.7469
vn -0.6022 -0.2819 -0.7469
vn 0.9677 -0.1415 0.2088
vn -0.9677 -0.1415 0.2088
vn 0.9866 -0.1136 0.1167
vn -0.9866 -0.1136 0.1167
vn 0.9890 -0.1301 -0.0705
vn -0.9890 -0.1301 -0.0705
vn 0.6040 -0.0994 -0.7908
vn -0.6040 -0.0994 -0.7908
vn 0.1542 -0.0774 -0.9850
vn -0.1542 -0.0774 -0.9850
vn -0.0000 -0.1248 -0.9922
vn 0.3756 -0.2545 -0.8912
vn -0.3756 -0.2545 -0.8912
vn 0.6183 -0.2119 -0.7568
vn -0.6183 -0.2119 -0.7568
vn 0.8871 -0.1735 -0.4277
vn -0.8871 -0.1735 -0.4277
vn 0.9414 -0.2192 0.2565
vn -0.9414 -0.2192 0.2565
vn 0.5098 -0.1811 0.8410
vn -0.5098 -0.1811 0.8410
vn 0.5748 -0.1395 0.8064
vn -0.5748 -0.1395 0.8064
vn 0.2973 -0.1821 0.9373
vn -0.2973 -0.1821 0.9373
vn -0.6584 -0.1582 0.7358
vn 0.6584 -0.1582 0.7358
vn -0.8210 -0.1134 0.5596
vn 0.8210 -0.1134 0.5596
vn 0.2957 -0.9316 -0.2111
vn -0.2957 -0.9317 -0.2111
vn 0.1354 -0.9763 -0.1690
vn -0.1354 -0.9763 -0.1690
vn 0.1113 -0.9860 -0.1241
vn -0.1113 -0.9860 -0.1241
vn 0.2759 -0.8786 -0.3897
vn -0.2759 -0.8786 -0.3897
vn 0.4421 -0.8164 -0.3714
vn -0.4421 -0.8164 -0.3714
vn 0.4519 -0.8692 -0.2007
vn -0.4519 -0.8692 -0.2007
vn 0.2820 -0.9471 -0.1530
vn -0.2820 -0.9471 -0.1530
vn 0.1388 -0.9362 -0.3229
vn -0.1388 -0.9362 -0.3229
vn 0.1779 -0.9643 -0.1963
vn -0.1779 -0.9643 -0.1963
vn 0.2741 -0.9287 -0.2497
vn -0.2741 -0.9287 -0.2497
vn -0.0000 -0.9739 -0.2269
vn 0.2109 -0.9684 -0.1330
vn -0.2109 -0.9684 -0.1330
vn 0.2286 -0.9141 -0.3348
vn -0.2286 -0.9141 -0.3348
vn 0.0823 -0.8480 -0.5236
vn -0.0823 -0.8480 -0.5236
vn -0.0000 -0.8389 -0.5443
vn -0.0000 -0.6194 0.7851
vn -0.0000 -0.9608 0.2772
vn 0.2676 -0.9176 0.2940
vn -0.2676 -0.9176 0.2940
vn 0.8364 -0.5323 -0.1303
vn -0.8364 -0.5323 -0.1303
vn 0.3449 -0.9007 -0.2643
vn -0.3449 -0.9007 -0.2643
vn 0.3855 -0.7217 -0.5749
vn -0.3855 -0.7217 -0.5749
vn 0.5008 -0.7337 -0.4592
vn -0.5008 -0.7337 -0.4592
vn 0.6016 -0.7306 -0.3230
vn -0.6016 -0.7306 -0.3230
vn 0.5000 -0.8259 -0.2606
vn -0.5000 -0.8259 -0.2606
vn 0.3771 -0.9262 0.0017
vn -0.3771 -0.9262 0.0017
vn 0.3217 -0.9437 0.0769
vn -0.3217 -0.9437 0.0769
vn 0.2534 -0.9594 0.1238
vn -0.2534 -0.9594 0.1238
vn -0.0478 -0.9943 0.0957
vn 0.0478 -0.9943 0.0957
vn -0.1599 -0.9858 0.0512
vn 0.1599 -0.9858 0.0512
vn 0.3145 -0.9327 -0.1765
vn -0.3145 -0.9327 -0.1765
vn 0.6302 -0.7716 0.0869
vn -0.6302 -0.7716 0.0869
vn 0.6022 -0.7983 -0.0079
vn -0.6022 -0.7983 -0.0079
vn 0.5589 -0.8007 -0.2156
vn -0.5589 -0.8007 -0.2156
vn 0.3949 -0.7344 -0.5520
vn -0.3949 -0.7344 -0.5520
vn 0.1638 -0.6104 -0.7750
vn -0.1638 -0.6104 -0.7750
vn -0.0000 -0.5904 -0.8071
vn -0.0000 -0.9995 0.0318
vn -0.0000 -0.9740 -0.2264
vn 0.1327 -0.9536 -0.2702
vn -0.1327 -0.9536 -0.2702
vn -0.1116 -0.9888 -0.0992
vn 0.1116 -0.9888 -0.0992
vn -0.0587 -0.9890 -0.1357
vn 0.0587 -0.9890 -0.1357
vn 0.2031 -0.9780 -0.0477
vn -0.2031 -0.9780 -0.0477
vn 0.1936 -0.9810 -0.0116
vn -0.1936 -0.9810 -0.0116
vn -0.0000 -0.9997 -0.0238
vn -0.0000 -0.9670 -0.2548
vn 0.4942 -0.4782 -0.7260
vn -0.4942 -0.4782 -0.7260
vn 0.9548 -0.2627 -0.1394
vn -0.9548 -0.2627 -0.1394
vn 0.6790 -0.1258 0.7232
vn -0.6790 -0.1258 0.7232
vn -0.3079 -0.3022 0.9021
vn 0.3079 -0.3022 0.9021
vn -0.0000 -0.9900 0.1414
vn -0.1215 -0.8323 0.5408
vn 0.1215 -0.8323 0.5408
vn 0.3336 -0.8413 0.4254
vn -0.3336 -0.8413 0.4254
vn 0.2956 -0.9475 -0.1217
vn -0.2956 -0.9475 -0.1217
vn 0.2222 -0.8065 -0.5479
vn -0.2222 -0.8065 -0.5479
vn -0.0000 -0.8867 -0.4623
vn 0.9351 -0.1703 0.3108
vn -0.9351 -0.1703 0.3108
vn 0.8401 -0.5420 -0.0198
vn -0.8401 -0.5420 -0.0198
vn 0.7310 -0.6711 0.1234
vn -0.7310 -0.6711 0.1234
vn 0.9512 -0.2292 0.2068
vn -0.9512 -0.2292 0.2068
vn -0.0000 -0.6125 0.7905
vn -0.4619 -0.6012 0.6521
vn 0.4619 -0.6012 0.6521
vn -0.8482 -0.5080 0.1501
vn 0.8482 -0.5080 0.1501
vn -0.3784 -0.4668 -0.7993
vn 0.3784 -0.4668 -0.7993
vn -0.0000 -0.7333 -0.6800
vn -0.2418 -0.6536 -0.7172
vn 0.2418 -0.6536 -0.7172
vn -0.8919 -0.3765 0.2505
vn 0.8919 -0.3765 0.2505
vn -0.2925 -0.8781 0.3787
vn 0.2925 -0.8781 0.3787
vn -0.0000 -0.9471 0.3210
vn 0.1624 -0.9854 -0.0503
vn -0.1624 -0.9854 -0.0503
vn 0.0299 -0.9995 -0.0106
vn -0.0299 -0.9995 -0.0106
vn 0.1172 -0.9871 0.1086
vn -0.1172 -0.9871 0.1086
vn 0.1377 -0.9895 0.0444
vn -0.1377 -0.9895 0.0444
vn 0.3150 -0.9418 0.1178
vn -0.3150 -0.9418 0.1178
vn 0.3095 -0.9402 -0.1419
vn -0.3095 -0.9402 -0.1419
vn 0.2352 -0.9693 -0.0719
vn -0.2352 -0.9693 -0.0719
vn 0.3017 -0.9522 -0.0478
vn -0.3017 -0.9522 -0.0478
vn 0.3727 -0.9110 -0.1764
vn -0.3727 -0.9110 -0.1764
vn 0.2164 -0.9311 -0.2937
vn -0.2164 -0.9311 -0.2937
vn 0.0426 -0.9765 -0.2114
vn -0.0426 -0.9765 -0.2114
vn 0.1866 -0.9795 -0.0760
vn -0.1866 -0.9795 -0.0760
vn 0.1595 -0.9838 -0.0822
vn -0.1595 -0.9838 -0.0822
vn 0.4360 -0.7918 -0.4278
vn -0.4360 -0.7918 -0.4278
vn 0.7221 -0.6504 -0.2355
vn -0.7221 -0.6504 -0.2355
vn 0.3836 -0.7418 0.5501
vn -0.3836 -0.7418 0.5501
vn 0.2008 -0.8123 0.5475
vn -0.2008 -0.8123 0.5475
vn -0.0843 -0.8591 0.5048
vn 0.0843 -0.8591 0.5048
vn -0.1689 -0.9472 0.2724
vn 0.1689 -0.9472 0.2724
vn -0.3282 -0.9368 -0.1209
vn 0.3282 -0.9368 -0.1209
vn -0.0949 -0.7572 -0.6462
vn 0.0949 -0.7572 -0.6462
vn -0.0602 -0.6267 -0.7769
vn 0.0602 -0.6267 -0.7769
vn 0.2409 -0.9255 -0.2923
vn -0.2409 -0.9255 -0.2923
vn 0.0589 -0.9132 -0.4033
vn -0.0589 -0.9132 -0.4033
vn 0.6402 -0.6941 0.3292
vn -0.6402 -0.6941 0.3292
vn 0.7735 -0.6337 0.0093
vn -0.7735 -0.6337 0.0093
vn -0.4460 0.1613 0.8804
vn 0.4460 0.1613 0.8804
vn -0.4889 0.7186 0.4945
vn 0.4889 0.7186 0.4945
vn 0.0485 0.7430 0.6675
vn -0.0485 0.7430 0.6675
vn 0.1387 0.5033 0.8529
vn -0.1387 0.5033 0.8529
vn 0.3881 0.1674 0.9063
vn -0.3881 0.1674 0.9063
vn 0.8418 0.2481 0.4794
vn -0.8418 0.2481 0.4794
vn 0.9458 0.0207 -0.3240
vn -0.9458 0.0207 -0.3240
vn 0.6292 -0.0729 -0.7738
vn -0.6292 -0.0729 -0.7738
vn 0.4389 -0.1337 -0.8885
vn -0.4389 -0.1337 -0.8885
vn -0.0000 -0.5541 0.8324
vn -0.0000 -0.0088 1.0000
vn -0.0000 0.6937 -0.7203
vn -0.0000 0.1857 -0.9826
vn -0.0000 0.6395 -0.7688
vn -0.0000 0.9564 -0.2920
vn -0.0000 0.9665 -0.2567
vn -0.0000 0.6196 -0.7849
vn 0.9810 -0.1298 -0.1439
vn -0.9810 -0.1298 -0.1439
vn 0.9944 -0.0492 -0.0940
vn -0.9944 -0.0492 -0.0940
vn 0.6900 0.7198 0.0763
vn -0.6900 0.7198 0.0763
vn 0.4129 0.8826 0.2246
vn -0.4129 0.8826 0.2246
vn 0.6923 -0.1595 -0.7038
vn -0.6923 -0.1595 -0.7038
vn 0.2211 0.0034 -0.9752
vn -0.2211 0.0034 -0.9752
vn 0.3224 0.7330 -0.5990
vn -0.3224 0.7330 -0.5990
vn 0.4040 0.8658 -0.2952
vn -0.4040 0.8658 -0.2952
vn 0.9169 0.3966 0.0450
vn -0.9169 0.3966 0.0450
vn 0.6316 0.4646 -0.6206
vn -0.6316 0.4646 -0.6206
vn 0.6158 0.7870 0.0369
vn -0.6158 0.7870 0.0369
vn 0.7425 0.6658 0.0731
vn -0.7425 0.6658 0.0731
vn 0.4375 0.7645 -0.4734
vn -0.4375 0.7645 -0.4734
vn 0.1484 0.9721 -0.1819
vn -0.1484 0.9721 -0.1819
vn 0.3348 0.9114 -0.2393
vn -0.3348 0.9114 -0.2393
vn 0.0550 0.7255 -0.6860
vn -0.0550 0.7255 -0.6860
vn 0.9089 -0.0878 -0.4076
vn -0.9089 -0.0878 -0.4076
vn 0.7865 -0.5245 -0.3261
vn -0.7865 -0.5245 -0.3261
vn 0.5182 -0.1979 -0.8320
vn -0.5182 -0.1979 -0.8320
vn 0.6039 0.0180 -0.7969
vn -0.6039 0.0180 -0.7969
vn 0.4599 0.2200 -0.8603
vn -0.4599 0.2200 -0.8603
vn 0.4320 0.5724 -0.6970
vn -0.4320 0.5724 -0.6970
vn 0.3297 0.5555 0.7634
vn -0.3297 0.5555 0.7634
vn 0.3392 -0.0118 0.9406
vn -0.3392 -0.0118 0.9406
vn 0.3962 -0.5244 0.7536
vn -0.3962 -0.5244 0.7536
vn 0.3358 -0.5588 0.7582
vn -0.3358 -0.5588 0.7582
vn 0.8518 -0.2208 0.4751
vn -0.8518 -0.2208 0.4751
vn 0.5422 -0.3857 0.7465
vn -0.5422 -0.3857 0.7465
vn 0.6381 -0.4013 0.6571
vn -0.6381 -0.4013 0.6571
vn 0.8515 -0.2875 0.4385
vn -0.8515 -0.2875 0.4385
vn 0.8998 0.0482 0.4336
vn -0.8998 0.0482 0.4336
vn 0.6650 0.0368 0.7459
vn -0.6650 0.0368 0.7459
vn 0.5924 0.5775 0.5617
vn -0.5924 0.5775 0.5617
vn 0.8570 0.4012 0.3233
vn -0.8570 0.4012 0.3233
vn 0.5783 0.8156 0.0209
vn -0.5783 0.8156 0.0209
vn 0.5768 0.6124 -0.5406
vn -0.5768 0.6124 -0.5406
vn 0.8540 -0.1230 0.5055
vn -0.8540 -0.1230 0.5055
vn 0.5848 -0.1427 -0.7986
vn -0.5848 -0.1427 -0.7986
vn 0.5278 0.1734 -0.8315
vn -0.5278 0.1734 -0.8315
vn -0.4540 -0.2435 0.8571
vn 0.4540 -0.2435 0.8571
vn 0.0639 -0.2248 -0.9723
vn -0.0639 -0.2248 -0.9723
vn 0.4437 -0.2043 -0.8726
vn -0.4437 -0.2043 -0.8726
vn 0.7249 -0.4942 -0.4798
vn -0.7249 -0.4942 -0.4798
vn 0.7744 -0.6251 0.0977
vn -0.7744 -0.6251 0.0977
vn 0.4470 -0.2672 0.8537
vn -0.4470 -0.2672 0.8537
vn -0.1646 -0.1500 0.9749
vn 0.1646 -0.1500 0.9749
vn 0.5509 -0.8133 -0.1872
vn -0.5509 -0.8133 -0.1872
vn 0.2850 -0.9329 -0.2204
vn -0.2850 -0.9329 -0.2204
vn -0.1420 -0.9877 -0.0651
vn 0.1420 -0.9877 -0.0651
vn -0.0751 -0.9374 0.3401
vn 0.0751 -0.9374 0.3401
vn 0.4516 -0.8327 0.3205
vn -0.4516 -0.8327 0.3205
vn 0.3667 -0.8954 0.2524
vn -0.3667 -0.8954 0.2524
vn 0.5109 -0.8539 -0.0991
vn -0.5109 -0.8539 -0.0991
vn 0.6866 -0.5114 -0.5167
vn -0.6866 -0.5114 -0.5167
vn 0.1313 -0.4039 0.9053
vn -0.1313 -0.4039 0.9053
vn -0.1160 -0.3434 0.9320
vn 0.1160 -0.3434 0.9320
vn -0.7565 -0.1254 0.6419
vn 0.7565 -0.1254 0.6419
vn -0.9738 -0.2125 -0.0815
vn 0.9738 -0.2125 -0.0815
vn -0.0800 -0.6873 -0.7220
vn 0.0800 -0.6873 -0.7220
vn 0.5237 -0.5701 -0.6330
vn -0.5237 -0.5701 -0.6330
vn 0.7125 -0.6495 -0.2654
vn -0.7125 -0.6495 -0.2654
vn 0.7175 -0.3956 -0.5733
vn -0.7175 -0.3956 -0.5733
vn 0.9339 -0.3576 -0.0022
vn -0.9339 -0.3576 -0.0022
vn 0.6117 -0.5374 0.5805
vn -0.6117 -0.5374 0.5805
vn 0.7434 -0.6672 0.0461
vn -0.7434 -0.6672 0.0461
vn 0.4679 -0.4444 0.7639
vn -0.4679 -0.4444 0.7639
vn 0.9239 0.0669 -0.3768
vn -0.9239 0.0669 -0.3768
vn 0.7034 -0.7041 0.0977
vn -0.7034 -0.7041 0.0977
vn 0.9394 -0.3221 -0.1173
vn -0.9394 -0.3221 -0.1173
vn 0.8846 -0.2305 -0.4055
vn -0.8846 -0.2305 -0.4055
vn 0.6844 -0.5262 -0.5047
vn -0.6844 -0.5262 -0.5047
vn 0.5665 -0.7434 -0.3556
vn -0.5665 -0.7434 -0.3556
vn 0.2354 -0.6488 0.7237
vn -0.2354 -0.6488 0.7237
vn 0.4121 -0.8984 0.1520
vn -0.4121 -0.8984 0.1520
vn 0.4207 -0.8409 0.3406
vn -0.4207 -0.8409 0.3406
vn 0.6250 -0.7783 -0.0602
vn -0.6250 -0.7783 -0.0602
vn 0.4614 -0.7973 -0.3890
vn -0.4614 -0.7973 -0.3890
vn 0.5174 -0.8362 -0.1818
vn -0.5174 -0.8362 -0.1818
vn 0.2609 -0.9550 -0.1408
vn -0.2609 -0.9550 -0.1408
vn 0.1707 -0.9852 0.0135
vn -0.1707 -0.9852 0.0135
vn 0.2469 -0.9660 0.0771
vn -0.2469 -0.9660 0.0771
vn 0.3866 -0.8523 0.3523
vn -0.3866 -0.8523 0.3523
vn 0.1448 -0.6642 0.7334
vn -0.1448 -0.6642 0.7334
vn 0.6117 -0.7440 -0.2687
vn -0.6117 -0.7440 -0.2687
vn 0.2127 -0.9770 0.0111
vn -0.2127 -0.9770 0.0111
vn 0.2609 -0.9433 0.2051
vn -0.2609 -0.9433 0.2051
vn 0.4388 -0.8979 -0.0355
vn -0.4388 -0.8979 -0.0355
vn 0.3555 -0.9344 -0.0217
vn -0.3555 -0.9344 -0.0217
vn 0.3457 -0.9378 0.0328
vn -0.3457 -0.9378 0.0328
vn 0.3944 -0.9075 -0.1446
vn -0.3944 -0.9075 -0.1446
vn 0.4780 -0.8783 -0.0067
vn -0.4780 -0.8783 -0.0067
vn 0.3786 -0.8850 0.2709
vn -0.3786 -0.8850 0.2709
vn -0.4304 0.8560 0.2863
vn 0.4304 0.8560 0.2863
vn 0.0523 0.9242 0.3783
vn -0.0523 0.9242 0.3783
vn 0.9129 0.3945 0.1048
vn -0.9129 0.3945 0.1048
vn 0.3558 0.8635 -0.3574
vn -0.3558 0.8635 -0.3574
vn -0.2385 0.8983 -0.3690
vn 0.2385 0.8983 -0.3690
vn -0.1657 0.8605 -0.4817
vn 0.1657 0.8605 -0.4817
vn -0.3637 0.8452 0.3916
vn 0.3637 0.8452 0.3916
vn 0.7676 -0.6409 -0.0007
vn 0.7578 -0.6001 -0.2563
vn 0.5902 -0.6635 -0.4599
vn 0.7666 -0.5829 -0.2692
vn -0.7666 -0.5829 -0.2692
vn -0.5902 -0.6635 -0.4599
vn -0.7578 -0.6001 -0.2563
vn -0.7676 -0.6409 -0.0007
vn 0.8640 -0.5035 -0.0013
vn 0.6551 -0.4980 -0.5682
vn 0.8295 -0.4715 -0.2992
vn -0.8295 -0.4715 -0.2992
vn -0.6551 -0.4980 -0.5682
vn -0.8640 -0.5035 -0.0013
vn 0.3964 -0.6083 -0.6876
vn 0.0886 -0.5057 -0.8582
vn 0.4245 -0.4542 -0.7833
vn -0.4245 -0.4542 -0.7833
vn -0.0886 -0.5057 -0.8582
vn -0.3964 -0.6083 -0.6876
vn 0.3947 -0.6278 -0.6709
vn 0.1288 -0.7201 -0.6818
vn -0.1288 -0.7201 -0.6818
vn -0.3947 -0.6278 -0.6709
vn -0.1829 -0.6649 -0.7242
vn -0.4051 -0.7635 -0.5029
vn -0.1969 -0.6565 -0.7281
vn 0.1969 -0.6565 -0.7281
vn 0.4051 -0.7635 -0.5029
vn 0.1829 -0.6649 -0.7242
vn -0.5408 -0.5632 -0.6247
vn -0.2519 -0.4753 -0.8430
vn 0.2519 -0.4753 -0.8430
vn 0.5408 -0.5632 -0.6247
vn -0.6496 -0.7008 -0.2948
vn -0.7991 -0.6012 -0.0023
vn -0.7634 -0.5447 -0.3472
vn 0.7634 -0.5447 -0.3472
vn 0.7991 -0.6012 -0.0023
vn 0.6496 -0.7008 -0.2948
vn -0.6602 -0.6899 -0.2969
vn -0.6293 -0.7772 0.0001
vn 0.6293 -0.7772 0.0001
vn 0.6602 -0.6899 -0.2969
vn -0.6717 -0.6825 0.2880
vn -0.4221 -0.7515 0.5071
vn -0.6504 -0.7020 0.2901
vn 0.6504 -0.7020 0.2901
vn 0.4221 -0.7515 0.5071
vn 0.6717 -0.6825 0.2880
vn -0.5358 -0.5839 0.6099
vn -0.7575 -0.5553 0.3433
vn 0.7575 -0.5553 0.3433
vn 0.5358 -0.5839 0.6099
vn -0.1989 -0.6589 0.7254
vn 0.0946 -0.5394 0.8367
vn -0.2381 -0.5206 0.8199
vn 0.2381 -0.5206 0.8199
vn -0.0946 -0.5394 0.8367
vn 0.1989 -0.6589 0.7254
vn -0.2040 -0.6350 0.7451
vn 0.1253 -0.6994 0.7036
vn -0.1253 -0.6994 0.7036
vn 0.2040 -0.6350 0.7451
vn 0.4049 -0.5988 0.6910
vn 0.6010 -0.6516 0.4628
vn 0.3992 -0.6109 0.6836
vn -0.3992 -0.6109 0.6836
vn -0.6010 -0.6516 0.4628
vn -0.4049 -0.5988 0.6910
vn 0.6545 -0.5161 0.5525
vn 0.4233 -0.4935 0.7598
vn -0.4233 -0.4935 0.7598
vn -0.6545 -0.5161 0.5525
vn 0.7675 -0.5838 0.2648
vn 0.8271 -0.4791 0.2939
vn -0.8271 -0.4791 0.2939
vn -0.7675 -0.5838 0.2648
vn 0.7650 -0.5930 0.2511
vn -0.7650 -0.5930 0.2511
vn 0.7964 -0.6048 -0.0012
vn 0.6320 -0.5949 0.4967
vn 0.6125 -0.7737 0.1620
vn -0.6125 -0.7737 0.1619
vn -0.6320 -0.5949 0.4967
vn -0.7964 -0.6048 -0.0012
vn 0.1104 -0.5903 0.7996
vn 0.3765 -0.7899 0.4841
vn -0.3765 -0.7899 0.4841
vn -0.1104 -0.5903 0.7996
vn -0.5135 -0.6457 0.5651
vn -0.0842 -0.8412 0.5342
vn 0.0842 -0.8412 0.5342
vn 0.5135 -0.6457 0.5651
vn -0.7688 -0.6395 -0.0015
vn -0.4544 -0.8655 0.2105
vn 0.4544 -0.8655 0.2105
vn 0.7688 -0.6395 -0.0015
vn -0.4993 -0.6475 -0.5757
vn -0.4553 -0.8618 -0.2236
vn 0.4553 -0.8618 -0.2236
vn 0.4993 -0.6475 -0.5757
vn 0.1124 -0.5964 -0.7948
vn -0.0864 -0.8274 -0.5549
vn 0.0864 -0.8274 -0.5549
vn -0.1124 -0.5964 -0.7948
vn 0.6206 -0.6005 -0.5043
vn 0.3743 -0.7780 -0.5046
vn -0.3743 -0.7780 -0.5046
vn -0.6206 -0.6005 -0.5043
vn 0.6129 -0.7711 -0.1726
vn -0.6129 -0.7711 -0.1726
vn 0.3816 -0.9243 -0.0005
vn 0.3393 -0.9338 -0.1132
vn -0.3816 -0.9243 -0.0005
vn -0.3393 -0.9338 -0.1132
vn 0.2019 -0.9630 -0.1783
vn -0.2019 -0.9630 -0.1783
vn 0.0264 -0.9931 -0.1141
vn -0.0264 -0.9931 -0.1141
vn -0.0448 -0.9990 -0.0003
vn 0.0448 -0.9990 -0.0003
vn 0.0274 -0.9938 0.1077
vn -0.0274 -0.9938 0.1077
vn 0.2024 -0.9649 0.1676
vn -0.2024 -0.9649 0.1676
vn 0.3388 -0.9348 0.1070
vn -0.3388 -0.9348 0.1070
vn 0.0872 -0.1068 -0.9905
vn 0.1714 -0.3966 -0.9018
vn 0.0861 -0.5910 -0.8021
vn -0.0000 -0.4113 -0.9115
vn -0.0861 -0.5910 -0.8021
vn -0.1714 -0.3966 -0.9018
vn -0.0872 -0.1068 -0.9905
vn 0.2849 -0.0763 -0.9555
vn 0.4918 -0.5007 -0.7123
vn 0.2683 -0.6645 -0.6974
vn -0.2683 -0.6645 -0.6974
vn -0.4918 -0.5007 -0.7123
vn -0.2849 -0.0763 -0.9555
vn 0.9122 -0.1272 -0.3895
vn 0.8126 -0.5502 -0.1924
vn 0.4988 -0.7876 -0.3619
vn -0.4988 -0.7876 -0.3619
vn -0.8126 -0.5502 -0.1924
vn -0.9122 -0.1272 -0.3895
vn 0.9918 -0.1123 0.0616
vn 0.8391 -0.5417 0.0493
vn 0.5926 -0.7999 -0.0946
vn -0.5926 -0.7999 -0.0946
vn -0.8391 -0.5417 0.0493
vn -0.9918 -0.1123 0.0616
vn 0.9808 -0.1239 0.1505
vn 0.8366 -0.5227 0.1641
vn 0.6080 -0.7928 0.0413
vn -0.6080 -0.7928 0.0413
vn -0.8366 -0.5227 0.1641
vn -0.9808 -0.1239 0.1505
vn 0.6201 -0.5237 -0.5841
vn 0.3614 -0.2732 -0.8915
vn 0.3810 -0.5359 -0.7534
vn 0.3715 -0.7841 -0.4972
vn -0.3715 -0.7841 -0.4972
vn -0.3810 -0.5359 -0.7534
vn -0.3614 -0.2732 -0.8915
vn -0.6201 -0.5237 -0.5841
vn 0.4814 -0.2375 -0.8437
vn 0.5779 -0.5459 -0.6067
vn 0.4269 -0.7228 -0.5434
vn -0.4269 -0.7228 -0.5434
vn -0.5779 -0.5459 -0.6067
vn -0.4814 -0.2375 -0.8437
vn 0.7564 -0.1856 -0.6272
vn 0.7436 -0.5393 -0.3952
vn 0.5760 -0.7240 -0.3796
vn -0.5760 -0.7240 -0.3796
vn -0.7436 -0.5393 -0.3952
vn -0.7564 -0.1856 -0.6272
vn 0.9696 -0.1877 -0.1570
vn 0.7679 -0.6396 -0.0343
vn 0.5519 -0.7758 -0.3059
vn -0.5519 -0.7758 -0.3059
vn -0.7679 -0.6396 -0.0343
vn -0.9696 -0.1877 -0.1570
vn 0.7052 -0.2296 0.6708
vn 0.5503 -0.6397 0.5366
vn 0.4578 -0.8799 -0.1271
vn -0.4578 -0.8799 -0.1271
vn -0.5503 -0.6397 0.5366
vn -0.7052 -0.2296 0.6708
vn 0.5178 -0.1466 0.8428
vn 0.5400 -0.6220 0.5670
vn 0.3383 -0.9393 0.0567
vn -0.3383 -0.9393 0.0567
vn -0.5400 -0.6220 0.5670
vn -0.5178 -0.1466 0.8428
vn 0.5568 -0.1609 0.8149
vn 0.3149 -0.6959 0.6455
vn 0.3118 -0.9460 0.0890
vn -0.3118 -0.9460 0.0890
vn -0.3149 -0.6959 0.6455
vn -0.5568 -0.1609 0.8149
vn -0.2067 -0.1868 0.9604
vn -0.4535 -0.7165 0.5301
vn 0.1029 -0.9850 0.1387
vn -0.1029 -0.9850 0.1387
vn 0.4535 -0.7165 0.5301
vn 0.2067 -0.1868 0.9604
vn -0.8381 -0.1058 0.5351
vn -0.6611 -0.6173 0.4265
vn -0.1239 -0.9907 0.0563
vn 0.1239 -0.9907 0.0563
vn 0.6611 -0.6173 0.4265
vn 0.8381 -0.1058 0.5351
vn -0.6007 -0.1984 0.7744
vn -0.0000 -0.7714 0.6363
vn -0.1329 -0.9895 0.0571
vn 0.1329 -0.9895 0.0571
vn 0.6007 -0.1984 0.7744
vn 0.2703 -0.9317 -0.2427
vn 0.3034 -0.9237 -0.2338
vn 0.2645 -0.9323 -0.2465
vn -0.2645 -0.9323 -0.2465
vn -0.3034 -0.9237 -0.2338
vn -0.2703 -0.9317 -0.2427
vn 0.2081 -0.9402 -0.2698
vn 0.1488 -0.9475 -0.2831
vn -0.1488 -0.9475 -0.2831
vn -0.2081 -0.9402 -0.2698
vn 0.1182 -0.9670 -0.2258
vn 0.1118 -0.9425 -0.3149
vn -0.1118 -0.9425 -0.3149
vn -0.1182 -0.9670 -0.2258
vn 0.1942 -0.9396 -0.2819
vn 0.1205 -0.9167 -0.3810
vn -0.1205 -0.9167 -0.3810
vn -0.1942 -0.9396 -0.2819
vn 0.1902 -0.9453 -0.2650
vn 0.2968 -0.9138 -0.2771
vn -0.2968 -0.9138 -0.2771
vn -0.1902 -0.9453 -0.2650
vn 0.3848 -0.9112 -0.1470
vn 0.4791 -0.8431 -0.2443
vn -0.4791 -0.8431 -0.2443
vn -0.3848 -0.9112 -0.1470
vn 0.4669 -0.8378 -0.2831
vn 0.4370 -0.8234 -0.3621
vn -0.4370 -0.8234 -0.3621
vn -0.4669 -0.8378 -0.2831
vn 0.3746 -0.8179 -0.4367
vn 0.3461 -0.8559 -0.3843
vn -0.3461 -0.8559 -0.3843
vn -0.3746 -0.8179 -0.4367
vn 0.1873 -0.9535 -0.2361
vn 0.1794 -0.9829 -0.0409
vn -0.1794 -0.9829 -0.0409
vn -0.1873 -0.9535 -0.2361
vn -0.0400 -0.9966 -0.0717
vn -0.0543 -0.9985 0.0082
vn -0.0582 -0.9981 0.0186
vn 0.0582 -0.9981 0.0186
vn 0.0543 -0.9985 0.0082
vn 0.0400 -0.9966 -0.0717
vn 0.2322 -0.9531 -0.1943
vn 0.1298 -0.9618 -0.2412
vn -0.1298 -0.9618 -0.2412
vn -0.2322 -0.9531 -0.1943
vn 0.0296 -0.9894 -0.1423
vn -0.0000 -0.9669 -0.2552
vn 0.0247 -0.9805 -0.1950
vn -0.0247 -0.9805 -0.1950
vn -0.0296 -0.9894 -0.1423
vn -0.0000 -0.9923 -0.1240
vn -0.1045 -0.9833 -0.1493
vn 0.1045 -0.9833 -0.1493
vn 0.1446 -0.7333 -0.6644
vn 0.0318 -0.8376 -0.5454
vn -0.0000 -0.6967 -0.7174
vn -0.0318 -0.8376 -0.5454
vn -0.1446 -0.7333 -0.6644
vn 0.3235 -0.8472 -0.4214
vn 0.1597 -0.8801 -0.4471
vn -0.1597 -0.8801 -0.4471
vn -0.3235 -0.8472 -0.4214
vn 0.3831 -0.9041 -0.1891
vn 0.2616 -0.9403 -0.2179
vn -0.2616 -0.9403 -0.2179
vn -0.3831 -0.9041 -0.1891
vn 0.3909 -0.9202 0.0202
vn 0.1935 -0.9805 -0.0334
vn 0.3860 -0.9216 -0.0397
vn -0.3860 -0.9216 -0.0397
vn -0.1935 -0.9805 -0.0334
vn -0.3909 -0.9202 0.0202
vn 0.2174 -0.9731 -0.0761
vn -0.2174 -0.9731 -0.0761
vn 0.2119 -0.9770 -0.0249
vn 0.1303 -0.9572 -0.2586
vn -0.0000 -0.9994 -0.0357
vn 0.0668 -0.9975 -0.0215
vn -0.0668 -0.9975 -0.0215
vn -0.1303 -0.9572 -0.2586
vn -0.2119 -0.9770 -0.0249
vn 0.0692 -0.9964 -0.0499
vn -0.0000 -0.9989 -0.0476
vn -0.0692 -0.9964 -0.0499
vn -0.0000 -0.9982 -0.0595
vn 0.0624 -0.9803 -0.1872
vn -0.0624 -0.9803 -0.1872
vn 0.6602 -0.6918 -0.2924
vn 0.9789 -0.1696 -0.1140
vn 0.7605 -0.3455 -0.5498
vn 0.5005 -0.6072 -0.6171
vn -0.5005 -0.6072 -0.6171
vn -0.7605 -0.3455 -0.5498
vn -0.9789 -0.1696 -0.1140
vn -0.6602 -0.6918 -0.2924
vn 0.7269 -0.6504 0.2205
vn 0.6842 -0.1063 0.7215
vn 0.9320 -0.2012 0.3016
vn -0.9320 -0.2012 0.3016
vn -0.6842 -0.1063 0.7215
vn -0.7269 -0.6504 0.2205
vn -0.0459 -0.9631 0.2651
vn -0.2728 -0.5973 0.7542
vn 0.1789 -0.1445 0.9732
vn -0.1789 -0.1445 0.9732
vn 0.2728 -0.5973 0.7542
vn 0.0459 -0.9631 0.2651
vn -0.0000 -0.9086 0.4177
vn -0.0000 -0.2628 0.9648
vn -0.5311 -0.3219 0.7838
vn 0.5311 -0.3219 0.7838
vn -0.0000 -0.7499 -0.6615
vn 0.2787 -0.5693 -0.7735
vn -0.2787 -0.5693 -0.7735
vn -0.0000 -0.7529 -0.6582
vn 0.3734 -0.6409 -0.6707
vn 0.0999 -0.8626 -0.4959
vn -0.0999 -0.8626 -0.4959
vn -0.3734 -0.6409 -0.6707
vn -0.0000 -0.6928 0.7211
vn -0.1281 -0.9133 0.3867
vn -0.2508 -0.5657 0.7856
vn 0.2508 -0.5657 0.7856
vn 0.1281 -0.9133 0.3867
vn 0.0940 -0.8666 0.4900
vn 0.5709 -0.5429 0.6159
vn -0.5709 -0.5429 0.6159
vn -0.0940 -0.8666 0.4900
vn 0.3435 -0.9218 0.1797
vn 0.7235 -0.6739 -0.1498
vn -0.7235 -0.6739 -0.1498
vn -0.3435 -0.9218 0.1797
vn 0.2361 -0.8825 -0.4068
vn -0.2361 -0.8825 -0.4068
vn 0.0344 -0.9978 -0.0560
vn -0.0344 -0.9978 -0.0560
vn -0.0000 -0.9680 -0.2511
vn -0.0000 -0.9997 0.0264
vn 0.0006 -0.9980 -0.0634
vn -0.0006 -0.9980 -0.0634
vn 0.7236 -0.6794 -0.1222
vn 0.7684 -0.6153 -0.1759
vn -0.7684 -0.6153 -0.1759
vn -0.7236 -0.6794 -0.1222
vn 0.5270 -0.8486 -0.0468
vn 0.7994 -0.5977 0.0610
vn -0.7994 -0.5977 0.0610
vn -0.5270 -0.8486 -0.0468
vn 0.6714 -0.7299 0.1280
vn -0.6714 -0.7299 0.1280
vn 0.9468 -0.1552 0.2821
vn 0.8607 -0.4392 0.2574
vn -0.8607 -0.4392 0.2574
vn -0.9468 -0.1552 0.2821
vn 0.9392 -0.2015 0.2781
vn 0.9214 -0.3678 0.1258
vn -0.9214 -0.3678 0.1258
vn -0.9392 -0.2015 0.2781
vn 0.9385 -0.2591 -0.2283
vn -0.9385 -0.2591 -0.2283
vn -0.0573 -0.9166 -0.3957
vn -0.0000 -0.7313 -0.6820
vn 0.0367 -0.3798 -0.9243
vn -0.0367 -0.3798 -0.9243
vn 0.0573 -0.9166 -0.3957
vn -0.2426 -0.9545 -0.1736
vn -0.8314 -0.4605 -0.3111
vn 0.8314 -0.4605 -0.3111
vn 0.2426 -0.9545 -0.1736
vn -0.2155 -0.9765 -0.0055
vn -0.6951 -0.5689 0.4395
vn 0.6951 -0.5689 0.4395
vn 0.2155 -0.9765 -0.0055
vn -0.0000 -0.9903 0.1386
vn -0.2142 -0.6119 0.7614
vn 0.2142 -0.6119 0.7614
vn -0.0000 -0.6267 0.7793
vn -0.4422 -0.5268 0.7260
vn -0.1152 -0.9367 0.3308
vn 0.1152 -0.9367 0.3308
vn 0.4421 -0.5268 0.7260
vn -0.9321 -0.2055 0.2983
vn -0.5622 -0.7229 0.4017
vn 0.5622 -0.7229 0.4017
vn 0.9321 -0.2055 0.2983
vn -0.4267 -0.3592 -0.8300
vn -0.7620 -0.5553 -0.3331
vn 0.7620 -0.5553 -0.3331
vn 0.4267 -0.3592 -0.8300
vn -0.0000 -0.4022 -0.9155
vn 0.0550 -0.7139 -0.6981
vn -0.0550 -0.7139 -0.6981
vn -0.0000 -0.9633 -0.2683
vn -0.0183 -0.9658 -0.2586
vn 0.0183 -0.9658 -0.2586
vn -0.1455 -0.9843 -0.0998
vn -0.2070 -0.9626 -0.1746
vn 0.1175 -0.9926 -0.0296
vn -0.1175 -0.9926 -0.0296
vn 0.2070 -0.9626 -0.1746
vn 0.1455 -0.9843 -0.0998
vn -0.0019 -0.9983 -0.0586
vn 0.1806 -0.9818 -0.0588
vn -0.1806 -0.9818 -0.0588
vn 0.0019 -0.9983 -0.0586
vn 0.1388 -0.9883 -0.0629
vn 0.1822 -0.9793 -0.0884
vn -0.1822 -0.9793 -0.0884
vn -0.1388 -0.9883 -0.0629
vn -0.0230 -0.9375 -0.3473
vn -0.0064 -0.9951 -0.0988
vn 0.0064 -0.9951 -0.0988
vn 0.0230 -0.9375 -0.3473
vn 0.2067 -0.8411 -0.4998
vn 0.1322 -0.9501 -0.2826
vn -0.1322 -0.9501 -0.2826
vn -0.2067 -0.8411 -0.4998
vn 0.4645 -0.7887 -0.4026
vn 0.3148 -0.9130 -0.2594
vn -0.3148 -0.9130 -0.2594
vn -0.4645 -0.7887 -0.4026
vn 0.4610 -0.8689 -0.1804
vn 0.3572 -0.9298 -0.0888
vn -0.3572 -0.9298 -0.0888
vn -0.4610 -0.8689 -0.1804
vn 0.3750 -0.9246 -0.0667
vn 0.2554 -0.9654 -0.0533
vn -0.2554 -0.9654 -0.0533
vn -0.3750 -0.9246 -0.0667
vn 0.3335 -0.9399 -0.0737
vn 0.2546 -0.9613 -0.1052
vn -0.2546 -0.9613 -0.1052
vn -0.3335 -0.9399 -0.0737
vn 0.3356 -0.9174 0.2140
vn 0.3703 -0.9275 -0.0510
vn -0.3703 -0.9275 -0.0510
vn -0.3356 -0.9174 0.2140
vn 0.1466 -0.9889 0.0257
vn 0.1604 -0.9734 0.1636
vn -0.1604 -0.9734 0.1636
vn -0.1466 -0.9889 0.0257
vn 0.1773 -0.9839 -0.0235
vn 0.1490 -0.9856 0.0806
vn -0.1490 -0.9856 0.0806
vn -0.1773 -0.9839 -0.0235
vn 0.1332 -0.9906 -0.0300
vn -0.1332 -0.9906 -0.0300
vn 0.1931 -0.9703 -0.1457
vn 0.3531 -0.8889 -0.2918
vn 0.3111 -0.8618 -0.4007
vn -0.3111 -0.8618 -0.4007
vn -0.3531 -0.8889 -0.2918
vn -0.1931 -0.9703 -0.1457
vn 0.0726 -0.9789 -0.1908
vn 0.1743 -0.9458 -0.2740
vn -0.1743 -0.9458 -0.2740
vn -0.0726 -0.9789 -0.1908
vn 0.0948 -0.8680 -0.4873
vn -0.0309 -0.7775 -0.6282
vn 0.0309 -0.7775 -0.6282
vn -0.0948 -0.8680 -0.4873
vn 0.0455 -0.8607 -0.5070
vn -0.0556 -0.6447 -0.7624
vn 0.0556 -0.6447 -0.7624
vn -0.0455 -0.8607 -0.5070
vn -0.1371 -0.9841 -0.1133
vn -0.2419 -0.8872 -0.3930
vn 0.2419 -0.8872 -0.3930
vn 0.1371 -0.9841 -0.1133
vn -0.0149 -0.9848 0.1730
vn -0.2799 -0.9554 0.0946
vn 0.2799 -0.9554 0.0946
vn 0.0149 -0.9848 0.1730
vn 0.0956 -0.9545 0.2826
vn -0.1166 -0.9087 0.4007
vn 0.1166 -0.9088 0.4007
vn -0.0956 -0.9545 0.2826
vn 0.2382 -0.9351 0.2623
vn 0.0457 -0.8293 0.5570
vn -0.0457 -0.8293 0.5570
vn -0.2382 -0.9351 0.2623
vn 0.3036 -0.8987 0.3165
vn 0.3097 -0.7776 0.5473
vn -0.3097 -0.7776 0.5473
vn -0.3036 -0.8987 0.3165
vn 0.4851 -0.8347 0.2605
vn 0.4901 -0.7237 0.4859
vn -0.4901 -0.7237 0.4859
vn -0.4851 -0.8347 0.2605
vn 0.5744 -0.7988 -0.1787
vn 0.5969 -0.7246 -0.3445
vn -0.5969 -0.7246 -0.3445
vn -0.5744 -0.7988 -0.1787
vn 0.6274 -0.7787 0.0014
vn 0.7732 -0.6255 -0.1044
vn -0.7732 -0.6255 -0.1044
vn -0.6274 -0.7787 0.0014
vn 0.7410 -0.6555 0.1456
vn -0.7410 -0.6555 0.1456
vn -0.0000 -0.1110 0.9938
vn -0.7277 0.2396 0.6427
vn -0.3677 -0.3009 0.8799
vn 0.3677 -0.3009 0.8799
vn 0.7277 0.2396 0.6427
vn -0.6412 0.3655 0.6748
vn -0.4885 0.7582 0.4318
vn 0.4885 0.7582 0.4318
vn 0.6412 0.3655 0.6748
vn 0.2071 0.3567 0.9110
vn -0.2275 0.7862 0.5746
vn 0.2275 0.7862 0.5746
vn -0.2071 0.3567 0.9110
vn 0.4229 0.3618 0.8308
vn 0.1005 0.8038 0.5863
vn -0.1005 0.8038 0.5863
vn -0.4229 0.3618 0.8308
vn 0.4127 0.1419 0.8997
vn 0.2962 0.2111 0.9315
vn -0.2962 0.2111 0.9315
vn -0.4127 0.1419 0.8997
vn 0.8879 0.1899 0.4191
vn 0.5636 0.2125 0.7983
vn -0.5636 0.2125 0.7983
vn -0.8879 0.1899 0.4191
vn 0.9156 0.0869 -0.3925
vn 0.9876 0.1497 0.0473
vn -0.9876 0.1497 0.0473
vn -0.9156 0.0869 -0.3925
vn 0.6037 0.0164 -0.7970
vn 0.7848 -0.0472 -0.6179
vn -0.7848 -0.0472 -0.6179
vn -0.6037 0.0164 -0.7970
vn 0.3721 -0.0227 -0.9279
vn 0.5074 -0.0767 -0.8583
vn -0.5074 -0.0767 -0.8583
vn -0.3721 -0.0227 -0.9279
vn 0.1918 0.9452 -0.2642
vn -0.0000 0.8682 -0.4963
vn 0.2851 0.5614 -0.7769
vn 0.4763 0.7488 -0.4610
vn -0.4763 0.7488 -0.4610
vn -0.2851 0.5614 -0.7769
vn -0.1918 0.9452 -0.2642
vn 0.1094 0.9602 -0.2570
vn -0.0000 0.9828 -0.1849
vn 0.2306 0.9653 -0.1226
vn -0.2306 0.9653 -0.1226
vn -0.1094 0.9602 -0.2570
vn 0.0420 0.6673 -0.7436
vn -0.0000 0.8650 -0.5018
vn 0.0715 0.9224 -0.3796
vn -0.0715 0.9224 -0.3796
vn -0.0420 0.6673 -0.7436
vn 0.1067 0.3349 -0.9362
vn -0.0000 0.2582 -0.9661
vn -0.1067 0.3349 -0.9362
vn 0.6153 0.4066 -0.6753
vn 0.1382 0.7785 -0.6122
vn -0.1382 0.7785 -0.6122
vn -0.6153 0.4066 -0.6753
vn 0.9259 0.3722 0.0642
vn 0.5501 0.8258 -0.1242
vn -0.5501 0.8258 -0.1242
vn -0.9259 0.3722 0.0642
vn 0.9359 0.3228 0.1413
vn 0.6758 0.7316 0.0901
vn -0.6758 0.7316 0.0901
vn -0.9359 0.3228 0.1413
vn 0.2844 0.9559 -0.0739
vn 0.5507 0.8286 -0.1009
vn -0.5507 0.8286 -0.1009
vn -0.2844 0.9559 -0.0739
vn 0.8667 0.4142 -0.2780
vn 0.8332 0.5513 0.0427
vn -0.8332 0.5513 0.0427
vn -0.8667 0.4142 -0.2780
vn 0.9590 0.2100 0.1903
vn -0.9590 0.2100 0.1903
vn 0.9887 -0.0449 0.1429
vn 0.8729 -0.3202 -0.3682
vn 0.9422 -0.3229 0.0896
vn -0.9422 -0.3229 0.0896
vn -0.8729 -0.3202 -0.3682
vn -0.9887 -0.0449 0.1429
vn 0.9760 0.2032 -0.0781
vn -0.9760 0.2032 -0.0781
vn 0.5731 -0.1329 -0.8086
vn 0.7374 -0.4592 -0.4954
vn -0.7374 -0.4592 -0.4954
vn -0.5731 -0.1329 -0.8086
vn 0.3939 -0.1596 -0.9052
vn -0.3939 -0.1596 -0.9052
vn -0.0000 0.8681 -0.4963
vn 0.2566 0.9306 -0.2612
vn 0.3942 0.7705 -0.5010
vn 0.2470 0.6581 -0.7113
vn -0.2470 0.6581 -0.7113
vn -0.3942 0.7705 -0.5010
vn -0.2566 0.9306 -0.2612
vn -0.0000 0.4971 -0.8677
vn 0.4572 0.3906 -0.7990
vn 0.2508 0.2892 -0.9238
vn -0.2508 0.2892 -0.9238
vn -0.4572 0.3906 -0.7990
vn -0.0000 0.2021 -0.9794
vn 0.5016 0.0972 -0.8596
vn 0.3072 0.1484 -0.9400
vn -0.3072 0.1484 -0.9400
vn -0.5016 0.0972 -0.8596
vn -0.0000 0.3184 -0.9480
vn 0.6481 0.1533 -0.7459
vn -0.6481 0.1533 -0.7459
vn 0.7828 -0.0653 -0.6188
vn -0.7828 -0.0653 -0.6188
vn 0.9690 -0.1114 -0.2204
vn 0.6615 -0.1799 -0.7280
vn 0.8937 -0.1251 -0.4308
vn -0.8937 -0.1251 -0.4308
vn -0.6615 -0.1799 -0.7280
vn -0.9690 -0.1114 -0.2204
vn -0.0000 0.9999 0.0166
vn 0.2607 0.9181 0.2985
vn 0.4091 0.9094 -0.0755
vn -0.4091 0.9094 -0.0755
vn -0.2607 0.9181 0.2985
vn -0.0000 -0.2795 0.9602
vn 0.1769 -0.5555 0.8125
vn 0.3684 -0.2740 0.8884
vn 0.1366 -0.0130 0.9905
vn -0.1366 -0.0130 0.9905
vn -0.3684 -0.2740 0.8884
vn -0.1769 -0.5555 0.8125
vn -0.0000 0.2551 0.9669
vn 0.3203 0.2684 0.9085
vn 0.1976 0.5402 0.8180
vn -0.1976 0.5402 0.8180
vn -0.3203 0.2684 0.9085
vn -0.0000 0.7795 0.6264
vn 0.3789 0.7594 0.5290
vn -0.3789 0.7594 0.5290
vn 0.4576 -0.0685 0.8865
vn 0.8577 0.0407 0.5125
vn 0.6304 -0.3140 0.7099
vn -0.6304 -0.3140 0.7099
vn -0.8577 0.0407 0.5125
vn -0.4576 -0.0685 0.8865
vn 0.5881 -0.5014 0.6346
vn 0.8350 -0.3544 0.4209
vn 0.6818 -0.3767 0.6271
vn -0.6818 -0.3767 0.6271
vn -0.8350 -0.3544 0.4209
vn -0.5881 -0.5014 0.6346
vn 0.6664 -0.1806 0.7234
vn 0.8813 -0.1096 0.4597
vn 0.7643 0.0333 0.6439
vn -0.7643 0.0333 0.6439
vn -0.8813 -0.1096 0.4597
vn -0.6664 -0.1806 0.7234
vn 0.6406 0.2955 0.7087
vn 0.9004 0.2085 0.3819
vn 0.7278 0.5195 0.4477
vn -0.7278 0.5195 0.4477
vn -0.9004 0.2085 0.3819
vn -0.6406 0.2955 0.7087
vn 0.8532 0.4888 0.1817
vn 0.6444 0.7636 -0.0399
vn 0.5752 0.7564 0.3114
vn -0.5752 0.7564 0.3114
vn -0.6444 0.7636 -0.0399
vn -0.8532 0.4888 0.1817
vn 0.5034 0.8547 0.1270
vn 0.4750 0.5705 0.6700
vn -0.4750 0.5705 0.6700
vn -0.5034 0.8547 0.1270
vn 0.5493 0.0134 0.8355
vn -0.5493 0.0134 0.8355
vn 0.5921 -0.4455 0.6715
vn -0.5921 -0.4455 0.6715
vn 0.4019 -0.6434 0.6516
vn 0.4960 -0.4397 0.7488
vn -0.4960 -0.4397 0.7488
vn -0.4019 -0.6434 0.6516
vn 0.1679 -0.0761 0.9829
vn -0.1678 -0.0761 0.9829
vn -0.0000 -0.7070 0.7072
vn 0.1792 -0.6798 0.7111
vn -0.1792 -0.6798 0.7111
vn -0.2019 0.5649 0.8000
vn 0.2019 0.5649 0.8001
vn -0.0611 -0.5669 0.8215
vn 0.0611 -0.5669 0.8215
vn -0.0000 -0.7887 0.6148
vn 0.9737 -0.1785 0.1417
vn -0.9737 -0.1785 0.1417
vn 0.9912 -0.0762 -0.1082
vn 0.9759 -0.1328 0.1732
vn -0.9759 -0.1328 0.1732
vn -0.9912 -0.0762 -0.1082
vn 0.9939 -0.0531 0.0962
vn 0.9661 0.0914 0.2415
vn -0.9661 0.0914 0.2415
vn -0.9939 -0.0531 0.0962
vn 0.6568 0.4717 0.5883
vn -0.6568 0.4717 0.5883
vn 0.6492 -0.0780 -0.7566
vn 0.5731 0.1692 -0.8019
vn 0.5484 -0.0081 -0.8362
vn -0.5484 -0.0081 -0.8362
vn -0.5731 0.1692 -0.8019
vn -0.6492 -0.0780 -0.7566
vn 0.5404 -0.1434 -0.8291
vn 0.5186 -0.1508 -0.8416
vn 0.3631 0.1725 -0.9156
vn -0.3631 0.1725 -0.9156
vn -0.5186 -0.1508 -0.8416
vn -0.5404 -0.1434 -0.8291
vn 0.5333 -0.1941 -0.8234
vn -0.5333 -0.1941 -0.8234
vn 0.5420 -0.4096 -0.7338
vn 0.6941 -0.2009 -0.6913
vn -0.6941 -0.2009 -0.6913
vn -0.5420 -0.4096 -0.7338
vn 0.5295 0.7975 -0.2892
vn 0.4428 0.6683 -0.5977
vn 0.5567 0.7839 -0.2750
vn -0.5567 0.7839 -0.2750
vn -0.4428 0.6683 -0.5977
vn -0.5295 0.7975 -0.2892
vn 0.5258 0.7702 -0.3610
vn -0.5258 0.7702 -0.3610
vn 0.1324 0.4604 -0.8778
vn 0.5381 0.3819 -0.7514
vn -0.5381 0.3819 -0.7514
vn -0.1324 0.4604 -0.8778
vn 0.5750 0.4990 -0.6484
vn -0.5750 0.4990 -0.6484
vn 0.2857 -0.7887 0.5444
vn -0.3192 -0.1898 0.9285
vn 0.0454 -0.8365 0.5460
vn 0.5647 -0.8172 -0.1150
vn -0.5647 -0.8172 -0.1150
vn -0.0454 -0.8365 0.5460
vn 0.3192 -0.1898 0.9285
vn -0.2857 -0.7887 0.5444
vn 0.0799 -0.1732 0.9816
vn 0.4643 -0.8551 -0.2307
vn 0.4376 -0.8337 0.3368
vn -0.4376 -0.8337 0.3368
vn -0.4643 -0.8551 -0.2307
vn -0.0799 -0.1732 0.9816
vn 0.7309 -0.4747 0.4904
vn 0.0461 -0.9836 -0.1741
vn 0.3592 -0.9333 -0.0001
vn -0.3591 -0.9333 -0.0001
vn -0.0461 -0.9836 -0.1741
vn -0.7309 -0.4747 0.4904
vn 0.7492 -0.6303 -0.2035
vn -0.2003 -0.9733 0.1119
vn 0.4358 -0.8928 -0.1139
vn -0.4358 -0.8928 -0.1139
vn 0.2003 -0.9733 0.1119
vn -0.7492 -0.6303 -0.2035
vn 0.6153 -0.3124 -0.7238
vn 0.2025 -0.8757 0.4383
vn 0.5924 -0.7053 -0.3893
vn -0.5924 -0.7053 -0.3893
vn -0.2025 -0.8757 0.4383
vn -0.6153 -0.3124 -0.7238
vn 0.2684 -0.1925 -0.9439
vn 0.5280 -0.8311 0.1748
vn 0.2797 -0.8385 -0.4676
vn -0.2797 -0.8385 -0.4676
vn -0.5280 -0.8311 0.1748
vn -0.2684 -0.1925 -0.9439
vn 0.1158 -0.6021 0.7900
vn 0.1212 -0.4126 0.9028
vn 0.2770 -0.6522 0.7056
vn -0.2770 -0.6522 0.7056
vn -0.1212 -0.4126 0.9028
vn -0.1158 -0.6021 0.7900
vn -0.5690 -0.5395 0.6206
vn -0.4508 -0.2453 0.8582
vn 0.4508 -0.2453 0.8582
vn 0.5690 -0.5395 0.6206
vn -0.7009 -0.7076 -0.0890
vn -0.9460 -0.0760 0.3151
vn 0.9460 -0.0760 0.3151
vn 0.7009 -0.7076 -0.0890
vn 0.1013 -0.8439 -0.5269
vn -0.6790 -0.5202 -0.5180
vn 0.6790 -0.5202 -0.5180
vn -0.1013 -0.8439 -0.5269
vn 0.5588 -0.6627 -0.4985
vn 0.3330 -0.6343 -0.6977
vn -0.3330 -0.6343 -0.6977
vn -0.5588 -0.6627 -0.4985
vn 0.6472 -0.6508 -0.3970
vn 0.6367 -0.5265 -0.5635
vn -0.6367 -0.5265 -0.5635
vn -0.6472 -0.6508 -0.3970
vn 0.8378 -0.0591 -0.5428
vn 0.4823 -0.5276 -0.6993
vn 0.8983 -0.1419 -0.4159
vn -0.8983 -0.1419 -0.4159
vn -0.4823 -0.5276 -0.6993
vn -0.8378 -0.0591 -0.5428
vn -0.0462 -0.2130 -0.9760
vn 0.2546 -0.8754 0.4109
vn -0.2546 -0.8754 0.4109
vn 0.0462 -0.2130 -0.9760
vn 0.9457 0.0666 -0.3182
vn -0.9457 0.0666 -0.3182
vn -0.1966 -0.1712 0.9654
vn 0.8256 -0.5584 0.0813
vn 0.5245 -0.8367 -0.1577
vn -0.5245 -0.8367 -0.1577
vn -0.8256 -0.5584 0.0813
vn 0.1966 -0.1712 0.9654
vn 0.1155 -0.3280 0.9376
vn 0.5007 -0.5804 0.6422
vn -0.5007 -0.5804 0.6422
vn -0.1155 -0.3280 0.9376
vn 0.7698 -0.6058 0.2012
vn 0.7559 -0.6341 0.1629
vn 0.8742 -0.4855 0.0095
vn -0.8742 -0.4855 0.0095
vn -0.7559 -0.6341 0.1629
vn -0.7698 -0.6058 0.2012
vn 0.6856 -0.5008 0.5284
vn 0.9254 -0.3789 -0.0100
vn 0.6897 -0.6521 0.3148
vn -0.6897 -0.6521 0.3148
vn -0.9254 -0.3789 -0.0100
vn -0.6856 -0.5008 0.5284
vn 0.8195 -0.2842 -0.4977
vn 0.7853 -0.3811 -0.4879
vn 0.9164 -0.1157 -0.3831
vn -0.9164 -0.1157 -0.3831
vn -0.7853 -0.3811 -0.4879
vn -0.8195 -0.2842 -0.4977
vn 0.6471 -0.6439 -0.4082
vn 0.8390 -0.4106 -0.3571
vn 0.6964 -0.4826 -0.5312
vn -0.6964 -0.4826 -0.5312
vn -0.8390 -0.4106 -0.3571
vn -0.6471 -0.6439 -0.4082
vn 0.6872 -0.5239 -0.5033
vn -0.6872 -0.5239 -0.5033
vn 0.9481 -0.0674 -0.3106
vn -0.9481 -0.0674 -0.3106
vn 0.9471 -0.0096 -0.3209
vn -0.9471 -0.0096 -0.3209
vn 0.6793 -0.5323 -0.5051
vn 0.6876 -0.5062 -0.5206
vn 0.6011 -0.7311 -0.3228
vn -0.6011 -0.7311 -0.3228
vn -0.6876 -0.5062 -0.5206
vn -0.6793 -0.5323 -0.5051
vn 0.6626 -0.4828 -0.5726
vn 0.5108 -0.7720 -0.3781
vn -0.5108 -0.7721 -0.3781
vn -0.6626 -0.4828 -0.5726
vn 0.8798 -0.4744 -0.0308
vn 0.4904 -0.8044 -0.3352
vn -0.4904 -0.8044 -0.3353
vn -0.8798 -0.4744 -0.0308
vn 0.5965 -0.5678 0.5673
vn 0.4259 -0.8507 0.3082
vn -0.4259 -0.8507 0.3082
vn -0.5965 -0.5678 0.5673
vn 0.7631 -0.6455 -0.0317
vn 0.4730 -0.8537 0.2180
vn -0.4730 -0.8537 0.2180
vn -0.7631 -0.6455 -0.0317
vn 0.4743 -0.4476 0.7581
vn 0.3348 -0.8779 0.3423
vn -0.3348 -0.8779 0.3423
vn -0.4743 -0.4476 0.7581
vn 0.0641 -0.3812 0.9223
vn -0.0731 -0.5433 0.8363
vn 0.0731 -0.5433 0.8363
vn -0.0641 -0.3812 0.9223
vn 0.5221 -0.6195 -0.5862
vn 0.5804 -0.7885 -0.2033
vn -0.5804 -0.7885 -0.2033
vn -0.5221 -0.6195 -0.5862
vn -0.1074 -0.7432 -0.6603
vn 0.3980 -0.8857 -0.2391
vn -0.3980 -0.8857 -0.2391
vn 0.1074 -0.7432 -0.6603
vn -0.7714 -0.6352 -0.0387
vn 0.1790 -0.9835 -0.0251
vn -0.1790 -0.9835 -0.0251
vn 0.7714 -0.6352 -0.0387
vn -0.5227 -0.6309 0.5733
vn 0.2108 -0.9772 0.0254
vn -0.2108 -0.9772 0.0254
vn 0.5227 -0.6309 0.5733
vn 0.0257 -0.5353 0.8443
vn 0.3064 -0.9304 0.2012
vn -0.3064 -0.9304 0.2012
vn -0.0257 -0.5353 0.8443
vn 0.3957 -0.7626 0.5118
vn -0.3957 -0.7626 0.5118
vn 0.2155 -0.9721 0.0924
vn 0.1456 -0.9550 0.2583
vn 0.2368 -0.9673 0.0907
vn -0.2368 -0.9673 0.0907
vn -0.1456 -0.9550 0.2583
vn -0.2155 -0.9721 0.0924
vn 0.2940 -0.9558 -0.0104
vn 0.4046 -0.9114 0.0756
vn 0.3841 -0.9230 -0.0219
vn -0.3841 -0.9230 -0.0219
vn -0.4046 -0.9114 0.0756
vn -0.2940 -0.9558 -0.0104
vn 0.3698 -0.9290 -0.0156
vn 0.4210 -0.9018 -0.0975
vn 0.3341 -0.9416 -0.0431
vn -0.3341 -0.9416 -0.0431
vn -0.4210 -0.9018 -0.0975
vn -0.3698 -0.9290 -0.0156
vn 0.3323 -0.9314 0.1487
vn 0.4207 -0.9000 -0.1144
vn 0.4292 -0.8927 0.1374
vn -0.4292 -0.8927 0.1374
vn -0.4207 -0.9000 -0.1144
vn -0.3323 -0.9314 0.1487
vn 0.4046 -0.8795 0.2507
vn 0.4557 -0.8900 -0.0121
vn -0.4557 -0.8900 -0.0121
vn -0.4046 -0.8795 0.2507
vn 0.4053 -0.9057 -0.1247
vn -0.4053 -0.9057 -0.1247
vn 0.2471 -0.9616 -0.1192
vn -0.2471 -0.9616 -0.1192
vn 0.2454 -0.8878 0.3894
vn -0.2454 -0.8878 0.3894
vn 0.4845 -0.8748 0.0058
vn -0.4845 -0.8748 0.0058
vn 0.4366 -0.8875 -0.1472
vn -0.4366 -0.8875 -0.1472
vn 0.5094 -0.8604 0.0167
vn -0.5094 -0.8604 0.0167
vn 0.4206 -0.8662 0.2697
vn -0.4206 -0.8662 0.2697
vn 0.0924 0.5003 -0.8609
vn -0.1180 0.4101 -0.9044
vn -0.3212 0.8608 -0.3947
vn 0.3212 0.8608 -0.3947
vn 0.1180 0.4101 -0.9044
vn -0.0924 0.5003 -0.8609
vn 0.7125 0.2814 -0.6428
vn -0.0151 0.9306 -0.3656
vn 0.0151 0.9306 -0.3656
vn -0.7125 0.2814 -0.6428
vn 0.9782 -0.1501 0.1434
vn 0.7429 0.6351 -0.2115
vn -0.7429 0.6351 -0.2115
vn -0.9782 -0.1501 0.1434
vn 0.2842 0.5072 0.8136
vn 0.5819 0.7330 0.3522
vn -0.5819 0.7330 0.3522
vn -0.2842 0.5072 0.8136
vn -0.4218 0.5210 0.7421
vn -0.2815 0.9115 0.2998
vn 0.2815 0.9115 0.2998
vn 0.4218 0.5210 0.7421
vn -0.5804 0.3616 0.7297
vn -0.4815 0.8183 0.3139
vn 0.4815 0.8183 0.3139
vn 0.5804 0.3616 0.7297
vn -0.3586 0.9333 -0.0200
vn -0.1271 0.9897 -0.0652
vn 0.1271 0.9897 -0.0652
vn 0.3586 0.9333 -0.0200
vn -0.0305 0.9992 -0.0257
vn 0.0305 0.9992 -0.0257
vn 0.2657 0.9156 0.3018
vn -0.2657 0.9156 0.3018
vn 0.0974 0.8206 -0.5631
vn -0.0974 0.8206 -0.5631
vn 0.7240 -0.6459 -0.2422
vn -0.7240 -0.6459 -0.2422
vn 0.8120 -0.5012 -0.2989
vn -0.8120 -0.5012 -0.2989
vn 0.4052 -0.4962 -0.7678
vn -0.4052 -0.4962 -0.7678
vn 0.3821 -0.6912 -0.6133
vn -0.3821 -0.6912 -0.6133
vn -0.1484 -0.7436 -0.6519
vn 0.1484 -0.7436 -0.6519
vn -0.2469 -0.5292 -0.8118
vn 0.2469 -0.5292 -0.8118
vn -0.7357 -0.5904 -0.3319
vn 0.7357 -0.5904 -0.3319
vn -0.5750 -0.7746 -0.2635
vn 0.5750 -0.7746 -0.2635
vn -0.5831 -0.7701 0.2586
vn 0.5831 -0.7701 0.2586
vn -0.7327 -0.5976 0.3257
vn 0.7327 -0.5976 0.3257
vn -0.2392 -0.5606 0.7928
vn 0.2392 -0.5606 0.7928
vn -0.1625 -0.7247 0.6696
vn 0.1625 -0.7247 0.6696
vn 0.3894 -0.6728 0.6290
vn -0.3894 -0.6728 0.6290
vn 0.4068 -0.5252 0.7474
vn -0.4068 -0.5252 0.7474
vn 0.8109 -0.5077 0.2911
vn -0.8109 -0.5077 0.2911
vn 0.7286 -0.6416 0.2396
vn -0.7286 -0.6416 0.2396
vn 0.7685 -0.5907 0.2462
vn -0.7685 -0.5907 0.2462
vn 0.4138 -0.5748 0.7060
vn -0.4138 -0.5748 0.7060
vn -0.2202 -0.6009 0.7684
vn 0.2202 -0.6009 0.7684
vn -0.7119 -0.6316 0.3071
vn 0.7119 -0.6316 0.3071
vn -0.7064 -0.6322 -0.3183
vn 0.7064 -0.6322 -0.3183
vn -0.2103 -0.6053 -0.7677
vn 0.2103 -0.6053 -0.7677
vn 0.4073 -0.5820 -0.7038
vn -0.4073 -0.5820 -0.7038
vn 0.7642 -0.5927 -0.2544
vn -0.7642 -0.5927 -0.2544
vn 0.4141 -0.9069 -0.0779
vn -0.4141 -0.9069 -0.0779
vn 0.2976 -0.9314 -0.2095
vn -0.2976 -0.9314 -0.2095
vn 0.0828 -0.9735 -0.2132
vn -0.0828 -0.9735 -0.2132
vn -0.0930 -0.9928 -0.0751
vn 0.0930 -0.9928 -0.0751
vn -0.0924 -0.9933 0.0696
vn 0.0924 -0.9933 0.0696
vn 0.0842 -0.9760 0.2008
vn -0.0842 -0.9760 0.2008
vn 0.2974 -0.9342 0.1972
vn -0.2974 -0.9342 0.1972
vn 0.4138 -0.9075 0.0726
vn -0.4138 -0.9075 0.0726
vn 0.0932 -0.4026 -0.9106
vn -0.0932 -0.4026 -0.9106
vn 0.2900 -0.4339 -0.8530
vn -0.2900 -0.4339 -0.8530
vn 0.7154 -0.5535 -0.4264
vn -0.7154 -0.5535 -0.4264
vn 0.8403 -0.5406 -0.0409
vn -0.8403 -0.5406 -0.0409
vn 0.8359 -0.5391 0.1032
vn -0.8359 -0.5391 0.1032
vn 0.3914 -0.5175 -0.7609
vn -0.3914 -0.5175 -0.7609
vn 0.4552 -0.5543 -0.6968
vn -0.4552 -0.5543 -0.6968
vn 0.6891 -0.5263 -0.4981
vn -0.6891 -0.5263 -0.4981
vn 0.7610 -0.5818 -0.2870
vn -0.7610 -0.5818 -0.2870
vn 0.6667 -0.6737 0.3187
vn -0.6667 -0.6737 0.3187
vn 0.5280 -0.6075 0.5934
vn -0.5280 -0.6075 0.5934
vn 0.5090 -0.6491 0.5654
vn -0.5090 -0.6491 0.5654
vn -0.0791 -0.7372 0.6711
vn 0.0791 -0.7372 0.6711
vn -0.6374 -0.6538 0.4078
vn 0.6374 -0.6538 0.4078
vn -0.4873 -0.6615 0.5701
vn 0.4873 -0.6615 0.5701
vn 0.2900 -0.9249 -0.2459
vn -0.2900 -0.9249 -0.2459
vn 0.2081 -0.9418 -0.2640
vn -0.2081 -0.9418 -0.2640
vn 0.1114 -0.9489 -0.2952
vn -0.1114 -0.9489 -0.2952
vn 0.1171 -0.9205 -0.3729
vn -0.1171 -0.9205 -0.3729
vn 0.2138 -0.9084 -0.3593
vn -0.2138 -0.9084 -0.3593
vn 0.4058 -0.8844 -0.2306
vn -0.4058 -0.8844 -0.2306
vn 0.4763 -0.8286 -0.2943
vn -0.4763 -0.8286 -0.2943
vn 0.3930 -0.8161 -0.4236
vn -0.3930 -0.8161 -0.4236
vn 0.2659 -0.9359 -0.2310
vn -0.2659 -0.9359 -0.2310
vn -0.0138 -0.9979 0.0640
vn 0.0138 -0.9979 0.0640
vn 0.1861 -0.9537 -0.2364
vn -0.1861 -0.9537 -0.2364
vn 0.0909 -0.9693 -0.2283
vn -0.0909 -0.9693 -0.2283
vn -0.0191 -0.9912 -0.1311
vn 0.0191 -0.9912 -0.1311
vn 0.0714 -0.7016 -0.7090
vn -0.0714 -0.7016 -0.7090
vn 0.2380 -0.7896 -0.5656
vn -0.2380 -0.7896 -0.5656
vn 0.3720 -0.8838 -0.2837
vn -0.3720 -0.8838 -0.2837
vn 0.3806 -0.9247 -0.0076
vn -0.3806 -0.9247 -0.0076
vn 0.3893 -0.9149 -0.1064
vn -0.3893 -0.9149 -0.1064
vn 0.0692 -0.9969 -0.0370
vn -0.0692 -0.9969 -0.0370
vn 0.0663 -0.9968 -0.0446
vn -0.0663 -0.9968 -0.0446
vn 0.0777 -0.9950 -0.0620
vn -0.0777 -0.9950 -0.0620
vn 0.7899 -0.3429 -0.5085
vn -0.7899 -0.3429 -0.5085
vn 0.9440 -0.0868 0.3183
vn -0.9440 -0.0868 0.3183
vn 0.1608 -0.3790 0.9113
vn -0.1608 -0.3790 0.9113
vn -0.5803 -0.5242 0.6233
vn 0.5803 -0.5242 0.6233
vn 0.2512 -0.7176 -0.6496
vn -0.2512 -0.7176 -0.6496
vn 0.2001 -0.7179 -0.6667
vn -0.2001 -0.7179 -0.6667
vn -0.3610 -0.5988 0.7149
vn 0.3610 -0.5988 0.7149
vn 0.1603 -0.5475 0.8213
vn -0.1603 -0.5475 0.8213
vn 0.7417 -0.6212 0.2529
vn -0.7417 -0.6212 0.2529
vn 0.5592 -0.6516 -0.5126
vn -0.5592 -0.6516 -0.5126
vn 0.0476 -0.9780 0.2030
vn -0.0476 -0.9780 0.2030
vn 0.0524 -0.9494 -0.3096
vn -0.0524 -0.9494 -0.3096
vn -0.0808 -0.9967 -0.0072
vn 0.0808 -0.9967 -0.0072
vn 0.5073 -0.8585 -0.0753
vn -0.5073 -0.8585 -0.0753
vn 0.6833 -0.7252 -0.0842
vn -0.6833 -0.7252 -0.0842
vn 0.4249 -0.9046 0.0349
vn -0.4249 -0.9046 0.0349
vn 0.8422 -0.4873 0.2307
vn -0.8422 -0.4873 0.2307
vn 0.8918 -0.3944 0.2217
vn -0.8918 -0.3944 0.2217
vn 0.8807 -0.4155 -0.2276
vn -0.8807 -0.4155 -0.2276
vn 0.0318 -0.7764 -0.6294
vn -0.0318 -0.7764 -0.6294
vn -0.2082 -0.9381 -0.2767
vn 0.2082 -0.9381 -0.2767
vn -0.2436 -0.9637 -0.1090
vn 0.2436 -0.9637 -0.1090
vn -0.1173 -0.9882 0.0982
vn 0.1173 -0.9882 0.0982
vn -0.2026 -0.6093 0.7666
vn 0.2026 -0.6093 0.7666
vn -0.7121 -0.3532 0.6068
vn 0.7121 -0.3532 0.6068
vn -0.9172 -0.2631 -0.2994
vn 0.9172 -0.2631 -0.2994
vn 0.0463 -0.3909 -0.9193
vn -0.0463 -0.3909 -0.9193
vn 0.0156 -0.9609 -0.2764
vn -0.0156 -0.9609 -0.2764
vn -0.4170 -0.9035 -0.0991
vn 0.4170 -0.9035 -0.0991
vn -0.1845 -0.9716 -0.1478
vn 0.1845 -0.9716 -0.1478
vn -0.0813 -0.9941 -0.0715
vn 0.0813 -0.9941 -0.0715
vn 0.0755 -0.9947 -0.0694
vn -0.0755 -0.9947 -0.0694
vn -0.1482 -0.9592 -0.2408
vn 0.1482 -0.9592 -0.2408
vn 0.0890 -0.8954 -0.4363
vn -0.0890 -0.8954 -0.4363
vn 0.3569 -0.7938 -0.4925
vn -0.3569 -0.7938 -0.4925
vn 0.4879 -0.8250 -0.2852
vn -0.4879 -0.8250 -0.2852
vn 0.4216 -0.9004 -0.1072
vn -0.4216 -0.9004 -0.1072
vn 0.3281 -0.9410 -0.0830
vn -0.3281 -0.9410 -0.0830
vn 0.3893 -0.9180 0.0759
vn -0.3893 -0.9180 0.0759
vn 0.1977 -0.9687 0.1503
vn -0.1977 -0.9687 0.1503
vn 0.1747 -0.9845 -0.0183
vn -0.1747 -0.9845 -0.0183
vn 0.1639 -0.9856 -0.0413
vn -0.1639 -0.9856 -0.0413
vn 0.2361 -0.9422 -0.2378
vn -0.2361 -0.9422 -0.2378
vn 0.1617 -0.9787 -0.1262
vn -0.1617 -0.9787 -0.1262
vn 0.0377 -0.9448 -0.3256
vn -0.0377 -0.9448 -0.3256
vn 0.1076 -0.8170 -0.5665
vn -0.1076 -0.8170 -0.5665
vn -0.0697 -0.9490 -0.3074
vn 0.0697 -0.9490 -0.3074
vn -0.1043 -0.9937 0.0402
vn 0.1043 -0.9937 0.0402
vn 0.0518 -0.9667 0.2505
vn -0.0518 -0.9667 0.2505
vn 0.1696 -0.9460 0.2762
vn -0.1696 -0.9460 0.2762
vn 0.2818 -0.9176 0.2802
vn -0.2818 -0.9176 0.2802
vn 0.3607 -0.8736 0.3265
vn -0.3607 -0.8736 0.3265
vn 0.4846 -0.8366 -0.2554
vn -0.4846 -0.8366 -0.2554
vn 0.6185 -0.7810 -0.0865
vn -0.6185 -0.7810 -0.0865
vn 0.5941 -0.7957 0.1177
vn -0.5941 -0.7957 0.1177
vn -0.5330 -0.0184 0.8459
vn 0.5330 -0.0184 0.8459
vn -0.7660 0.3794 0.5190
vn 0.7660 0.3794 0.5190
vn -0.2394 0.3854 0.8912
vn 0.2394 0.3854 0.8912
vn 0.4383 0.3916 0.8091
vn -0.4383 0.3916 0.8091
vn 0.3895 0.1994 0.8992
vn -0.3895 0.1994 0.8992
vn 0.5974 0.1557 0.7867
vn -0.5974 0.1557 0.7867
vn 0.9868 0.1593 -0.0295
vn -0.9868 0.1593 -0.0295
vn 0.7507 0.0373 -0.6596
vn -0.7507 0.0373 -0.6596
vn 0.4781 0.0048 -0.8783
vn -0.4781 0.0049 -0.8783
vn 0.2301 0.8256 -0.5152
vn -0.2301 0.8256 -0.5152
vn 0.1562 0.9735 -0.1673
vn -0.1562 0.9735 -0.1673
vn 0.0584 0.8837 -0.4644
vn -0.0584 0.8837 -0.4644
vn 0.0653 0.2844 -0.9565
vn -0.0653 0.2844 -0.9565
vn 0.2325 0.3796 -0.8955
vn -0.2325 0.3796 -0.8955
vn 0.8931 0.4047 -0.1962
vn -0.8931 0.4047 -0.1962
vn 0.9293 0.3448 0.1323
vn -0.9293 0.3448 0.1323
vn 0.3926 0.9194 -0.0254
vn -0.3926 0.9194 -0.0254
vn 0.1738 0.9525 -0.2501
vn -0.1738 0.9525 -0.2501
vn 0.7498 0.6252 -0.2168
vn -0.7498 0.6252 -0.2168
vn 0.9482 0.2816 0.1469
vn -0.9482 0.2816 0.1469
vn 0.9592 -0.2511 0.1298
vn -0.9592 -0.2511 0.1298
vn 0.9628 0.1289 0.2374
vn -0.9628 0.1289 0.2374
vn 0.9179 -0.2845 -0.2766
vn -0.9179 -0.2845 -0.2766
vn 0.3460 -0.0285 -0.9378
vn -0.3460 -0.0285 -0.9378
vn 0.2492 0.8320 -0.4958
vn -0.2492 0.8320 -0.4958
vn 0.2487 0.4650 -0.8497
vn -0.2487 0.4650 -0.8497
vn 0.2676 0.1806 -0.9465
vn -0.2676 0.1806 -0.9465
vn 0.3138 0.2765 -0.9083
vn -0.3138 0.2765 -0.9083
vn 0.8770 0.1469 -0.4575
vn -0.8770 0.1469 -0.4575
vn 0.8353 -0.1533 -0.5281
vn -0.8353 -0.1533 -0.5281
vn 0.2591 0.9658 -0.0121
vn -0.2591 0.9658 -0.0121
vn 0.1520 -0.2848 0.9465
vn -0.1520 -0.2848 0.9465
vn 0.1489 0.2610 0.9538
vn -0.1489 0.2610 0.9538
vn 0.2446 0.7631 0.5983
vn -0.2446 0.7631 0.5983
vn 0.6061 0.0052 0.7954
vn -0.6061 0.0052 0.7954
vn 0.6322 -0.4688 0.6169
vn -0.6322 -0.4688 0.6169
vn 0.7379 -0.1649 0.6544
vn -0.7379 -0.1649 0.6544
vn 0.7644 0.2601 0.5900
vn -0.7644 0.2601 0.5900
vn 0.6996 0.6826 0.2113
vn -0.6996 0.6826 0.2113
vn 0.4780 0.7684 0.4256
vn -0.4780 0.7684 0.4256
vn 0.5130 0.2811 0.8111
vn -0.5130 0.2811 0.8111
vn 0.5772 -0.2222 0.7858
vn -0.5772 -0.2222 0.7858
vn 0.5704 -0.5439 0.6155
vn -0.5704 -0.5439 0.6155
vn 0.3628 -0.0969 0.9268
vn -0.3628 -0.0969 0.9268
vn 0.1957 -0.6990 0.6878
vn -0.1957 -0.6990 0.6878
vn -0.2127 0.8981 0.3850
vn 0.2127 0.8981 0.3850
vn 0.0112 -0.3002 0.9538
vn -0.0112 -0.3002 0.9538
vn -0.1309 -0.7188 0.6827
vn 0.1309 -0.7188 0.6827
vn 0.9922 -0.0405 0.1181
vn -0.9922 -0.0405 0.1181
vn 0.9662 -0.2122 0.1465
vn -0.9662 -0.2122 0.1465
vn 0.9767 -0.0168 0.2137
vn -0.9767 -0.0168 0.2137
vn 0.9438 0.2380 0.2293
vn -0.9438 0.2380 0.2293
vn 0.5925 0.0274 -0.8051
vn -0.5925 0.0274 -0.8051
vn 0.4431 -0.0473 -0.8952
vn -0.4431 -0.0473 -0.8952
vn 0.5371 -0.1716 -0.8258
vn -0.5371 -0.1716 -0.8258
vn 0.6420 -0.2763 -0.7152
vn -0.6420 -0.2763 -0.7152
vn 0.7060 -0.1484 -0.6925
vn -0.7060 -0.1484 -0.6925
vn 0.4961 -0.4659 -0.7327
vn -0.4961 -0.4659 -0.7327
vn 0.5386 0.7769 -0.3261
vn -0.5386 0.7769 -0.3261
vn 0.5014 0.8507 -0.1575
vn -0.5014 0.8507 -0.1575
vn 0.3490 0.4444 -0.8251
vn -0.3490 0.4444 -0.8251
vn 0.5739 0.3404 -0.7448
vn -0.5739 0.3404 -0.7448
vn 0.5156 0.6966 -0.4989
vn -0.5156 0.6966 -0.4989
vn 0.1739 -0.7989 0.5758
vn -0.1739 -0.7989 0.5758
vn 0.3660 -0.8037 0.4693
vn -0.3660 -0.8037 0.4693
vn 0.4229 -0.8937 0.1496
vn -0.4229 -0.8937 0.1496
vn 0.3586 -0.9310 -0.0676
vn -0.3586 -0.9310 -0.0676
vn 0.5508 -0.8052 -0.2197
vn -0.5508 -0.8052 -0.2197
vn 0.5104 -0.6948 -0.5067
vn -0.5104 -0.6948 -0.5067
vn 0.3332 -0.6521 0.6810
vn -0.3332 -0.6521 0.6810
vn -0.2353 -0.5609 0.7938
vn 0.2353 -0.5609 0.7938
vn -0.7672 -0.5769 0.2803
vn 0.7672 -0.5769 0.2803
vn -0.3577 -0.8479 -0.3912
vn 0.3577 -0.8479 -0.3912
vn 0.4056 -0.7397 -0.5370
vn -0.4056 -0.7397 -0.5370
vn 0.6408 -0.6316 -0.4365
vn -0.6408 -0.6316 -0.4365
vn 0.7374 -0.2023 -0.6444
vn -0.7374 -0.2023 -0.6444
vn 0.1392 -0.8941 -0.4257
vn -0.1392 -0.8941 -0.4257
vn 0.9452 0.0029 -0.3266
vn -0.9452 0.0029 -0.3266
vn 0.2855 -0.8298 0.4795
vn -0.2855 -0.8298 0.4795
vn 0.1888 -0.5539 0.8109
vn -0.1888 -0.5539 0.8109
vn 0.7363 -0.6205 0.2699
vn -0.7363 -0.6205 0.2699
vn 0.6994 -0.6315 0.3349
vn -0.6994 -0.6315 0.3349
vn 0.8821 -0.2231 -0.4149
vn -0.8821 -0.2231 -0.4149
vn 0.7190 -0.5392 -0.4386
vn -0.7190 -0.5392 -0.4386
vn 0.6189 -0.6788 -0.3952
vn -0.6189 -0.6788 -0.3952
vn 0.9584 -0.2169 -0.1857
vn -0.9584 -0.2169 -0.1857
vn 0.9246 0.0426 -0.3786
vn -0.9246 0.0426 -0.3786
vn 0.9552 -0.1858 -0.2304
vn -0.9552 -0.1858 -0.2304
vn 0.6912 -0.5127 -0.5093
vn -0.6912 -0.5127 -0.5093
vn 0.6671 -0.5051 -0.5476
vn -0.6671 -0.5051 -0.5476
vn 0.7317 -0.4241 -0.5337
vn -0.7317 -0.4241 -0.5337
vn 0.6357 -0.5394 0.5523
vn -0.6357 -0.5394 0.5523
vn 0.7266 -0.6237 0.2882
vn -0.7266 -0.6237 0.2882
vn 0.7542 -0.6451 0.1225
vn -0.7542 -0.6451 0.1225
vn 0.0485 -0.2847 0.9574
vn -0.0485 -0.2847 0.9574
vn 0.6283 -0.5755 -0.5235
vn -0.6283 -0.5755 -0.5235
vn 0.3148 -0.6527 -0.6891
vn -0.3148 -0.6527 -0.6891
vn -0.5668 -0.7184 -0.4034
vn 0.5668 -0.7184 -0.4034
vn -0.7217 -0.6224 0.3031
vn 0.7217 -0.6224 0.3031
vn -0.2381 -0.6021 0.7621
vn 0.2381 -0.6021 0.7621
vn 0.1473 -0.4720 0.8692
vn -0.1473 -0.4720 0.8692
vn 0.2185 -0.9664 0.1356
vn -0.2185 -0.9664 0.1356
vn 0.3369 -0.9411 0.0295
vn -0.3369 -0.9411 0.0295
vn 0.3708 -0.9276 -0.0448
vn -0.3708 -0.9276 -0.0448
vn 0.3478 -0.9373 0.0206
vn -0.3478 -0.9373 0.0206
vn 0.4257 -0.8962 0.1251
vn -0.4257 -0.8962 0.1251
vn 0.4493 -0.8887 -0.0918
vn -0.4493 -0.8887 -0.0918
vn 0.3295 -0.9347 -0.1335
vn -0.3295 -0.9347 -0.1335
vn 0.2466 -0.9689 -0.0231
vn -0.2466 -0.9689 -0.0231
vn 0.0164 -0.8605 0.5092
vn -0.0164 -0.8605 0.5092
vn 0.4690 -0.8678 0.1643
vn -0.4690 -0.8678 0.1643
vn 0.4521 -0.8878 -0.0863
vn -0.4521 -0.8878 -0.0863
vn 0.4768 -0.8705 -0.1222
vn -0.4768 -0.8705 -0.1222
vn 0.4788 -0.8597 0.1777
vn -0.4788 -0.8597 0.1777
vn 0.4020 -0.8789 0.2567
vn -0.4020 -0.8789 0.2567
vn -0.0649 0.4544 -0.8884
vn 0.0649 0.4544 -0.8884
vn 0.3815 0.4657 -0.7985
vn -0.3815 0.4657 -0.7985
vn 0.9421 -0.0461 -0.3321
vn -0.9421 -0.0461 -0.3321
vn 0.7774 0.2192 0.5896
vn -0.7774 0.2192 0.5896
vn -0.1910 0.5686 0.8001
vn 0.1910 0.5686 0.8001
vn -0.5217 0.4478 0.7262
vn 0.5217 0.4478 0.7262
vn -0.3910 0.9201 -0.0220
vn 0.3910 0.9201 -0.0220
vn -0.2245 0.9742 -0.0249
vn 0.2245 0.9742 -0.0249
vn 0.3463 0.9377 0.0297
vn -0.3463 0.9377 0.0297
vn -0.2541 0.5036 0.8257
vn 0.2541 0.5036 0.8257
vn 0.3084 0.9328 -0.1864
vn -0.3084 0.9328 -0.1864
vn -0.0807 0.4392 -0.8948
vn 0.0807 0.4392 -0.8948
vt 0.841958 0.587571
vt 0.821995 0.593570
vt 0.832355 0.577968
vt 0.834528 0.598761
vt 0.818288 0.611927
vt 0.800024 0.611927
vt 0.805140 0.586588
vt 0.819440 0.565053
vt 0.866314 0.931635
vt 0.884671 0.909664
vt 0.891653 0.926518
vt 0.866314 0.913371
vt 0.879480 0.897131
vt 0.890670 0.889701
vt 0.900273 0.899304
vt 0.913188 0.912219
vt 0.785869 0.578606
vt 0.804303 0.549916
vt 0.805140 0.586588
vt 0.778617 0.611927
vt 0.746541 0.611927
vt 0.764082 0.569581
vt 0.781622 0.527235
vt 0.866314 0.985118
vt 0.899635 0.945789
vt 0.908660 0.967578
vt 0.866314 0.953042
vt 0.891653 0.926518
vt 0.928325 0.927356
vt 0.951006 0.950037
vt 0.800024 0.611927
vt 0.785869 0.645248
vt 0.805140 0.637266
vt 0.804303 0.673938
vt 0.781622 0.696619
vt 0.764082 0.654273
vt 0.781622 0.950037
vt 0.832993 0.945790
vt 0.823968 0.967578
vt 0.804303 0.927356
vt 0.840975 0.926519
vt 0.866314 0.931635
vt 0.831869 0.611927
vt 0.821995 0.630285
vt 0.834528 0.625094
vt 0.832355 0.645886
vt 0.819440 0.658801
vt 0.805140 0.637266
vt 0.819440 0.912219
vt 0.847957 0.909664
vt 0.840975 0.926519
vt 0.832355 0.899305
vt 0.853148 0.897131
vt 0.866314 0.899790
vt 0.841958 0.636283
vt 0.847957 0.656246
vt 0.853148 0.643713
vt 0.866314 0.659953
vt 0.866314 0.678217
vt 0.840975 0.673101
vt 0.800024 0.865345
vt 0.821995 0.883703
vt 0.805140 0.890684
vt 0.818288 0.865345
vt 0.834528 0.878512
vt 0.841958 0.889701
vt 0.819440 0.658801
vt 0.832993 0.692372
vt 0.840975 0.673101
vt 0.866314 0.699624
vt 0.866314 0.731700
vt 0.823968 0.714160
vt 0.746541 0.865345
vt 0.785869 0.898666
vt 0.764082 0.907691
vt 0.778617 0.865345
vt 0.805140 0.890684
vt 0.819440 0.912219
vt 0.866314 0.678217
vt 0.899635 0.692372
vt 0.913188 0.658801
vt 0.891653 0.673101
vt 0.928325 0.673938
vt 0.908660 0.714160
vt 0.804303 0.803334
vt 0.764082 0.822999
vt 0.781622 0.780653
vt 0.819440 0.818471
vt 0.785869 0.832024
vt 0.800024 0.865345
vt 0.866314 0.646372
vt 0.884671 0.656246
vt 0.879480 0.643713
vt 0.900273 0.645886
vt 0.913188 0.658801
vt 0.891653 0.673101
vt 0.821995 0.846988
vt 0.805140 0.840006
vt 0.832355 0.831386
vt 0.834528 0.852179
vt 0.831869 0.865345
vt 0.890670 0.636283
vt 0.910633 0.630285
vt 0.900759 0.611927
vt 0.898100 0.625094
vt 0.914340 0.611927
vt 0.927487 0.637266
vt 0.866314 0.817320
vt 0.840975 0.804172
vt 0.866314 0.799055
vt 0.866314 0.830900
vt 0.847956 0.821027
vt 0.841958 0.840989
vt 0.927487 0.637266
vt 0.932604 0.611927
vt 0.946759 0.645248
vt 0.954011 0.611927
vt 0.968547 0.654273
vt 0.951006 0.696619
vt 0.866314 0.777648
vt 0.823968 0.763113
vt 0.866314 0.745572
vt 0.866314 0.799055
vt 0.832993 0.784901
vt 0.840975 0.804172
vt 0.927488 0.586588
vt 0.913189 0.565053
vt 0.946759 0.578606
vt 0.928325 0.549916
vt 0.968547 0.569581
vt 0.986087 0.611927
vt 0.928325 0.803334
vt 0.908660 0.763113
vt 0.951006 0.780653
vt 0.913189 0.818471
vt 0.899635 0.784900
vt 0.891653 0.804171
vt 0.898100 0.598761
vt 0.890670 0.587571
vt 0.910633 0.593570
vt 0.900273 0.577968
vt 0.927488 0.586588
vt 0.932604 0.611927
vt 0.900273 0.831386
vt 0.891653 0.804171
vt 0.913189 0.818471
vt 0.890671 0.840989
vt 0.884672 0.821026
vt 0.879480 0.833559
vt 0.879481 0.580141
vt 0.866314 0.577482
vt 0.884672 0.567608
vt 0.866314 0.563902
vt 0.891653 0.550753
vt 0.913188 0.565053
vt 0.914340 0.865345
vt 0.927488 0.840006
vt 0.932604 0.865345
vt 0.900759 0.865345
vt 0.910633 0.846988
vt 0.898100 0.852179
vt 0.866314 0.545637
vt 0.899635 0.531482
vt 0.866314 0.524230
vt 0.908660 0.509695
vt 0.951006 0.527235
vt 0.954011 0.865345
vt 0.968547 0.822999
vt 0.986087 0.865345
vt 0.932604 0.865345
vt 0.946759 0.832024
vt 0.840975 0.550754
vt 0.832993 0.531483
vt 0.823968 0.509695
vt 0.866314 0.492154
vt 0.968547 0.907691
vt 0.946759 0.898666
vt 0.927487 0.890684
vt 0.853148 0.580141
vt 0.847956 0.567608
vt 0.840975 0.550754
vt 0.866314 0.545637
vt 0.927487 0.890684
vt 0.910633 0.883703
vt 0.898100 0.878511
vt 0.853148 0.580141
vt 0.847218 0.592830
vt 0.841958 0.587571
vt 0.866314 0.577482
vt 0.855978 0.586975
vt 0.866314 0.584920
vt 0.857933 0.591693
vt 0.850996 0.596609
vt 0.893321 0.865345
vt 0.886549 0.873726
vt 0.887978 0.865345
vt 0.900759 0.865345
vt 0.891267 0.875681
vt 0.898100 0.878511
vt 0.885411 0.884442
vt 0.881632 0.880663
vt 0.879481 0.580141
vt 0.890670 0.587571
vt 0.876650 0.586975
vt 0.885411 0.592830
vt 0.874695 0.591693
vt 0.866314 0.590264
vt 0.885411 0.846249
vt 0.886549 0.856964
vt 0.881632 0.850027
vt 0.891267 0.855009
vt 0.898100 0.852179
vt 0.900759 0.611927
vt 0.891267 0.601591
vt 0.893321 0.611927
vt 0.886548 0.603546
vt 0.881632 0.596609
vt 0.866314 0.838338
vt 0.874695 0.845111
vt 0.866314 0.843682
vt 0.866314 0.830900
vt 0.876650 0.840393
vt 0.879481 0.833559
vt 0.898100 0.625093
vt 0.885411 0.631024
vt 0.891267 0.622263
vt 0.886548 0.620308
vt 0.887978 0.611927
vt 0.847218 0.846249
vt 0.857933 0.845111
vt 0.850996 0.850027
vt 0.853148 0.833559
vt 0.855978 0.840393
vt 0.890670 0.636283
vt 0.876650 0.636880
vt 0.879480 0.643713
vt 0.866314 0.638934
vt 0.866314 0.633590
vt 0.874695 0.632161
vt 0.881632 0.627245
vt 0.844651 0.865345
vt 0.841362 0.855009
vt 0.846080 0.856964
vt 0.839308 0.865345
vt 0.834528 0.852179
vt 0.841958 0.840989
vt 0.866314 0.646372
vt 0.855978 0.636880
vt 0.853148 0.643713
vt 0.847218 0.631024
vt 0.850996 0.627245
vt 0.857933 0.632161
vt 0.850996 0.880663
vt 0.841362 0.875681
vt 0.846080 0.873726
vt 0.847218 0.884442
vt 0.834528 0.878511
vt 0.841362 0.622263
vt 0.834528 0.625094
vt 0.839307 0.611927
vt 0.844651 0.611927
vt 0.846080 0.620308
vt 0.866314 0.887009
vt 0.855978 0.890298
vt 0.857933 0.885579
vt 0.866314 0.892352
vt 0.853148 0.897132
vt 0.841958 0.889701
vt 0.831869 0.611927
vt 0.841362 0.601591
vt 0.834528 0.598761
vt 0.846080 0.603546
vt 0.876650 0.890297
vt 0.874695 0.885580
vt 0.879480 0.897131
vt 0.866314 0.899790
vt 0.852421 0.611927
vt 0.856490 0.602104
vt 0.866314 0.611927
vt 0.844651 0.611927
vt 0.851470 0.605779
vt 0.852421 0.611927
vt 0.872463 0.880189
vt 0.876138 0.875169
vt 0.866314 0.887008
vt 0.874695 0.885579
vt 0.876138 0.875169
vt 0.866314 0.879238
vt 0.866314 0.865345
vt 0.850996 0.627245
vt 0.851470 0.618075
vt 0.856490 0.621751
vt 0.844651 0.611927
vt 0.856490 0.621751
vt 0.852421 0.611927
vt 0.866314 0.879238
vt 0.856490 0.875169
vt 0.866314 0.887008
vt 0.860165 0.880189
vt 0.866314 0.879238
vt 0.857933 0.885580
vt 0.866314 0.625820
vt 0.856490 0.621751
vt 0.866314 0.633590
vt 0.860166 0.626771
vt 0.866314 0.625820
vt 0.850996 0.627245
vt 0.857933 0.632161
vt 0.851470 0.871494
vt 0.856490 0.875169
vt 0.844651 0.865345
vt 0.846080 0.873726
vt 0.856490 0.875169
vt 0.852421 0.865345
vt 0.876138 0.621751
vt 0.881632 0.627245
vt 0.872463 0.626771
vt 0.876138 0.621751
vt 0.866314 0.633591
vt 0.874695 0.632161
vt 0.851470 0.859197
vt 0.852421 0.865345
vt 0.850996 0.850027
vt 0.846080 0.856964
vt 0.856490 0.855521
vt 0.880207 0.611927
vt 0.887978 0.611927
vt 0.881158 0.618075
vt 0.881632 0.627245
vt 0.886549 0.620308
vt 0.850996 0.850027
vt 0.860166 0.850501
vt 0.856490 0.855522
vt 0.866314 0.843682
vt 0.857933 0.845111
vt 0.856490 0.855521
vt 0.866314 0.851452
vt 0.876138 0.602104
vt 0.880207 0.611927
vt 0.881632 0.596609
vt 0.881158 0.605779
vt 0.876138 0.602103
vt 0.886549 0.603546
vt 0.866314 0.843682
vt 0.872463 0.850501
vt 0.866314 0.851452
vt 0.881632 0.850027
vt 0.866314 0.851452
vt 0.876138 0.855521
vt 0.866314 0.598034
vt 0.876138 0.602103
vt 0.866314 0.590264
vt 0.872463 0.597083
vt 0.866314 0.598034
vt 0.881632 0.596609
vt 0.874695 0.591693
vt 0.881632 0.850027
vt 0.881158 0.859197
vt 0.876138 0.855521
vt 0.887978 0.865345
vt 0.886549 0.856964
vt 0.876138 0.855521
vt 0.880207 0.865345
vt 0.866314 0.598034
vt 0.860166 0.597083
vt 0.856490 0.602103
vt 0.866314 0.590264
vt 0.857933 0.591693
vt 0.887978 0.865345
vt 0.881158 0.871494
vt 0.880207 0.865345
vt 0.881632 0.880663
vt 0.886549 0.873727
vt 0.516936 0.064141
vt 0.510335 0.056549
vt 0.519161 0.059644
vt 0.514313 0.068161
vt 0.509164 0.061996
vt 0.507767 0.066469
vt 0.500000 0.060947
vt 0.500000 0.055045
vt 0.492233 0.066469
vt 0.500000 0.060947
vt 0.500000 0.065660
vt 0.485687 0.068161
vt 0.490836 0.061996
vt 0.483064 0.064141
vt 0.489666 0.056549
vt 0.500000 0.055045
vt 0.525737 0.068371
vt 0.525404 0.062574
vt 0.529722 0.065076
vt 0.521573 0.072290
vt 0.522299 0.066214
vt 0.518756 0.069947
vt 0.481244 0.069947
vt 0.478427 0.072290
vt 0.477701 0.066214
vt 0.474264 0.068371
vt 0.474596 0.062574
vt 0.480839 0.059644
vt 0.537307 0.071208
vt 0.528141 0.071128
vt 0.533252 0.067508
vt 0.530552 0.075109
vt 0.523537 0.075778
vt 0.471859 0.071128
vt 0.476463 0.075778
vt 0.469448 0.075109
vt 0.462693 0.071208
vt 0.466748 0.067508
vt 0.470278 0.065076
vt 0.538665 0.090752
vt 0.542970 0.077612
vt 0.550228 0.087584
vt 0.527273 0.085870
vt 0.533918 0.081142
vt 0.525255 0.080247
vt 0.474745 0.080247
vt 0.466082 0.081142
vt 0.472727 0.085870
vt 0.461335 0.090752
vt 0.457030 0.077612
vt 0.550950 0.120208
vt 0.558561 0.101176
vt 0.566506 0.115790
vt 0.533825 0.109059
vt 0.544772 0.104728
vt 0.530062 0.094928
vt 0.469938 0.094928
vt 0.455228 0.104728
vt 0.466175 0.109059
vt 0.449050 0.120208
vt 0.441440 0.101176
vt 0.449772 0.087584
vt 0.587974 0.179933
vt 0.588267 0.209021
vt 0.569710 0.194436
vt 0.603208 0.194887
vt 0.610113 0.223118
vt 0.599546 0.236568
vt 0.575256 0.226592
vt 0.544469 0.215880
vt 0.400454 0.236568
vt 0.411733 0.209021
vt 0.424744 0.226592
vt 0.389887 0.223118
vt 0.396792 0.194887
vt 0.412026 0.179933
vt 0.430290 0.194436
vt 0.455531 0.215880
vt 0.621871 0.210918
vt 0.628283 0.236882
vt 0.610113 0.223118
vt 0.638208 0.226314
vt 0.643600 0.250301
vt 0.633494 0.258470
vt 0.618564 0.247242
vt 0.599546 0.236568
vt 0.366506 0.258470
vt 0.371717 0.236882
vt 0.381436 0.247242
vt 0.356401 0.250301
vt 0.361792 0.226314
vt 0.378129 0.210918
vt 0.389887 0.223118
vt 0.400454 0.236568
vt 0.653327 0.241076
vt 0.657542 0.263703
vt 0.668706 0.255950
vt 0.667657 0.278557
vt 0.654068 0.282830
vt 0.645611 0.270158
vt 0.345932 0.282830
vt 0.342459 0.263703
vt 0.354389 0.270158
vt 0.332343 0.278557
vt 0.331294 0.255950
vt 0.346673 0.241076
vt 0.684695 0.293078
vt 0.680447 0.272960
vt 0.683144 0.311805
vt 0.671454 0.295530
vt 0.670213 0.310936
vt 0.657873 0.296509
vt 0.329787 0.310936
vt 0.342127 0.296509
vt 0.342417 0.308613
vt 0.316856 0.311805
vt 0.328546 0.295530
vt 0.315305 0.293078
vt 0.678116 0.325251
vt 0.668910 0.337433
vt 0.665541 0.321738
vt 0.656576 0.331844
vt 0.653775 0.317221
vt 0.657583 0.308613
vt 0.343425 0.331844
vt 0.346225 0.317221
vt 0.354452 0.325664
vt 0.331090 0.337433
vt 0.334459 0.321738
vt 0.321884 0.325251
vt 0.654804 0.352697
vt 0.638037 0.368810
vt 0.642723 0.345301
vt 0.626945 0.359757
vt 0.632570 0.337201
vt 0.645548 0.325664
vt 0.373055 0.359757
vt 0.367430 0.337201
vt 0.381749 0.349566
vt 0.361963 0.368810
vt 0.357277 0.345301
vt 0.345196 0.352697
vt 0.621281 0.382365
vt 0.605977 0.391859
vt 0.612451 0.371775
vt 0.595868 0.366402
vt 0.606049 0.359637
vt 0.618251 0.349566
vt 0.404132 0.366402
vt 0.387549 0.371775
vt 0.393951 0.359637
vt 0.394023 0.391859
vt 0.400109 0.379977
vt 0.378719 0.382365
vt 0.592336 0.396552
vt 0.599891 0.379977
vt 0.576878 0.396871
vt 0.588618 0.383676
vt 0.575349 0.382897
vt 0.586392 0.369417
vt 0.424651 0.382897
vt 0.413608 0.369417
vt 0.425014 0.368404
vt 0.423122 0.396871
vt 0.411382 0.383676
vt 0.407664 0.396552
vt 0.556771 0.393828
vt 0.535452 0.389613
vt 0.557454 0.378274
vt 0.537551 0.372163
vt 0.559630 0.363551
vt 0.574986 0.368404
vt 0.462450 0.372163
vt 0.440371 0.363551
vt 0.457912 0.356742
vt 0.464548 0.389613
vt 0.442546 0.378274
vt 0.443229 0.393828
vt 0.516777 0.386408
vt 0.537550 0.372163
vt 0.535452 0.389613
vt 0.500000 0.385190
vt 0.518601 0.366984
vt 0.500000 0.364398
vt 0.524063 0.349518
vt 0.542088 0.356742
vt 0.500000 0.364398
vt 0.475937 0.349518
vt 0.500000 0.338640
vt 0.500000 0.385190
vt 0.481400 0.366984
vt 0.483223 0.386408
vt 0.462450 0.372163
vt 0.457912 0.356742
vt 0.568440 0.336858
vt 0.549824 0.343615
vt 0.558393 0.332887
vt 0.577862 0.338351
vt 0.563693 0.349310
vt 0.576034 0.352643
vt 0.559630 0.363551
vt 0.542088 0.356742
vt 0.423966 0.352643
vt 0.440370 0.363551
vt 0.425014 0.368404
vt 0.422138 0.338351
vt 0.436307 0.349310
vt 0.431560 0.336858
vt 0.450176 0.343615
vt 0.457912 0.356742
vt 0.585598 0.338015
vt 0.593612 0.350567
vt 0.585564 0.353036
vt 0.595868 0.366402
vt 0.586392 0.369417
vt 0.574986 0.368404
vt 0.404132 0.366402
vt 0.414436 0.353036
vt 0.413608 0.369417
vt 0.406388 0.350567
vt 0.414402 0.338015
vt 0.612174 0.337876
vt 0.599394 0.332354
vt 0.607728 0.327073
vt 0.602034 0.345461
vt 0.593612 0.350567
vt 0.592386 0.336007
vt 0.393951 0.359637
vt 0.406388 0.350567
vt 0.397966 0.345461
vt 0.387826 0.337876
vt 0.400606 0.332354
vt 0.407614 0.336008
vt 0.626901 0.313582
vt 0.624383 0.328373
vt 0.617747 0.320414
vt 0.635574 0.319192
vt 0.367430 0.337201
vt 0.364426 0.319192
vt 0.375617 0.328373
vt 0.373099 0.313582
vt 0.382253 0.320414
vt 0.392272 0.327073
vt 0.645620 0.304782
vt 0.632584 0.307515
vt 0.634891 0.301141
vt 0.657583 0.308613
vt 0.642613 0.312036
vt 0.645548 0.325664
vt 0.354452 0.325664
vt 0.357387 0.312036
vt 0.342417 0.308613
vt 0.346225 0.317221
vt 0.354380 0.304782
vt 0.367416 0.307515
vt 0.641383 0.284187
vt 0.634351 0.293290
vt 0.630556 0.284417
vt 0.654068 0.282830
vt 0.645292 0.295169
vt 0.657873 0.296509
vt 0.342127 0.296509
vt 0.345932 0.282830
vt 0.354709 0.295169
vt 0.358618 0.284187
vt 0.365649 0.293290
vt 0.365109 0.301141
vt 0.622999 0.263466
vt 0.623258 0.275408
vt 0.613798 0.267249
vt 0.633494 0.258470
vt 0.633674 0.273409
vt 0.645611 0.270158
vt 0.354389 0.270158
vt 0.366326 0.273409
vt 0.377001 0.263466
vt 0.376742 0.275408
vt 0.369444 0.284417
vt 0.593491 0.248144
vt 0.603343 0.260982
vt 0.590771 0.257759
vt 0.599546 0.236568
vt 0.609997 0.254812
vt 0.618564 0.247242
vt 0.381436 0.247242
vt 0.390004 0.254812
vt 0.406510 0.248144
vt 0.396657 0.260982
vt 0.386202 0.267249
vt 0.561138 0.262125
vt 0.572883 0.244255
vt 0.575468 0.258381
vt 0.552309 0.244955
vt 0.575256 0.226592
vt 0.593491 0.248144
vt 0.424744 0.226592
vt 0.406509 0.248144
vt 0.400454 0.236568
vt 0.447691 0.244955
vt 0.427117 0.244255
vt 0.438862 0.262125
vt 0.424532 0.258381
vt 0.409229 0.257759
vt 0.537358 0.253335
vt 0.552309 0.244955
vt 0.551445 0.268014
vt 0.527475 0.265614
vt 0.522949 0.234696
vt 0.472525 0.265614
vt 0.477051 0.234696
vt 0.500000 0.250807
vt 0.448555 0.268014
vt 0.462642 0.253335
vt 0.438862 0.262125
vt 0.447691 0.244955
vt 0.549824 0.343615
vt 0.549262 0.325934
vt 0.536292 0.335982
vt 0.524063 0.349518
vt 0.525623 0.325327
vt 0.542702 0.316584
vt 0.475937 0.349518
vt 0.474377 0.325327
vt 0.457912 0.356742
vt 0.463708 0.335982
vt 0.450176 0.343615
vt 0.450738 0.325934
vt 0.457298 0.316584
vt 0.521870 0.310626
vt 0.539896 0.305771
vt 0.500000 0.313888
vt 0.500000 0.295394
vt 0.521839 0.295106
vt 0.540000 0.294722
vt 0.500000 0.295394
vt 0.478130 0.310626
vt 0.478161 0.295106
vt 0.500000 0.313888
vt 0.460105 0.305771
vt 0.460000 0.294722
vt 0.527475 0.265614
vt 0.500000 0.277181
vt 0.545584 0.275588
vt 0.523283 0.280125
vt 0.541924 0.284549
vt 0.500000 0.295394
vt 0.458076 0.284549
vt 0.478161 0.295106
vt 0.460000 0.294722
vt 0.454416 0.275588
vt 0.476717 0.280125
vt 0.472525 0.265614
vt 0.500000 0.277181
vt 0.500000 0.295394
vt 0.507707 0.074940
vt 0.505845 0.070464
vt 0.510864 0.071939
vt 0.504057 0.073568
vt 0.500000 0.069830
vt 0.507767 0.066469
vt 0.514313 0.068161
vt 0.500000 0.065660
vt 0.494155 0.070464
vt 0.492233 0.066469
vt 0.500000 0.069830
vt 0.495943 0.073568
vt 0.492293 0.074940
vt 0.489136 0.071939
vt 0.485687 0.068161
vt 0.512562 0.080357
vt 0.514434 0.073847
vt 0.516760 0.076706
vt 0.510593 0.077071
vt 0.518756 0.069947
vt 0.521573 0.072290
vt 0.485566 0.073847
vt 0.481244 0.069947
vt 0.489407 0.077071
vt 0.487439 0.080357
vt 0.483240 0.076706
vt 0.478427 0.072290
vt 0.513415 0.085048
vt 0.519199 0.085794
vt 0.512267 0.090555
vt 0.512561 0.080357
vt 0.518219 0.080967
vt 0.516760 0.076706
vt 0.523537 0.075778
vt 0.525255 0.080247
vt 0.483240 0.076706
vt 0.476463 0.075778
vt 0.487439 0.080357
vt 0.481781 0.080967
vt 0.486585 0.085048
vt 0.480802 0.085794
vt 0.474745 0.080247
vt 0.537774 0.125226
vt 0.523936 0.112638
vt 0.526243 0.129130
vt 0.515003 0.115132
vt 0.514124 0.101670
vt 0.521940 0.098777
vt 0.485876 0.101670
vt 0.476064 0.112638
vt 0.478060 0.098777
vt 0.484997 0.115132
vt 0.473757 0.129130
vt 0.462226 0.125226
vt 0.520398 0.090654
vt 0.513290 0.094342
vt 0.519198 0.085794
vt 0.527273 0.085870
vt 0.530062 0.094928
vt 0.514124 0.101670
vt 0.469938 0.094928
vt 0.479602 0.090654
vt 0.478060 0.098777
vt 0.472727 0.085870
vt 0.480802 0.085794
vt 0.487734 0.090555
vt 0.486710 0.094342
vt 0.485876 0.101670
vt 0.509516 0.158265
vt 0.518125 0.147022
vt 0.520467 0.161843
vt 0.500000 0.157011
vt 0.508718 0.146967
vt 0.500000 0.146506
vt 0.507728 0.132436
vt 0.516256 0.131512
vt 0.500000 0.146506
vt 0.492273 0.132436
vt 0.500000 0.132565
vt 0.500000 0.157011
vt 0.491282 0.146967
vt 0.490484 0.158265
vt 0.481875 0.147022
vt 0.483744 0.131512
vt 0.515003 0.115132
vt 0.506886 0.103277
vt 0.507183 0.116536
vt 0.507728 0.132436
vt 0.500000 0.116970
vt 0.500000 0.103752
vt 0.492273 0.132436
vt 0.500000 0.116970
vt 0.500000 0.132565
vt 0.492817 0.116536
vt 0.484997 0.115132
vt 0.493114 0.103277
vt 0.500000 0.103752
vt 0.506021 0.092828
vt 0.500000 0.096268
vt 0.500000 0.092922
vt 0.506528 0.095980
vt 0.506886 0.103277
vt 0.500000 0.103752
vt 0.493472 0.095979
vt 0.493114 0.103277
vt 0.493979 0.092828
vt 0.500000 0.103752
vt 0.528833 0.180350
vt 0.522271 0.174685
vt 0.526684 0.171690
vt 0.524309 0.181403
vt 0.519501 0.176747
vt 0.515347 0.172292
vt 0.517155 0.168928
vt 0.484653 0.172292
vt 0.477729 0.174685
vt 0.482846 0.168928
vt 0.480499 0.176747
vt 0.475691 0.181403
vt 0.471167 0.180350
vt 0.473316 0.171690
vt 0.479533 0.161843
vt 0.519392 0.195066
vt 0.527402 0.189970
vt 0.522041 0.198967
vt 0.517649 0.192988
vt 0.523372 0.188730
vt 0.521062 0.182023
vt 0.524309 0.181403
vt 0.528833 0.180350
vt 0.478938 0.182023
vt 0.476628 0.188730
vt 0.482351 0.192988
vt 0.479567 0.187926
vt 0.480608 0.195066
vt 0.472598 0.189970
vt 0.471167 0.180350
vt 0.505886 0.199279
vt 0.512717 0.204963
vt 0.500000 0.204726
vt 0.507816 0.196177
vt 0.512712 0.198727
vt 0.512958 0.195764
vt 0.519392 0.195066
vt 0.487042 0.195764
vt 0.480608 0.195066
vt 0.482351 0.192988
vt 0.492184 0.196177
vt 0.487288 0.198728
vt 0.494114 0.199279
vt 0.487283 0.204963
vt 0.477959 0.198967
vt 0.500000 0.197703
vt 0.502171 0.197569
vt 0.500000 0.199099
vt 0.500000 0.196473
vt 0.503581 0.194855
vt 0.496419 0.194855
vt 0.500000 0.196473
vt 0.497829 0.197569
vt 0.500000 0.199099
vt 0.509516 0.158265
vt 0.500000 0.163419
vt 0.500000 0.157011
vt 0.509194 0.164943
vt 0.517155 0.168928
vt 0.508445 0.168777
vt 0.500000 0.167306
vt 0.482846 0.168928
vt 0.491555 0.168777
vt 0.484653 0.172292
vt 0.490806 0.164943
vt 0.490485 0.158265
vt 0.500000 0.163419
vt 0.500000 0.167306
vt 0.500000 0.170593
vt 0.507587 0.171841
vt 0.511752 0.176218
vt 0.507042 0.175090
vt 0.500000 0.174359
vt 0.488248 0.176218
vt 0.492413 0.171841
vt 0.492958 0.175090
vt 0.486427 0.174668
vt 0.500000 0.170593
vt 0.500000 0.174359
vt 0.500000 0.193873
vt 0.504346 0.192090
vt 0.500000 0.190899
vt 0.505960 0.189533
vt 0.508708 0.191549
vt 0.508462 0.193596
vt 0.491292 0.191549
vt 0.495654 0.192090
vt 0.491538 0.193596
vt 0.494041 0.189533
vt 0.500000 0.190899
vt 0.500000 0.193873
vt 0.512584 0.193423
vt 0.514414 0.189894
vt 0.516015 0.191269
vt 0.517649 0.192988
vt 0.485586 0.189894
vt 0.487416 0.193423
vt 0.483985 0.191269
vt 0.488356 0.190936
vt 0.520433 0.187926
vt 0.517893 0.187186
vt 0.514730 0.186939
vt 0.518223 0.182389
vt 0.521062 0.182023
vt 0.485270 0.186939
vt 0.481777 0.182389
vt 0.485593 0.182855
vt 0.482107 0.187186
vt 0.478938 0.182023
vt 0.516957 0.178190
vt 0.514407 0.182855
vt 0.513315 0.179034
vt 0.513573 0.174668
vt 0.486685 0.179034
vt 0.486427 0.174668
vt 0.483043 0.178190
vt 0.508478 0.183823
vt 0.500000 0.186095
vt 0.514407 0.182855
vt 0.510217 0.187800
vt 0.511645 0.190936
vt 0.489783 0.187800
vt 0.488356 0.190936
vt 0.485593 0.182855
vt 0.485270 0.186939
vt 0.491522 0.183823
vt 0.507446 0.179235
vt 0.508478 0.183823
vt 0.500000 0.179309
vt 0.507042 0.175090
vt 0.513315 0.179034
vt 0.492555 0.179235
vt 0.486685 0.179034
vt 0.500000 0.179309
vt 0.491522 0.183823
vt 0.485593 0.182855
vt 0.515236 0.217417
vt 0.500000 0.222511
vt 0.512717 0.204963
vt 0.527403 0.205884
vt 0.522949 0.234696
vt 0.484764 0.217417
vt 0.477051 0.234696
vt 0.472597 0.205884
vt 0.522041 0.198967
vt 0.533670 0.191503
vt 0.528833 0.180350
vt 0.527402 0.189970
vt 0.535623 0.178409
vt 0.545319 0.189427
vt 0.464377 0.178409
vt 0.454681 0.189427
vt 0.453342 0.173864
vt 0.466330 0.191503
vt 0.477959 0.198967
vt 0.526684 0.171690
vt 0.531390 0.157504
vt 0.534364 0.167907
vt 0.545967 0.162573
vt 0.546658 0.173864
vt 0.468610 0.157504
vt 0.454033 0.162573
vt 0.456190 0.152201
vt 0.473316 0.171690
vt 0.465637 0.167907
vt 0.516256 0.131512
vt 0.528686 0.144471
vt 0.526243 0.129130
vt 0.541088 0.139892
vt 0.543810 0.152201
vt 0.473757 0.129130
vt 0.458912 0.139892
vt 0.471315 0.144471
vt 0.481875 0.147022
vt 0.566506 0.115790
vt 0.555893 0.134048
vt 0.550950 0.120208
vt 0.572662 0.128735
vt 0.559487 0.145635
vt 0.541088 0.139892
vt 0.537774 0.125226
vt 0.440513 0.145635
vt 0.458912 0.139892
vt 0.456190 0.152201
vt 0.427338 0.128735
vt 0.444107 0.134048
vt 0.433494 0.115790
vt 0.449050 0.120208
vt 0.579067 0.148796
vt 0.576793 0.139604
vt 0.580098 0.157660
vt 0.561857 0.155444
vt 0.562882 0.165788
vt 0.545967 0.162573
vt 0.543810 0.152201
vt 0.437118 0.165788
vt 0.454033 0.162573
vt 0.453342 0.173864
vt 0.419902 0.157660
vt 0.438143 0.155444
vt 0.420933 0.148796
vt 0.587974 0.179933
vt 0.563453 0.178955
vt 0.581441 0.167678
vt 0.569710 0.194436
vt 0.545319 0.189427
vt 0.546658 0.173864
vt 0.562882 0.165788
vt 0.580098 0.157660
vt 0.436547 0.178955
vt 0.437118 0.165788
vt 0.454681 0.189427
vt 0.430290 0.194436
vt 0.412026 0.179933
vt 0.418559 0.167678
vt 0.419902 0.157660
vt 0.506021 0.092828
vt 0.509354 0.090002
vt 0.500000 0.092922
vt 0.505318 0.091215
vt 0.500000 0.091197
vt 0.504678 0.089850
vt 0.508107 0.088954
vt 0.500000 0.091197
vt 0.495322 0.089850
vt 0.500000 0.089829
vt 0.500000 0.092922
vt 0.494682 0.091215
vt 0.493979 0.092828
vt 0.490646 0.090002
vt 0.491893 0.088954
vt 0.513415 0.085048
vt 0.510182 0.082147
vt 0.510768 0.086397
vt 0.509366 0.086214
vt 0.508857 0.082755
vt 0.489232 0.086397
vt 0.490634 0.086214
vt 0.486585 0.085048
vt 0.489818 0.082147
vt 0.491143 0.082755
vt 0.508425 0.078889
vt 0.505941 0.076719
vt 0.510593 0.077071
vt 0.508857 0.082755
vt 0.507259 0.079929
vt 0.505041 0.077966
vt 0.491143 0.082755
vt 0.491575 0.078889
vt 0.492741 0.079929
vt 0.487439 0.080357
vt 0.489818 0.082147
vt 0.492293 0.074940
vt 0.494059 0.076719
vt 0.494959 0.077966
vt 0.500000 0.073060
vt 0.503061 0.075426
vt 0.500000 0.074988
vt 0.504057 0.073568
vt 0.502571 0.076818
vt 0.500000 0.076443
vt 0.496939 0.075426
vt 0.497429 0.076818
vt 0.495943 0.073568
vt 0.500000 0.073060
vt 0.500000 0.074988
vt 0.502571 0.076818
vt 0.500000 0.078327
vt 0.500000 0.076443
vt 0.502199 0.078607
vt 0.504318 0.079484
vt 0.502117 0.080860
vt 0.500000 0.080667
vt 0.495682 0.079484
vt 0.497884 0.080860
vt 0.495967 0.081399
vt 0.494959 0.077966
vt 0.497801 0.078607
vt 0.497429 0.076818
vt 0.500000 0.078327
vt 0.506231 0.080994
vt 0.507616 0.083112
vt 0.506692 0.083355
vt 0.505597 0.082274
vt 0.504033 0.081399
vt 0.493308 0.083355
vt 0.493769 0.080994
vt 0.494403 0.082274
vt 0.492385 0.083112
vt 0.492741 0.079929
vt 0.508027 0.085616
vt 0.506930 0.087537
vt 0.505683 0.085744
vt 0.506693 0.084710
vt 0.494318 0.085744
vt 0.491973 0.085616
vt 0.493307 0.084710
vt 0.493070 0.087537
vt 0.500000 0.089829
vt 0.503995 0.088104
vt 0.500000 0.088047
vt 0.503251 0.085916
vt 0.496749 0.085916
vt 0.500000 0.085801
vt 0.496005 0.088104
vt 0.500000 0.085801
vt 0.502533 0.083402
vt 0.503251 0.085916
vt 0.500000 0.083252
vt 0.502117 0.080860
vt 0.504033 0.081399
vt 0.504557 0.083604
vt 0.505683 0.085744
vt 0.497468 0.083402
vt 0.495443 0.083604
vt 0.500000 0.085801
vt 0.496749 0.085916
vt 0.494318 0.085744
vt 0.505634 0.083590
vt 0.504557 0.083604
vt 0.494366 0.083590
vt 0.493307 0.084710
vt 0.495443 0.083604
vt 0.494403 0.082274
vt 0.495967 0.081399
vt 0.494318 0.085744
vt 0.495443 0.083604
vt 0.540000 0.294722
vt 0.553497 0.287609
vt 0.551964 0.294790
vt 0.541924 0.284549
vt 0.556333 0.281485
vt 0.562735 0.284843
vt 0.560698 0.289608
vt 0.559849 0.295167
vt 0.437265 0.284843
vt 0.446504 0.287609
vt 0.439302 0.289608
vt 0.443667 0.281485
vt 0.458076 0.284549
vt 0.448036 0.294790
vt 0.440151 0.295167
vt 0.539896 0.305771
vt 0.554481 0.311019
vt 0.542702 0.316584
vt 0.552180 0.302785
vt 0.560482 0.301287
vt 0.562571 0.307583
vt 0.447820 0.302785
vt 0.439518 0.301287
vt 0.460105 0.305771
vt 0.445519 0.311019
vt 0.437430 0.307583
vt 0.558393 0.332887
vt 0.559015 0.318705
vt 0.565290 0.324529
vt 0.549262 0.325934
vt 0.565991 0.313526
vt 0.570554 0.318139
vt 0.440985 0.318705
vt 0.434009 0.313526
vt 0.457298 0.316584
vt 0.441607 0.332887
vt 0.434710 0.324528
vt 0.429446 0.318139
vt 0.545584 0.275588
vt 0.560406 0.276447
vt 0.561138 0.262125
vt 0.551445 0.268014
vt 0.567254 0.271991
vt 0.565889 0.280939
vt 0.432746 0.271991
vt 0.434111 0.280939
vt 0.428694 0.277459
vt 0.439594 0.276447
vt 0.454416 0.275588
vt 0.577867 0.267936
vt 0.575468 0.258381
vt 0.589427 0.265922
vt 0.588859 0.272504
vt 0.579701 0.274213
vt 0.571306 0.277459
vt 0.411141 0.272504
vt 0.422133 0.267936
vt 0.420299 0.274213
vt 0.410573 0.265922
vt 0.424532 0.258381
vt 0.599057 0.267500
vt 0.603343 0.260982
vt 0.607459 0.272033
vt 0.603396 0.276967
vt 0.596548 0.273582
vt 0.396604 0.276967
vt 0.400943 0.267500
vt 0.403452 0.273582
vt 0.392541 0.272033
vt 0.396657 0.260982
vt 0.409229 0.257759
vt 0.613798 0.267249
vt 0.615625 0.278381
vt 0.623258 0.275408
vt 0.622115 0.285573
vt 0.615600 0.287396
vt 0.610204 0.281797
vt 0.384400 0.287396
vt 0.384375 0.278380
vt 0.389796 0.281797
vt 0.377885 0.285574
vt 0.376742 0.275408
vt 0.386202 0.267249
vt 0.625383 0.292746
vt 0.634351 0.293290
vt 0.625878 0.299268
vt 0.618527 0.298527
vt 0.618172 0.293154
vt 0.381473 0.298527
vt 0.374617 0.292746
vt 0.381828 0.293154
vt 0.374122 0.299268
vt 0.365649 0.293290
vt 0.369444 0.284417
vt 0.624227 0.304786
vt 0.626901 0.313582
vt 0.632584 0.307515
vt 0.619777 0.309803
vt 0.617395 0.303139
vt 0.380223 0.309803
vt 0.382605 0.303139
vt 0.386034 0.307225
vt 0.375773 0.304786
vt 0.365109 0.301141
vt 0.617747 0.320414
vt 0.612221 0.314825
vt 0.603899 0.319509
vt 0.607714 0.311081
vt 0.613966 0.307225
vt 0.396101 0.319509
vt 0.392286 0.311081
vt 0.399233 0.314638
vt 0.392272 0.327073
vt 0.387780 0.314825
vt 0.597130 0.323367
vt 0.591486 0.326163
vt 0.590778 0.319995
vt 0.595272 0.317709
vt 0.600768 0.314638
vt 0.409222 0.319995
vt 0.402870 0.323367
vt 0.404728 0.317709
vt 0.408514 0.326163
vt 0.400606 0.332355
vt 0.592386 0.336008
vt 0.585931 0.327771
vt 0.579738 0.328243
vt 0.581415 0.321470
vt 0.586314 0.321240
vt 0.418585 0.321470
vt 0.414069 0.327771
vt 0.413686 0.321240
vt 0.420262 0.328243
vt 0.414402 0.338015
vt 0.407614 0.336008
vt 0.568440 0.336858
vt 0.577862 0.338351
vt 0.572564 0.327473
vt 0.575944 0.320639
vt 0.427436 0.327473
vt 0.424057 0.320639
vt 0.431560 0.336858
vt 0.581415 0.321470
vt 0.578770 0.315447
vt 0.582808 0.316502
vt 0.575943 0.320639
vt 0.574828 0.313220
vt 0.581307 0.311143
vt 0.583998 0.312892
vt 0.425172 0.313220
vt 0.418694 0.311143
vt 0.421385 0.309394
vt 0.424057 0.320639
vt 0.421230 0.315448
vt 0.418585 0.321470
vt 0.417192 0.316502
vt 0.416002 0.312892
vt 0.590778 0.319995
vt 0.586610 0.316499
vt 0.590239 0.315611
vt 0.586827 0.312614
vt 0.589656 0.312336
vt 0.413390 0.316499
vt 0.413173 0.312614
vt 0.413686 0.321240
vt 0.409222 0.319995
vt 0.409761 0.315611
vt 0.410344 0.312336
vt 0.600768 0.314638
vt 0.593991 0.313813
vt 0.598501 0.311335
vt 0.595272 0.317709
vt 0.593002 0.310793
vt 0.596347 0.309249
vt 0.406009 0.313813
vt 0.406999 0.310793
vt 0.404728 0.317709
vt 0.399233 0.314638
vt 0.401499 0.311335
vt 0.403653 0.309249
vt 0.607714 0.311081
vt 0.609200 0.304949
vt 0.604158 0.308265
vt 0.601181 0.305883
vt 0.606014 0.302517
vt 0.398820 0.305883
vt 0.395842 0.308264
vt 0.392286 0.311081
vt 0.390800 0.304949
vt 0.393986 0.302517
vt 0.617395 0.303139
vt 0.612592 0.297948
vt 0.618527 0.298527
vt 0.611760 0.301604
vt 0.606875 0.300019
vt 0.607735 0.297520
vt 0.393126 0.300019
vt 0.388240 0.301604
vt 0.387408 0.297948
vt 0.392265 0.297520
vt 0.615600 0.287396
vt 0.612342 0.293738
vt 0.610434 0.289223
vt 0.607360 0.294368
vt 0.606985 0.291216
vt 0.387658 0.293738
vt 0.392640 0.294368
vt 0.384400 0.287396
vt 0.389566 0.289223
vt 0.393015 0.291216
vt 0.603396 0.276967
vt 0.606068 0.284691
vt 0.600570 0.280754
vt 0.610204 0.281797
vt 0.602630 0.287150
vt 0.598275 0.283083
vt 0.393932 0.284691
vt 0.397370 0.287150
vt 0.389796 0.281797
vt 0.396604 0.276967
vt 0.399431 0.280754
vt 0.401725 0.283083
vt 0.588859 0.272504
vt 0.595045 0.278155
vt 0.588879 0.277316
vt 0.594071 0.281625
vt 0.589866 0.280167
vt 0.405930 0.281625
vt 0.404955 0.278155
vt 0.411141 0.272504
vt 0.411121 0.277316
vt 0.410134 0.280167
vt 0.574611 0.281370
vt 0.581435 0.278749
vt 0.583109 0.282396
vt 0.576352 0.284624
vt 0.416891 0.282396
vt 0.418565 0.278749
vt 0.420299 0.274212
vt 0.425389 0.281370
vt 0.423648 0.284624
vt 0.562735 0.284843
vt 0.570436 0.284278
vt 0.568093 0.287503
vt 0.565889 0.280939
vt 0.574592 0.287270
vt 0.572831 0.289915
vt 0.425409 0.287270
vt 0.428694 0.277459
vt 0.429564 0.284278
vt 0.437265 0.284843
vt 0.431908 0.287503
vt 0.427169 0.289915
vt 0.570554 0.318139
vt 0.571378 0.309615
vt 0.568682 0.305146
vt 0.573307 0.303342
vt 0.575961 0.306368
vt 0.578615 0.309394
vt 0.426693 0.303342
vt 0.428622 0.309615
vt 0.424039 0.306368
vt 0.431318 0.305146
vt 0.434009 0.313526
vt 0.429446 0.318139
vt 0.562571 0.307583
vt 0.567064 0.300316
vt 0.560482 0.301287
vt 0.566435 0.295569
vt 0.572447 0.295716
vt 0.572877 0.299529
vt 0.427553 0.295716
vt 0.432936 0.300316
vt 0.427123 0.299529
vt 0.433565 0.295569
vt 0.439518 0.301287
vt 0.559849 0.295168
vt 0.566813 0.291277
vt 0.560698 0.289608
vt 0.572639 0.292816
vt 0.433187 0.291277
vt 0.427361 0.292816
vt 0.439302 0.289608
vt 0.440151 0.295167
vt 0.516777 0.386408
vt 0.500000 0.406602
vt 0.500000 0.385190
vt 0.515821 0.407158
vt 0.534083 0.408694
vt 0.514824 0.428636
vt 0.500000 0.428636
vt 0.465917 0.408694
vt 0.485177 0.428636
vt 0.470353 0.428636
vt 0.464549 0.389613
vt 0.484179 0.407158
vt 0.483223 0.386408
vt 0.500000 0.406602
vt 0.556832 0.410758
vt 0.584616 0.428636
vt 0.557132 0.428636
vt 0.529647 0.428636
vt 0.415384 0.428636
vt 0.443168 0.410758
vt 0.442869 0.428636
vt 0.423122 0.396871
vt 0.420629 0.411732
vt 0.443229 0.393828
vt 0.592336 0.396552
vt 0.579371 0.411732
vt 0.605977 0.391859
vt 0.597451 0.409604
vt 0.614009 0.403636
vt 0.603459 0.423263
vt 0.385991 0.403636
vt 0.396542 0.423263
vt 0.377699 0.417889
vt 0.394023 0.391859
vt 0.402549 0.409604
vt 0.621281 0.382365
vt 0.638037 0.368810
vt 0.632196 0.392698
vt 0.651056 0.377824
vt 0.644258 0.403422
vt 0.622301 0.417889
vt 0.348944 0.377824
vt 0.355743 0.403422
vt 0.333786 0.388954
vt 0.361963 0.368810
vt 0.367804 0.392698
vt 0.378719 0.382365
vt 0.654804 0.352697
vt 0.668910 0.337433
vt 0.668651 0.359772
vt 0.683067 0.342199
vt 0.683848 0.366711
vt 0.666214 0.388954
vt 0.316933 0.342199
vt 0.316153 0.366711
vt 0.298519 0.344467
vt 0.331349 0.359772
vt 0.345196 0.352697
vt 0.678116 0.325251
vt 0.683144 0.311805
vt 0.691871 0.327820
vt 0.696460 0.312029
vt 0.706822 0.329997
vt 0.701481 0.344467
vt 0.303540 0.312029
vt 0.293178 0.329997
vt 0.287837 0.315527
vt 0.316856 0.311805
vt 0.308129 0.327820
vt 0.321884 0.325251
vt 0.684695 0.293078
vt 0.680447 0.272960
vt 0.697063 0.290249
vt 0.691932 0.267652
vt 0.711922 0.285952
vt 0.712163 0.315527
vt 0.308068 0.267652
vt 0.288078 0.285952
vt 0.292869 0.260944
vt 0.319553 0.272960
vt 0.302937 0.290249
vt 0.668706 0.255950
vt 0.691932 0.267652
vt 0.680447 0.272960
vt 0.664000 0.232869
vt 0.679719 0.248846
vt 0.680510 0.223515
vt 0.695919 0.240630
vt 0.707131 0.260944
vt 0.319490 0.223515
vt 0.320281 0.248846
vt 0.304081 0.240630
vt 0.336000 0.232869
vt 0.292869 0.260944
vt 0.653327 0.241076
vt 0.648351 0.217657
vt 0.664000 0.232869
vt 0.638208 0.226314
vt 0.631526 0.202031
vt 0.640218 0.189271
vt 0.663164 0.207287
vt 0.680510 0.223515
vt 0.359782 0.189271
vt 0.351649 0.217657
vt 0.336836 0.207287
vt 0.368474 0.202031
vt 0.336000 0.232869
vt 0.319490 0.223515
vt 0.614341 0.026457
vt 0.597975 0.040208
vt 0.603553 0.023452
vt 0.625128 0.029461
vt 0.614876 0.047507
vt 0.628764 0.053341
vt 0.613032 0.067150
vt 0.595852 0.057066
vt 0.371236 0.053341
vt 0.386968 0.067150
vt 0.372357 0.076039
vt 0.374872 0.029461
vt 0.385124 0.047507
vt 0.385660 0.026457
vt 0.402025 0.040208
vt 0.404148 0.057066
vt 0.575167 0.016447
vt 0.553169 0.029708
vt 0.546781 0.009442
vt 0.576080 0.033087
vt 0.576419 0.048510
vt 0.557078 0.043913
vt 0.423581 0.048510
vt 0.396447 0.023452
vt 0.423920 0.033087
vt 0.424833 0.016447
vt 0.446832 0.029708
vt 0.442923 0.043913
vt 0.523391 0.021333
vt 0.518423 0.041365
vt 0.500000 0.033223
vt 0.533089 0.033671
vt 0.540487 0.044770
vt 0.528540 0.049111
vt 0.459513 0.044770
vt 0.453219 0.009442
vt 0.466911 0.033671
vt 0.476610 0.021333
vt 0.481578 0.041365
vt 0.471460 0.049111
vt 0.519161 0.059644
vt 0.512270 0.049564
vt 0.522160 0.054442
vt 0.500000 0.046920
vt 0.518422 0.041365
vt 0.528540 0.049111
vt 0.487730 0.049564
vt 0.500000 0.046920
vt 0.489666 0.056549
vt 0.480839 0.059644
vt 0.477840 0.054442
vt 0.471460 0.049111
vt 0.528986 0.058878
vt 0.534133 0.062215
vt 0.525404 0.062574
vt 0.534799 0.055696
vt 0.537892 0.059801
vt 0.471015 0.058878
vt 0.465201 0.055696
vt 0.470278 0.065076
vt 0.465867 0.062215
vt 0.462108 0.059801
vt 0.539759 0.064742
vt 0.546967 0.068559
vt 0.533252 0.067508
vt 0.544721 0.060943
vt 0.555423 0.064317
vt 0.460241 0.064742
vt 0.455279 0.060943
vt 0.466748 0.067508
vt 0.462693 0.071208
vt 0.453033 0.068559
vt 0.444577 0.064317
vt 0.550228 0.087584
vt 0.556076 0.075514
vt 0.566198 0.085873
vt 0.546967 0.068559
vt 0.568316 0.071381
vt 0.581580 0.081806
vt 0.444577 0.064317
vt 0.443924 0.075514
vt 0.431684 0.071381
vt 0.453033 0.068559
vt 0.457030 0.077612
vt 0.449772 0.087584
vt 0.433802 0.085873
vt 0.418420 0.081806
vt 0.558471 0.055810
vt 0.568316 0.071381
vt 0.576419 0.048510
vt 0.574686 0.061954
vt 0.595852 0.057066
vt 0.591230 0.071750
vt 0.581580 0.081806
vt 0.404148 0.057066
vt 0.425314 0.061954
vt 0.408770 0.071750
vt 0.423581 0.048510
vt 0.441529 0.055810
vt 0.431684 0.071381
vt 0.544733 0.054173
vt 0.558471 0.055810
vt 0.540487 0.044770
vt 0.557077 0.043913
vt 0.465201 0.055696
vt 0.459513 0.044770
vt 0.471460 0.049111
vt 0.455267 0.054173
vt 0.441529 0.055810
vt 0.442923 0.043913
vt 0.603014 0.107106
vt 0.606073 0.083524
vt 0.618415 0.094631
vt 0.593460 0.094491
vt 0.591230 0.071750
vt 0.627643 0.076039
vt 0.408770 0.071750
vt 0.386968 0.067150
vt 0.406540 0.094491
vt 0.393928 0.083524
vt 0.396986 0.107106
vt 0.381585 0.094631
vt 0.566506 0.115790
vt 0.576143 0.099079
vt 0.584671 0.112786
vt 0.558560 0.101176
vt 0.423857 0.099079
vt 0.441440 0.101176
vt 0.433494 0.115790
vt 0.415329 0.112786
vt 0.594692 0.135608
vt 0.576793 0.139604
vt 0.613814 0.147475
vt 0.595232 0.145343
vt 0.608571 0.156991
vt 0.594446 0.153738
vt 0.580098 0.157660
vt 0.391429 0.156991
vt 0.404768 0.145343
vt 0.405554 0.153738
vt 0.386186 0.147475
vt 0.405309 0.135608
vt 0.420933 0.148796
vt 0.572662 0.128735
vt 0.603014 0.107106
vt 0.590872 0.124854
vt 0.610264 0.118077
vt 0.389737 0.118077
vt 0.380474 0.131413
vt 0.396986 0.107106
vt 0.409128 0.124854
vt 0.415329 0.112786
vt 0.427338 0.128735
vt 0.423207 0.139604
vt 0.587974 0.179933
vt 0.594548 0.161813
vt 0.599872 0.172169
vt 0.581441 0.167678
vt 0.605394 0.163427
vt 0.606804 0.170410
vt 0.405554 0.153738
vt 0.394606 0.163427
vt 0.391429 0.156991
vt 0.419902 0.157660
vt 0.405452 0.161813
vt 0.412026 0.179933
vt 0.400129 0.172169
vt 0.393196 0.170410
vt 0.599871 0.172169
vt 0.603208 0.194887
vt 0.613478 0.186173
vt 0.617927 0.179213
vt 0.621871 0.210918
vt 0.382073 0.179213
vt 0.368474 0.202031
vt 0.386522 0.186173
vt 0.400129 0.172169
vt 0.378129 0.210918
vt 0.891623 0.097679
vt 0.891858 0.045729
vt 0.922374 0.064228
vt 0.865466 0.119496
vt 0.867108 0.077870
vt 0.847946 0.103808
vt 0.839593 0.065176
vt 0.861342 0.027230
vt 0.152054 0.103808
vt 0.160407 0.065176
vt 0.173669 0.095429
vt 0.134534 0.119496
vt 0.132892 0.077870
vt 0.108377 0.097679
vt 0.108142 0.045729
vt 0.138658 0.027230
vt 0.817973 0.019034
vt 0.826331 0.095429
vt 0.805710 0.056486
vt 0.797985 0.088803
vt 0.763901 0.051956
vt 0.774604 0.010837
vt 0.202015 0.088803
vt 0.236099 0.051956
vt 0.238854 0.084697
vt 0.194290 0.056486
vt 0.182027 0.019034
vt 0.225396 0.010837
vt 0.710807 0.019777
vt 0.716002 0.085063
vt 0.713213 0.053480
vt 0.667508 0.056654
vt 0.647010 0.028716
vt 0.283998 0.085063
vt 0.332492 0.056654
vt 0.332169 0.090156
vt 0.286787 0.053481
vt 0.289193 0.019777
vt 0.352990 0.028716
vt 0.642878 0.056331
vt 0.636069 0.029089
vt 0.641743 0.082147
vt 0.627643 0.076039
vt 0.372357 0.076039
vt 0.357122 0.056331
vt 0.371236 0.053341
vt 0.358257 0.082147
vt 0.363931 0.029089
vt 0.618415 0.094631
vt 0.627643 0.076039
vt 0.628797 0.103314
vt 0.641743 0.082147
vt 0.641528 0.112416
vt 0.619526 0.131413
vt 0.358257 0.082147
vt 0.358473 0.112416
vt 0.371203 0.103314
vt 0.381585 0.094631
vt 0.707131 0.260944
vt 0.721073 0.229737
vt 0.729848 0.251395
vt 0.695919 0.240630
vt 0.706670 0.210875
vt 0.740018 0.196440
vt 0.747508 0.219460
vt 0.753510 0.241834
vt 0.259983 0.196440
vt 0.278927 0.229737
vt 0.252493 0.219460
vt 0.293330 0.210875
vt 0.304081 0.240630
vt 0.270152 0.251395
vt 0.246491 0.241834
vt 0.934704 0.168068
vt 0.955004 0.109236
vt 0.987633 0.154243
vt 0.896128 0.177540
vt 0.915197 0.129091
vt 0.881994 0.144724
vt 0.118006 0.144724
vt 0.103873 0.177540
vt 0.084803 0.129091
vt 0.065297 0.168068
vt 0.044997 0.109236
vt 0.077626 0.064228
vt 0.868892 0.382737
vt 0.929385 0.389136
vt 0.899807 0.420886
vt 0.845385 0.349477
vt 0.896250 0.358417
vt 0.869249 0.330320
vt 0.918638 0.329726
vt 0.958963 0.357385
vt 0.130751 0.330319
vt 0.081362 0.329726
vt 0.112750 0.308014
vt 0.154615 0.349477
vt 0.103750 0.358417
vt 0.131108 0.382737
vt 0.070615 0.389136
vt 0.041037 0.357385
vt 0.935976 0.294352
vt 0.979412 0.305458
vt 0.887250 0.308014
vt 0.907259 0.251051
vt 0.946139 0.254228
vt 0.999860 0.253531
vt 0.092741 0.251051
vt 0.064024 0.294352
vt 0.053861 0.254228
vt 0.099415 0.282038
vt 0.020589 0.305458
vt 0.000140 0.253531
vt 0.945040 0.211094
vt 0.993747 0.203887
vt 0.905311 0.214719
vt 0.094689 0.214719
vt 0.054960 0.211094
vt 0.006254 0.203887
vt 0.012367 0.154243
vt 0.724763 0.340212
vt 0.737667 0.319613
vt 0.745142 0.334808
vt 0.718463 0.327870
vt 0.732597 0.303068
vt 0.758828 0.310611
vt 0.767386 0.325333
vt 0.267403 0.303068
vt 0.241172 0.310611
vt 0.246947 0.294290
vt 0.262333 0.319613
vt 0.275237 0.340212
vt 0.254858 0.334808
vt 0.232614 0.325333
vt 0.767386 0.325333
vt 0.782964 0.300147
vt 0.793667 0.314387
vt 0.774593 0.284658
vt 0.794728 0.273645
vt 0.806104 0.288188
vt 0.819032 0.301906
vt 0.205272 0.273645
vt 0.217036 0.300147
vt 0.193896 0.288188
vt 0.225407 0.284658
vt 0.232614 0.325333
vt 0.206333 0.314387
vt 0.180968 0.301906
vt 0.824058 0.274889
vt 0.838248 0.287622
vt 0.810902 0.261307
vt 0.822856 0.248111
vt 0.836824 0.260438
vt 0.851701 0.271726
vt 0.177144 0.248111
vt 0.175943 0.274889
vt 0.163176 0.260438
vt 0.189098 0.261307
vt 0.161752 0.287622
vt 0.148299 0.271726
vt 0.836824 0.260438
vt 0.860550 0.254189
vt 0.851701 0.271726
vt 0.845020 0.244939
vt 0.830972 0.234937
vt 0.847283 0.227859
vt 0.863440 0.233646
vt 0.169028 0.234937
vt 0.152717 0.227859
vt 0.164416 0.224788
vt 0.177144 0.248111
vt 0.154980 0.244939
vt 0.163176 0.260438
vt 0.139450 0.254189
vt 0.136560 0.233646
vt 0.813499 0.190705
vt 0.842088 0.208196
vt 0.827882 0.210681
vt 0.850889 0.184430
vt 0.833095 0.188120
vt 0.859324 0.209358
vt 0.847283 0.227859
vt 0.835584 0.224788
vt 0.140676 0.209358
vt 0.152717 0.227859
vt 0.136560 0.233646
vt 0.149111 0.184430
vt 0.157912 0.208196
vt 0.186501 0.190705
vt 0.172118 0.210681
vt 0.896128 0.177540
vt 0.878484 0.212918
vt 0.869955 0.181958
vt 0.905312 0.214719
vt 0.881569 0.242801
vt 0.863440 0.233646
vt 0.859324 0.209358
vt 0.850889 0.184430
vt 0.121516 0.212918
vt 0.140676 0.209358
vt 0.118431 0.242801
vt 0.094689 0.214719
vt 0.103873 0.177540
vt 0.130045 0.181958
vt 0.149111 0.184430
vt 0.907259 0.251051
vt 0.877160 0.267497
vt 0.900585 0.282038
vt 0.866656 0.287999
vt 0.851701 0.271726
vt 0.860550 0.254189
vt 0.122840 0.267497
vt 0.139450 0.254189
vt 0.133344 0.287999
vt 0.099415 0.282038
vt 0.092741 0.251051
vt 0.887250 0.308014
vt 0.851578 0.306157
vt 0.830477 0.322131
vt 0.819032 0.301906
vt 0.180968 0.301906
vt 0.148422 0.306157
vt 0.161752 0.287623
vt 0.169523 0.322131
vt 0.130751 0.330320
vt 0.112750 0.308014
vt 0.845385 0.349477
vt 0.802870 0.335762
vt 0.815480 0.365643
vt 0.775112 0.347298
vt 0.767386 0.325333
vt 0.197130 0.335762
vt 0.206333 0.314387
vt 0.224889 0.347298
vt 0.184520 0.365643
vt 0.154615 0.349477
vt 0.734641 0.365135
vt 0.765006 0.387000
vt 0.744519 0.390057
vt 0.753141 0.357000
vt 0.775112 0.347298
vt 0.786623 0.378317
vt 0.224889 0.347298
vt 0.246859 0.357000
vt 0.265359 0.365135
vt 0.234994 0.387000
vt 0.213377 0.378317
vt 0.805821 0.418213
vt 0.862286 0.445937
vt 0.824765 0.470987
vt 0.836442 0.403275
vt 0.815480 0.365643
vt 0.184520 0.365643
vt 0.163558 0.403275
vt 0.194179 0.418213
vt 0.137714 0.445937
vt 0.100193 0.420886
vt 0.767161 0.463129
vt 0.767752 0.429309
vt 0.792141 0.464714
vt 0.742181 0.461543
vt 0.751374 0.437427
vt 0.726855 0.432574
vt 0.735687 0.411316
vt 0.273145 0.432574
vt 0.248626 0.437427
vt 0.264313 0.411316
vt 0.257819 0.461543
vt 0.265482 0.447059
vt 0.232839 0.463129
vt 0.232249 0.429309
vt 0.255481 0.390057
vt 0.783978 0.424258
vt 0.800333 0.458122
vt 0.767752 0.429309
vt 0.216022 0.424258
vt 0.232249 0.429309
vt 0.207859 0.464714
vt 0.199667 0.458122
vt 0.175235 0.470987
vt 0.795638 0.489991
vt 0.802960 0.473750
vt 0.810202 0.480489
vt 0.793890 0.477353
vt 0.800333 0.458122
vt 0.197040 0.473750
vt 0.189799 0.480489
vt 0.204362 0.489991
vt 0.206111 0.477353
vt 0.731910 0.278001
vt 0.753356 0.269191
vt 0.753053 0.294290
vt 0.246644 0.269191
vt 0.268090 0.278001
vt 0.753510 0.241834
vt 0.772378 0.260909
vt 0.753356 0.269191
vt 0.771186 0.234649
vt 0.788532 0.251830
vt 0.794728 0.273645
vt 0.774593 0.284658
vt 0.205272 0.273645
vt 0.227622 0.260909
vt 0.211468 0.251830
vt 0.228814 0.234649
vt 0.246491 0.241834
vt 0.246644 0.269191
vt 0.785607 0.225047
vt 0.801747 0.241119
vt 0.797150 0.219961
vt 0.811700 0.228910
vt 0.822856 0.248111
vt 0.198253 0.241119
vt 0.189098 0.261307
vt 0.188300 0.228910
vt 0.202850 0.219961
vt 0.214393 0.225047
vt 0.827882 0.210681
vt 0.808225 0.197060
vt 0.819264 0.218244
vt 0.830972 0.234937
vt 0.802950 0.203415
vt 0.188300 0.228910
vt 0.177144 0.248111
vt 0.180736 0.218244
vt 0.172118 0.210681
vt 0.191776 0.197060
vt 0.197050 0.203415
vt 0.716002 0.085063
vt 0.683158 0.117844
vt 0.667831 0.090156
vt 0.761146 0.084697
vt 0.722702 0.112664
vt 0.762807 0.110868
vt 0.732138 0.137866
vt 0.689580 0.148245
vt 0.237193 0.110868
vt 0.267863 0.137866
vt 0.232904 0.133044
vt 0.238854 0.084697
vt 0.277298 0.112664
vt 0.283998 0.085063
vt 0.316842 0.117844
vt 0.310420 0.148245
vt 0.716478 0.174594
vt 0.759568 0.177894
vt 0.732138 0.137866
vt 0.745720 0.160891
vt 0.772483 0.153402
vt 0.780113 0.169386
vt 0.227517 0.153402
vt 0.283522 0.174594
vt 0.254280 0.160891
vt 0.240432 0.177894
vt 0.219887 0.169386
vt 0.687300 0.191929
vt 0.663866 0.173159
vt 0.312700 0.191929
vt 0.336135 0.173159
vt 0.637763 0.157591
vt 0.624964 0.169041
vt 0.649717 0.139803
vt 0.362238 0.157591
vt 0.350283 0.139803
vt 0.386187 0.147475
vt 0.375036 0.169041
vt 0.649717 0.139803
vt 0.656629 0.122976
vt 0.683158 0.117844
vt 0.343371 0.122976
vt 0.358473 0.112416
vt 0.617927 0.179213
vt 0.624964 0.169041
vt 0.615823 0.170880
vt 0.605394 0.163427
vt 0.384177 0.170880
vt 0.394606 0.163427
vt 0.375036 0.169041
vt 0.382074 0.179213
vt 0.808644 0.180943
vt 0.833095 0.188120
vt 0.813087 0.158813
vt 0.824462 0.171350
vt 0.840739 0.162092
vt 0.850890 0.184430
vt 0.186913 0.158813
vt 0.159261 0.162092
vt 0.174216 0.140699
vt 0.191356 0.180943
vt 0.175538 0.171350
vt 0.166905 0.188120
vt 0.869955 0.181958
vt 0.858660 0.154629
vt 0.840739 0.162092
vt 0.846783 0.132955
vt 0.153217 0.132955
vt 0.141340 0.154629
vt 0.130045 0.181958
vt 0.791951 0.170284
vt 0.767097 0.133044
vt 0.795122 0.153023
vt 0.797272 0.134276
vt 0.813087 0.158813
vt 0.803789 0.171181
vt 0.202728 0.134276
vt 0.204878 0.153023
vt 0.208049 0.170284
vt 0.196211 0.171181
vt 0.797985 0.088803
vt 0.826331 0.095429
vt 0.796426 0.113704
vt 0.822278 0.117915
vt 0.767097 0.133044
vt 0.177722 0.117915
vt 0.173669 0.095429
vt 0.203574 0.113704
vt 0.865466 0.119496
vt 0.838413 0.119035
vt 0.825784 0.140699
vt 0.846783 0.132955
vt 0.826331 0.095429
vt 0.173669 0.095429
vt 0.161587 0.119035
vt 0.152054 0.103808
vt 0.177722 0.117915
vt 0.134534 0.119496
vt 0.153217 0.132955
vt 0.519572 0.959188
vt 0.561802 0.915652
vt 0.574628 0.959188
vt 0.464516 0.959188
vt 0.516045 0.922936
vt 0.474551 0.920758
vt 0.511865 0.891435
vt 0.546486 0.884398
vt 0.275675 0.920758
vt 0.238361 0.891435
vt 0.271829 0.891177
vt 0.285710 0.959188
vt 0.234181 0.922936
vt 0.230654 0.959188
vt 0.188424 0.915652
vt 0.203740 0.884398
vt 0.609269 0.895978
vt 0.645261 0.928129
vt 0.561802 0.915652
vt 0.579383 0.869204
vt 0.602918 0.845870
vt 0.644486 0.864912
vt 0.715894 0.897069
vt 0.147308 0.845870
vt 0.140958 0.895978
vt 0.105740 0.864912
vt 0.170843 0.869204
vt 0.188424 0.915652
vt 0.175598 0.959188
vt 0.104965 0.928129
vt 0.034332 0.897069
vt 0.651095 0.821545
vt 0.699884 0.827040
vt 0.610634 0.815930
vt 0.640167 0.779387
vt 0.683874 0.757011
vt 0.139592 0.815930
vt 0.110059 0.779387
vt 0.144664 0.786110
vt 0.099131 0.821545
vt 0.050342 0.827040
vt 0.066352 0.757011
vt 0.642922 0.736745
vt 0.605563 0.786110
vt 0.619586 0.751802
vt 0.592711 0.762554
vt 0.596736 0.732188
vt 0.616494 0.718829
vt 0.157515 0.762554
vt 0.153490 0.732188
vt 0.174717 0.743899
vt 0.130640 0.751802
vt 0.107304 0.736745
vt 0.133732 0.718829
vt 0.596736 0.732188
vt 0.592767 0.700818
vt 0.575509 0.743899
vt 0.574099 0.714494
vt 0.535174 0.712262
vt 0.550439 0.697425
vt 0.568762 0.682226
vt 0.215052 0.712262
vt 0.176127 0.714494
vt 0.199788 0.697425
vt 0.174717 0.743899
vt 0.193862 0.727394
vt 0.153490 0.732188
vt 0.157460 0.700818
vt 0.181464 0.682226
vt 0.542017 0.662681
vt 0.511127 0.698351
vt 0.523844 0.680612
vt 0.483059 0.686046
vt 0.492106 0.663910
vt 0.509951 0.641511
vt 0.267167 0.686046
vt 0.226383 0.680612
vt 0.258121 0.663910
vt 0.239099 0.698351
vt 0.208209 0.662681
vt 0.240275 0.641510
vt 0.502570 0.713953
vt 0.523035 0.725478
vt 0.496558 0.727138
vt 0.478437 0.719479
vt 0.479512 0.704615
vt 0.271789 0.719479
vt 0.247656 0.713953
vt 0.270714 0.704615
vt 0.253668 0.727138
vt 0.227191 0.725478
vt 0.541105 0.738607
vt 0.556364 0.727394
vt 0.556793 0.753282
vt 0.528405 0.748145
vt 0.513367 0.736876
vt 0.236859 0.736876
vt 0.209121 0.738607
vt 0.221821 0.748145
vt 0.193433 0.753282
vt 0.578305 0.788819
vt 0.592711 0.762554
vt 0.605562 0.786110
vt 0.557492 0.789842
vt 0.569742 0.769732
vt 0.551327 0.774608
vt 0.198899 0.774608
vt 0.208980 0.760746
vt 0.192734 0.789842
vt 0.180484 0.769732
vt 0.171921 0.788819
vt 0.157515 0.762554
vt 0.573835 0.831938
vt 0.610634 0.815930
vt 0.602918 0.845870
vt 0.553278 0.821575
vt 0.580442 0.810681
vt 0.558490 0.806171
vt 0.191736 0.806171
vt 0.196948 0.821575
vt 0.169784 0.810681
vt 0.176391 0.831938
vt 0.139592 0.815930
vt 0.144664 0.786110
vt 0.534023 0.860442
vt 0.579383 0.869204
vt 0.546486 0.884398
vt 0.524733 0.842213
vt 0.557245 0.848936
vt 0.541426 0.833901
vt 0.208800 0.833901
vt 0.225493 0.842213
vt 0.192981 0.848936
vt 0.216203 0.860442
vt 0.147308 0.845870
vt 0.546486 0.884398
vt 0.508191 0.866036
vt 0.534023 0.860442
vt 0.511865 0.891435
vt 0.481859 0.866134
vt 0.485167 0.845417
vt 0.505421 0.846022
vt 0.524733 0.842213
vt 0.265059 0.845417
vt 0.242035 0.866036
vt 0.244805 0.846022
vt 0.268367 0.866134
vt 0.238361 0.891435
vt 0.203740 0.884398
vt 0.216203 0.860442
vt 0.225493 0.842213
vt 0.759568 0.177894
vt 0.763030 0.197103
vt 0.783132 0.175257
vt 0.770332 0.184676
vt 0.777626 0.186156
vt 0.774208 0.194778
vt 0.216869 0.175257
vt 0.222374 0.186156
vt 0.213850 0.181127
vt 0.240432 0.177894
vt 0.229668 0.184676
vt 0.236970 0.197103
vt 0.225792 0.194778
vt 0.469381 0.617758
vt 0.408882 0.630765
vt 0.408153 0.587507
vt 0.509951 0.641510
vt 0.453411 0.647273
vt 0.492105 0.663910
vt 0.450049 0.676375
vt 0.409610 0.674022
vt 0.300177 0.676375
vt 0.267167 0.686046
vt 0.240275 0.641510
vt 0.296815 0.647273
vt 0.280845 0.617758
vt 0.341345 0.630765
vt 0.340616 0.674022
vt 0.765874 0.213520
vt 0.771186 0.234649
vt 0.777530 0.207879
vt 0.234126 0.213520
vt 0.222470 0.207879
vt 0.228814 0.234649
vt 0.400301 0.910556
vt 0.439551 0.909525
vt 0.432409 0.934872
vt 0.407228 0.894437
vt 0.447072 0.885130
vt 0.478397 0.891177
vt 0.474551 0.920758
vt 0.271829 0.891177
vt 0.310675 0.909525
vt 0.275675 0.920758
vt 0.303154 0.885131
vt 0.342998 0.894437
vt 0.349925 0.910556
vt 0.317818 0.934872
vt 0.483059 0.686046
vt 0.454406 0.698551
vt 0.450049 0.676375
vt 0.479512 0.704615
vt 0.460003 0.714724
vt 0.444369 0.714480
vt 0.432071 0.698602
vt 0.305857 0.714480
vt 0.295820 0.698551
vt 0.318155 0.698602
vt 0.290223 0.714724
vt 0.270714 0.704615
vt 0.415721 0.720660
vt 0.434438 0.719796
vt 0.430148 0.728711
vt 0.392812 0.710774
vt 0.419682 0.707193
vt 0.401211 0.692398
vt 0.432071 0.698602
vt 0.444369 0.714480
vt 0.349015 0.692398
vt 0.318155 0.698602
vt 0.357414 0.710774
vt 0.330544 0.707194
vt 0.334505 0.720660
vt 0.315788 0.719796
vt 0.305857 0.714480
vt 0.411463 0.743520
vt 0.427559 0.748080
vt 0.423608 0.756432
vt 0.415721 0.720660
vt 0.420204 0.736114
vt 0.430148 0.728711
vt 0.430302 0.738481
vt 0.431951 0.745678
vt 0.320078 0.728711
vt 0.330022 0.736114
vt 0.319924 0.738481
vt 0.334505 0.720660
vt 0.338763 0.743520
vt 0.322667 0.748080
vt 0.318275 0.745678
vt 0.412294 0.802298
vt 0.423542 0.773857
vt 0.427743 0.795436
vt 0.392195 0.762981
vt 0.409195 0.769765
vt 0.358031 0.762981
vt 0.337932 0.802298
vt 0.341031 0.769765
vt 0.326684 0.773857
vt 0.326618 0.756432
vt 0.402867 0.846753
vt 0.435134 0.849876
vt 0.414155 0.878318
vt 0.391578 0.815187
vt 0.420886 0.829514
vt 0.412294 0.802298
vt 0.436040 0.815125
vt 0.448675 0.830507
vt 0.337932 0.802298
vt 0.314186 0.815125
vt 0.322483 0.795436
vt 0.358648 0.815187
vt 0.329340 0.829514
vt 0.347360 0.846753
vt 0.315092 0.849876
vt 0.301551 0.830507
vt 0.478397 0.891177
vt 0.456683 0.861151
vt 0.481859 0.866134
vt 0.447072 0.885131
vt 0.465599 0.840461
vt 0.485167 0.845417
vt 0.293543 0.861151
vt 0.284627 0.840461
vt 0.336071 0.878318
vt 0.268367 0.866134
vt 0.265059 0.845417
vt 0.797593 0.206598
vt 0.791773 0.206854
vt 0.800145 0.197705
vt 0.802580 0.199758
vt 0.802765 0.201587
vt 0.197420 0.199758
vt 0.202407 0.206598
vt 0.197235 0.201587
vt 0.199855 0.197705
vt 0.208228 0.206854
vt 0.202850 0.219961
vt 0.791773 0.206854
vt 0.786094 0.199471
vt 0.782492 0.190815
vt 0.793660 0.190162
vt 0.797710 0.195652
vt 0.217508 0.190815
vt 0.206341 0.190162
vt 0.210391 0.184671
vt 0.213906 0.199471
vt 0.208228 0.206854
vt 0.202290 0.195652
vt 0.774208 0.194778
vt 0.782271 0.186127
vt 0.786150 0.181127
vt 0.777626 0.186156
vt 0.782492 0.190815
vt 0.787880 0.182899
vt 0.789609 0.184671
vt 0.212121 0.182899
vt 0.217508 0.190815
vt 0.217730 0.186127
vt 0.212121 0.182899
vt 0.225792 0.194778
vt 0.222374 0.186156
vt 0.472511 0.824106
vt 0.487963 0.828981
vt 0.465599 0.840461
vt 0.458652 0.815659
vt 0.466180 0.803889
vt 0.477937 0.811208
vt 0.490554 0.816033
vt 0.284046 0.803889
vt 0.277715 0.824106
vt 0.272289 0.811208
vt 0.291574 0.815659
vt 0.262263 0.828981
vt 0.259672 0.816033
vt 0.436040 0.815125
vt 0.439422 0.789579
vt 0.447530 0.803765
vt 0.456118 0.794388
vt 0.310804 0.789579
vt 0.294108 0.794388
vt 0.302138 0.783689
vt 0.314186 0.815125
vt 0.302697 0.803765
vt 0.427743 0.795436
vt 0.434430 0.774883
vt 0.423542 0.773857
vt 0.432908 0.762868
vt 0.438903 0.765722
vt 0.442266 0.773174
vt 0.448088 0.783689
vt 0.311323 0.765722
vt 0.315796 0.774883
vt 0.307960 0.773174
vt 0.317318 0.762868
vt 0.310804 0.789579
vt 0.302138 0.783689
vt 0.427559 0.748080
vt 0.434934 0.755645
vt 0.437813 0.750373
vt 0.441639 0.761612
vt 0.312414 0.750373
vt 0.308587 0.761612
vt 0.305346 0.756293
vt 0.315292 0.755645
vt 0.322667 0.748080
vt 0.439277 0.743779
vt 0.450156 0.743396
vt 0.447517 0.750025
vt 0.444880 0.756293
vt 0.300070 0.743396
vt 0.310949 0.743780
vt 0.302709 0.750025
vt 0.309190 0.736364
vt 0.445033 0.729698
vt 0.441036 0.736364
vt 0.434438 0.719796
vt 0.452267 0.725889
vt 0.456628 0.732950
vt 0.453480 0.737248
vt 0.293598 0.732950
vt 0.305193 0.729698
vt 0.296746 0.737248
vt 0.297959 0.725889
vt 0.315788 0.719796
vt 0.444369 0.714480
vt 0.463534 0.726810
vt 0.478437 0.719479
vt 0.460003 0.714724
vt 0.477300 0.731314
vt 0.464370 0.735905
vt 0.272926 0.731314
vt 0.285856 0.735905
vt 0.274973 0.740887
vt 0.271789 0.719479
vt 0.286692 0.726810
vt 0.503644 0.830386
vt 0.518173 0.828287
vt 0.505421 0.846021
vt 0.487963 0.828981
vt 0.490554 0.816033
vt 0.503021 0.818250
vt 0.514138 0.817861
vt 0.259672 0.816033
vt 0.246582 0.830386
vt 0.247205 0.818250
vt 0.262263 0.828981
vt 0.244805 0.846021
vt 0.225493 0.842213
vt 0.232053 0.828287
vt 0.236088 0.817861
vt 0.553278 0.821575
vt 0.530198 0.822686
vt 0.538533 0.813905
vt 0.522718 0.814756
vt 0.528105 0.808602
vt 0.220028 0.822686
vt 0.227508 0.814756
vt 0.208800 0.833901
vt 0.196948 0.821575
vt 0.211693 0.813905
vt 0.222121 0.808602
vt 0.557492 0.789842
vt 0.542359 0.802666
vt 0.541688 0.790371
vt 0.558490 0.806171
vt 0.530589 0.800274
vt 0.529884 0.790937
vt 0.207867 0.802666
vt 0.219637 0.800274
vt 0.191736 0.806171
vt 0.208538 0.790370
vt 0.220342 0.790937
vt 0.528652 0.766937
vt 0.541246 0.760746
vt 0.541688 0.790371
vt 0.536851 0.778343
vt 0.529884 0.790938
vt 0.525704 0.781560
vt 0.518616 0.772368
vt 0.220342 0.790938
vt 0.213375 0.778343
vt 0.224522 0.781560
vt 0.208538 0.790371
vt 0.198899 0.774608
vt 0.221574 0.766937
vt 0.231610 0.772368
vt 0.505399 0.746589
vt 0.513367 0.736876
vt 0.517955 0.756285
vt 0.509370 0.763442
vt 0.498612 0.755016
vt 0.240856 0.763442
vt 0.232271 0.756285
vt 0.221821 0.748145
vt 0.244827 0.746589
vt 0.251614 0.755016
vt 0.496558 0.727138
vt 0.477300 0.731314
vt 0.491597 0.738115
vt 0.486986 0.747379
vt 0.475253 0.740887
vt 0.263240 0.747379
vt 0.258629 0.738115
vt 0.253668 0.727138
vt 0.272926 0.731314
vt 0.274973 0.740887
vt 0.447517 0.750025
vt 0.452087 0.763081
vt 0.444880 0.756293
vt 0.459045 0.749893
vt 0.455685 0.756610
vt 0.468180 0.756304
vt 0.464135 0.763449
vt 0.459747 0.770475
vt 0.282046 0.756304
vt 0.294541 0.756610
vt 0.286091 0.763449
vt 0.291181 0.749893
vt 0.302709 0.750025
vt 0.298139 0.763080
vt 0.290479 0.770475
vt 0.468227 0.778068
vt 0.477670 0.763032
vt 0.473058 0.770482
vt 0.487212 0.769934
vt 0.482260 0.777402
vt 0.477403 0.785326
vt 0.263014 0.769934
vt 0.277168 0.770482
vt 0.267966 0.777402
vt 0.272556 0.763032
vt 0.281999 0.778068
vt 0.272823 0.785326
vt 0.486979 0.791737
vt 0.496379 0.776723
vt 0.491422 0.783852
vt 0.500080 0.789536
vt 0.496472 0.797007
vt 0.253848 0.776723
vt 0.250146 0.789536
vt 0.245572 0.783088
vt 0.258804 0.783852
vt 0.263247 0.791737
vt 0.253754 0.797007
vt 0.500080 0.789536
vt 0.505391 0.800947
vt 0.496472 0.797007
vt 0.504655 0.783088
vt 0.507840 0.794163
vt 0.511487 0.788671
vt 0.514839 0.797337
vt 0.513407 0.803572
vt 0.238739 0.788671
vt 0.235387 0.797337
vt 0.234310 0.792605
vt 0.245572 0.783088
vt 0.242386 0.794163
vt 0.250146 0.789536
vt 0.244835 0.800947
vt 0.236819 0.803572
vt 0.503671 0.808749
vt 0.512591 0.810111
vt 0.493347 0.805634
vt 0.496472 0.797007
vt 0.505391 0.800947
vt 0.513407 0.803572
vt 0.246555 0.808749
vt 0.244835 0.800947
vt 0.256879 0.805634
vt 0.237635 0.810111
vt 0.236819 0.803572
vt 0.472218 0.793997
vt 0.466180 0.803889
vt 0.482612 0.800664
vt 0.493347 0.805634
vt 0.267614 0.800664
vt 0.278008 0.793996
vt 0.272289 0.811207
vt 0.462780 0.785958
vt 0.472218 0.793996
vt 0.454615 0.777290
vt 0.468227 0.778068
vt 0.477403 0.785326
vt 0.290479 0.770475
vt 0.287446 0.785958
vt 0.281999 0.778068
vt 0.295611 0.777290
vt 0.278008 0.793997
vt 0.444880 0.756293
vt 0.447806 0.768861
vt 0.441639 0.761612
vt 0.452087 0.763080
vt 0.454615 0.777290
vt 0.448088 0.783689
vt 0.442266 0.773174
vt 0.302138 0.783689
vt 0.302420 0.768861
vt 0.307960 0.773174
vt 0.295611 0.777290
vt 0.298139 0.763080
vt 0.305346 0.756293
vt 0.308587 0.761612
vt 0.453481 0.737248
vt 0.475253 0.740887
vt 0.462329 0.743171
vt 0.472052 0.748977
vt 0.450156 0.743396
vt 0.278174 0.748977
vt 0.291181 0.749893
vt 0.282046 0.756304
vt 0.287897 0.743171
vt 0.296746 0.737248
vt 0.498612 0.755016
vt 0.482333 0.755496
vt 0.486986 0.747379
vt 0.492608 0.762628
vt 0.477670 0.763032
vt 0.468180 0.756304
vt 0.472052 0.748977
vt 0.282046 0.756304
vt 0.267893 0.755496
vt 0.278174 0.748977
vt 0.257618 0.762628
vt 0.251614 0.755016
vt 0.263240 0.747379
vt 0.274973 0.740887
vt 0.510721 0.777545
vt 0.509370 0.763442
vt 0.504655 0.783088
vt 0.502268 0.770080
vt 0.496379 0.776723
vt 0.253848 0.776723
vt 0.263014 0.769934
vt 0.245572 0.783088
vt 0.247958 0.770081
vt 0.239505 0.777545
vt 0.240856 0.763442
vt 0.521280 0.791790
vt 0.525704 0.781560
vt 0.515916 0.792605
vt 0.517340 0.784766
vt 0.511487 0.788671
vt 0.510721 0.777545
vt 0.518616 0.772367
vt 0.238739 0.788671
vt 0.239505 0.777545
vt 0.232886 0.784766
vt 0.228946 0.791790
vt 0.224522 0.781560
vt 0.231610 0.772368
vt 0.528105 0.808602
vt 0.521914 0.798867
vt 0.530589 0.800274
vt 0.520518 0.805432
vt 0.228313 0.798867
vt 0.235387 0.797337
vt 0.229708 0.805432
vt 0.222121 0.808602
vt 0.220342 0.790937
vt 0.514138 0.817861
vt 0.518623 0.810120
vt 0.522718 0.814756
vt 0.513407 0.803572
vt 0.512591 0.810111
vt 0.522718 0.814756
vt 0.520518 0.805432
vt 0.229708 0.805432
vt 0.222121 0.808602
vt 0.236819 0.803572
vt 0.231603 0.810120
vt 0.229708 0.805432
vt 0.236088 0.817861
vt 0.237635 0.810111
vt 0.568762 0.682226
vt 0.566273 0.646693
vt 0.589878 0.668123
vt 0.542017 0.662681
vt 0.538478 0.622491
vt 0.573626 0.608689
vt 0.594854 0.633867
vt 0.613430 0.656303
vt 0.176600 0.608689
vt 0.183953 0.646693
vt 0.155372 0.633867
vt 0.211748 0.622491
vt 0.181464 0.682226
vt 0.160348 0.668123
vt 0.136796 0.656303
vt 0.611015 0.687599
vt 0.631455 0.705072
vt 0.592767 0.700818
vt 0.589878 0.668123
vt 0.613430 0.656303
vt 0.629727 0.676448
vt 0.644209 0.693364
vt 0.136796 0.656303
vt 0.139211 0.687599
vt 0.120499 0.676448
vt 0.160348 0.668123
vt 0.157460 0.700818
vt 0.118771 0.705072
vt 0.106017 0.693364
vt 0.642922 0.736745
vt 0.673244 0.724813
vt 0.652619 0.719468
vt 0.657429 0.705559
vt 0.668306 0.711200
vt 0.097607 0.719468
vt 0.092797 0.705559
vt 0.107304 0.736745
vt 0.076982 0.724813
vt 0.081920 0.711200
vt 0.705503 0.727743
vt 0.697858 0.689895
vt 0.727131 0.698475
vt 0.688458 0.712496
vt 0.673880 0.702051
vt 0.676134 0.685740
vt 0.076346 0.702051
vt 0.061769 0.712496
vt 0.044724 0.727743
vt 0.052368 0.689895
vt 0.074092 0.685740
vt 0.728468 0.661423
vt 0.697046 0.633912
vt 0.729804 0.624370
vt 0.699766 0.662313
vt 0.673443 0.664330
vt 0.666976 0.640519
vt 0.076783 0.664330
vt 0.023095 0.698475
vt 0.050460 0.662313
vt 0.021759 0.661423
vt 0.053180 0.633911
vt 0.083250 0.640519
vt 0.725548 0.598652
vt 0.685094 0.585386
vt 0.721292 0.572934
vt 0.691519 0.608294
vt 0.658096 0.616815
vt 0.648021 0.594018
vt 0.058707 0.608294
vt 0.092130 0.616815
vt 0.020422 0.624370
vt 0.024678 0.598652
vt 0.065132 0.585385
vt 0.102205 0.594018
vt 0.639121 0.647453
vt 0.658096 0.616815
vt 0.666976 0.640519
vt 0.625722 0.624589
vt 0.594854 0.633867
vt 0.610651 0.600456
vt 0.155372 0.633867
vt 0.139575 0.600456
vt 0.136796 0.656303
vt 0.124504 0.624589
vt 0.111105 0.647453
vt 0.102205 0.594018
vt 0.650242 0.668729
vt 0.639121 0.647453
vt 0.658459 0.686389
vt 0.644209 0.693364
vt 0.629727 0.676448
vt 0.613430 0.656303
vt 0.106017 0.693364
vt 0.099984 0.668729
vt 0.120499 0.676449
vt 0.091767 0.686389
vt 0.658459 0.686389
vt 0.676134 0.685740
vt 0.663087 0.697564
vt 0.673880 0.702051
vt 0.657429 0.705559
vt 0.644209 0.693364
vt 0.092797 0.705559
vt 0.091767 0.686389
vt 0.106017 0.693364
vt 0.087139 0.697564
vt 0.092797 0.705559
vt 0.091767 0.686389
vt 0.076346 0.702051
vt 0.074092 0.685740
vt 0.673872 0.547863
vt 0.637955 0.572856
vt 0.630034 0.557583
vt 0.719501 0.555539
vt 0.679222 0.565658
vt 0.685094 0.585385
vt 0.030726 0.555539
vt 0.065132 0.585385
vt 0.028934 0.572934
vt 0.076355 0.547863
vt 0.071005 0.565658
vt 0.112271 0.572856
vt 0.102205 0.594018
vt 0.594605 0.574978
vt 0.578456 0.548409
vt 0.610651 0.600456
vt 0.573626 0.608689
vt 0.549921 0.579473
vt 0.526877 0.539235
vt 0.176600 0.608689
vt 0.155621 0.574978
vt 0.200305 0.579473
vt 0.139575 0.600456
vt 0.112271 0.572856
vt 0.120192 0.557583
vt 0.171771 0.548409
vt 0.223349 0.539235
vt 0.505198 0.594610
vt 0.469381 0.617758
vt 0.467515 0.563371
vt 0.538478 0.622491
vt 0.200305 0.579473
vt 0.211748 0.622491
vt 0.176600 0.608689
vt 0.282711 0.563371
vt 0.245028 0.594610
vt 0.342073 0.587507
vt 0.280845 0.617758
vt 0.805140 0.840006
vt 0.853148 0.833559
vt 0.890670 0.889701
vt 0.846080 0.603546
vt 0.874695 0.885579
vt 0.866314 0.879238
vt 0.846080 0.620308
vt 0.852421 0.611927
vt 0.856490 0.875169
vt 0.857933 0.632161
vt 0.856490 0.621751
vt 0.846080 0.873727
vt 0.874695 0.632161
vt 0.856490 0.855521
vt 0.886549 0.603546
vt 0.874695 0.845111
vt 0.876138 0.855521
vt 0.874695 0.591693
vt 0.857933 0.591693
vt 0.876138 0.875169
vt 0.621871 0.210918
vt 0.378129 0.210918
vt 0.319553 0.272960
vt 0.464549 0.389613
vt 0.441607 0.332887
vt 0.407614 0.336007
vt 0.454416 0.275588
vt 0.441607 0.332887
vt 0.483744 0.131512
vt 0.525255 0.080247
vt 0.500000 0.132565
vt 0.485876 0.101670
vt 0.520433 0.187926
vt 0.477959 0.198967
vt 0.513573 0.174668
vt 0.511645 0.190936
vt 0.472598 0.189970
vt 0.546658 0.173864
vt 0.510182 0.082147
vt 0.489407 0.077071
vt 0.504557 0.083604
vt 0.506693 0.084710
vt 0.450738 0.325934
vt 0.448555 0.268014
vt 0.422138 0.338351
vt 0.381473 0.298527
vt 0.434111 0.280939
vt 0.500000 0.385190
vt 0.653327 0.241076
vt 0.627643 0.076039
vt 0.500000 0.055045
vt 0.462693 0.071208
vt 0.557078 0.043913
vt 0.442923 0.043913
vt 0.444577 0.064317
vt 0.595852 0.057066
vt 0.433494 0.115790
vt 0.608571 0.156991
vt 0.418559 0.167678
vt 0.761146 0.084697
vt 0.900585 0.282038
vt 0.281537 0.327870
vt 0.753053 0.294290
vt 0.246947 0.294290
vt 0.148299 0.271726
vt 0.863440 0.233646
vt 0.166905 0.188120
vt 0.786623 0.378317
vt 0.734518 0.447059
vt 0.800333 0.458122
vt 0.810202 0.480489
vt 0.206111 0.477353
vt 0.391429 0.156991
vt 0.683158 0.117844
vt 0.358473 0.112416
vt 0.605394 0.163427
vt 0.394606 0.163427
vt 0.822278 0.117915
vt 0.847946 0.103808
vt 0.177722 0.117915
vt 0.153217 0.132955
vt 0.133732 0.718829
vt 0.541246 0.760746
vt 0.478397 0.891177
vt 0.271829 0.891177
vt 0.303154 0.885131
vt 0.787880 0.182899
vt 0.222374 0.186156
vt 0.217508 0.190815
vt 0.301551 0.830507
vt 0.427743 0.795436
vt 0.322483 0.795436
vt 0.192734 0.789842
vt 0.450156 0.743396
vt 0.300070 0.743396
vt 0.305346 0.756293
vt 0.253754 0.797007
vt 0.284046 0.803889
vt 0.459747 0.770475
vt 0.290479 0.770475
vt 0.487212 0.769934
vt 0.231610 0.772368
vt 0.227508 0.814756
vt 0.509951 0.641510
vt 0.240275 0.641510
vt 0.573626 0.608689
vt 0.083250 0.640519
vt 0.657429 0.705559
vt 0.076346 0.702051
vt 0.717709 0.538143
vt 0.032517 0.538143
s 1
usemtl Suzanne
f 47/1/47 1513/2/1513 508/3/508
f 509/4/509 510/5/510 1513/2/1513
f 1513/2/1513 3/6/3 511/7/511
f 508/3/508 511/7/511 45/8/45
f 4/9/4 1514/10/1514 512/11/512
f 513/12/513 514/13/514 1514/10/1514
f 1514/10/1514 48/14/48 515/15/515
f 512/11/512 515/15/515 46/16/46
f 45/8/45 1515/17/1515 516/18/516
f 511/19/511 517/20/517 1515/17/1515
f 1515/17/1515 5/21/5 518/22/518
f 516/18/516 518/22/518 43/23/43
f 6/24/6 1516/25/1516 519/26/519
f 520/27/520 512/28/512 1516/25/1516
f 1516/25/1516 46/16/46 521/29/521
f 519/26/519 521/29/521 44/30/44
f 3/31/3 1517/32/1517 517/20/517
f 522/33/522 523/34/523 1517/32/1517
f 1517/32/1517 7/35/7 524/36/524
f 517/20/517 524/36/524 5/21/5
f 8/37/8 1518/38/1518 525/39/525
f 526/40/526 527/41/527 1518/38/1518
f 1518/38/1518 4/42/4 520/27/520
f 525/39/525 520/27/520 6/24/6
f 1/43/1 1519/44/1519 510/5/510
f 528/45/528 529/46/529 1519/44/1519
f 1519/44/1519 9/47/9 522/48/522
f 510/5/510 522/48/522 3/6/3
f 10/49/10 1520/50/1520 527/51/527
f 530/52/530 531/53/531 1520/50/1520
f 1520/50/1520 2/54/2 513/12/513
f 527/51/527 513/12/513 4/9/4
f 11/55/11 1521/56/1521 529/46/529
f 532/57/532 533/58/533 1521/56/1521
f 1521/56/1521 15/59/15 534/60/534
f 529/46/529 534/60/534 9/47/9
f 16/61/16 1522/62/1522 535/63/535
f 536/64/536 537/65/537 1522/62/1522
f 1522/62/1522 12/66/12 530/52/530
f 535/63/535 530/52/530 10/49/10
f 9/67/9 1523/68/1523 523/34/523
f 534/69/534 538/70/538 1523/68/1523
f 1523/68/1523 17/71/17 539/72/539
f 523/34/523 539/72/539 7/35/7
f 18/73/18 1524/74/1524 540/75/540
f 541/76/541 535/77/535 1524/74/1524
f 1524/74/1524 10/78/10 526/40/526
f 540/75/540 526/40/526 8/37/8
f 15/79/15 1525/80/1525 538/70/538
f 21/81/21 1525/80/1525 542/82/542
f 543/83/543 544/84/544 1525/80/1525
f 538/70/538 544/84/544 17/71/17
f 546/85/546 545/86/545 20/87/20
f 22/88/22 1526/89/1526 546/85/546
f 1526/89/1526 16/90/16 541/76/541
f 545/86/545 541/76/541 18/73/18
f 13/91/13 1527/92/1527 533/58/533
f 548/93/548 549/94/549 1527/92/1527
f 1527/92/1527 21/95/21 542/96/542
f 533/58/533 542/96/542 15/59/15
f 22/88/22 1528/97/1528 547/98/547
f 550/99/550 551/100/551 1528/97/1528
f 1528/97/1528 14/101/14 536/64/536
f 547/98/547 536/64/536 16/61/16
f 23/102/23 1529/103/1529 549/94/549
f 25/104/25 1529/103/1529 552/105/552
f 553/106/553 554/107/554 1529/103/1529
f 549/94/549 554/107/554 21/95/21
f 556/108/556 555/109/555 28/110/28
f 26/111/26 1530/112/1530 556/108/556
f 1530/112/1530 24/113/24 550/99/550
f 555/109/555 550/99/550 22/88/22
f 554/114/554 543/83/543 21/81/21
f 27/115/27 1531/116/1531 554/114/554
f 558/117/558 559/118/559 1531/116/1531
f 1531/116/1531 19/119/19 543/83/543
f 561/120/561 560/121/560 30/122/30
f 28/123/28 1532/124/1532 561/120/561
f 555/125/555 546/85/546 1532/124/1532
f 1532/124/1532 20/87/20 560/121/560
f 562/126/562 558/117/558 27/115/27
f 33/127/33 1533/128/1533 562/126/562
f 563/129/563 564/130/564 1533/128/1533
f 1533/128/1533 29/131/29 558/117/558
f 566/132/566 565/133/565 32/134/32
f 34/135/34 1534/136/1534 566/132/566
f 567/137/567 561/120/561 1534/136/1534
f 1534/136/1534 30/122/30 565/133/565
f 568/138/568 553/106/553 25/104/25
f 35/139/35 1535/140/1535 568/138/568
f 569/141/569 562/142/562 1535/140/1535
f 1535/140/1535 27/143/27 553/106/553
f 570/144/570 567/145/567 34/146/34
f 36/147/36 1536/148/1536 570/144/570
f 571/149/571 556/108/556 1536/148/1536
f 1536/148/1536 28/110/28 567/145/567
f 572/150/572 569/141/569 35/139/35
f 37/151/37 1537/152/1537 572/150/572
f 573/153/573 574/154/574 1537/152/1537
f 1537/152/1537 33/155/33 569/141/569
f 576/156/576 575/157/575 40/158/40
f 38/159/38 1538/160/1538 576/156/576
f 577/161/577 570/144/570 1538/160/1538
f 1538/160/1538 34/146/34 575/157/575
f 574/154/574 563/129/563 33/127/33
f 39/162/39 1539/163/1539 574/154/574
f 578/164/578 579/165/579 1539/163/1539
f 1539/163/1539 31/166/31 563/129/563
f 581/167/581 580/168/580 42/169/42
f 40/170/40 1540/171/1540 581/167/581
f 575/157/575 566/132/566 1540/171/1540
f 1540/171/1540 32/134/32 580/168/580
f 582/172/582 578/164/578 39/162/39
f 45/8/45 1541/173/1541 582/172/582
f 516/18/516 583/174/583 1541/173/1541
f 1541/173/1541 41/175/41 578/164/578
f 521/29/521 584/176/584 44/30/44
f 46/16/46 1542/177/1542 521/29/521
f 585/178/585 581/167/581 1542/177/1542
f 1542/177/1542 42/169/42 584/176/584
f 586/179/586 573/153/573 37/151/37
f 47/1/47 1543/180/1543 586/179/586
f 508/3/508 582/181/582 1543/180/1543
f 1543/180/1543 39/182/39 573/153/573
f 515/15/515 585/183/585 46/16/46
f 48/14/48 1544/184/1544 515/15/515
f 587/185/587 576/156/576 1544/184/1544
f 1544/184/1544 40/158/40 585/183/585
f 586/186/586 588/187/588 47/188/47
f 37/189/37 1545/190/1545 586/186/586
f 589/191/589 590/192/590 1545/190/1545
f 1545/190/1545 49/193/49 588/187/588
f 592/194/592 591/195/591 52/196/52
f 38/197/38 1546/198/1546 592/194/592
f 587/199/587 593/200/593 1546/198/1546
f 1546/198/1546 50/201/50 591/195/591
f 572/202/572 589/191/589 37/189/37
f 35/203/35 1547/204/1547 572/202/572
f 594/205/594 595/206/595 1547/204/1547
f 1547/204/1547 51/207/51 589/191/589
f 597/208/597 596/209/596 54/210/54
f 36/147/36 1548/211/1548 597/208/597
f 577/212/577 592/194/592 1548/211/1548
f 1548/211/1548 52/196/52 596/209/596
f 568/138/568 594/205/594 35/203/35
f 25/213/25 1549/214/1549 568/138/568
f 598/215/598 599/216/599 1549/214/1549
f 1549/214/1549 53/217/53 594/205/594
f 601/218/601 600/219/600 56/220/56
f 26/221/26 1550/222/1550 601/218/601
f 571/223/571 597/208/597 1550/222/1550
f 1550/222/1550 54/210/54 600/219/600
f 552/224/552 598/215/598 25/213/25
f 552/224/552 602/225/602 1551/226/1551
f 602/225/602 603/227/603 1551/226/1551
f 1551/226/1551 55/228/55 598/215/598
f 605/229/605 604/230/604 58/231/58
f 605/229/605 557/232/557 1552/233/1552
f 557/232/557 601/218/601 1552/233/1552
f 1552/233/1552 56/220/56 604/230/604
f 23/234/23 1553/235/1553 602/225/602
f 548/236/548 606/237/606 1553/235/1553
f 1553/235/1553 59/238/59 607/239/607
f 602/225/602 607/239/607 57/240/57
f 60/241/60 1554/242/1554 608/243/608
f 609/244/609 551/245/551 1554/242/1554
f 1554/242/1554 24/246/24 605/229/605
f 608/243/608 605/229/605 58/231/58
f 13/247/13 1555/248/1555 606/237/606
f 532/249/532 610/250/610 1555/248/1555
f 1555/248/1555 63/251/63 611/252/611
f 606/237/606 611/252/611 59/238/59
f 64/253/64 1556/254/1556 612/255/612
f 613/256/613 537/257/537 1556/254/1556
f 1556/254/1556 14/101/14 609/244/609
f 612/255/612 609/244/609 60/241/60
f 11/55/11 1557/258/1557 610/250/610
f 528/259/528 614/260/614 1557/258/1557
f 1557/258/1557 65/261/65 615/262/615
f 610/250/610 615/262/615 63/251/63
f 66/263/66 1558/264/1558 616/265/616
f 617/266/617 531/267/531 1558/264/1558
f 1558/264/1558 12/268/12 613/256/613
f 616/265/616 613/256/613 64/253/64
f 1/269/1 1559/270/1559 614/260/614
f 509/271/509 588/187/588 1559/270/1559
f 1559/270/1559 49/193/49 618/272/618
f 614/260/614 618/272/618 65/261/65
f 50/201/50 1560/273/1560 619/274/619
f 593/200/593 514/275/514 1560/273/1560
f 1560/273/1560 2/276/2 617/266/617
f 619/274/619 617/266/617 66/263/66
f 621/277/621 620/278/620 61/279/61
f 65/280/65 1561/281/1561 621/282/621
f 49/193/49 1561/281/1561 618/272/618
f 50/201/50 1562/283/1562 622/284/622
f 66/285/66 1562/283/1562 619/286/619
f 622/287/622 623/288/623 62/289/62
f 63/290/63 1563/291/1563 624/292/624
f 65/293/65 1563/291/1563 615/262/615
f 624/294/624 621/295/621 61/279/61
f 623/296/623 625/297/625 62/289/62
f 66/298/66 1564/299/1564 623/300/623
f 64/253/64 1564/299/1564 616/301/616
f 626/302/626 624/303/624 61/279/61
f 59/304/59 1565/305/1565 626/306/626
f 63/307/63 1565/305/1565 611/308/611
f 64/253/64 1566/309/1566 625/310/625
f 60/311/60 1566/309/1566 612/312/612
f 625/313/625 627/314/627 62/289/62
f 628/315/628 626/306/626 61/279/61
f 57/316/57 1567/317/1567 628/318/628
f 59/319/59 1567/317/1567 607/320/607
f 60/241/60 1568/321/1568 627/322/627
f 58/323/58 1568/321/1568 608/324/608
f 627/314/627 629/325/629 62/289/62
f 630/326/630 628/315/628 61/279/61
f 55/327/55 1569/328/1569 630/326/630
f 57/329/57 1569/328/1569 603/330/603
f 58/331/58 1570/332/1570 629/333/629
f 56/334/56 1570/332/1570 604/335/604
f 629/336/629 631/337/631 62/289/62
f 632/338/632 630/339/630 61/279/61
f 53/340/53 1571/341/1571 632/342/632
f 55/228/55 1571/341/1571 599/343/599
f 56/344/56 1572/345/1572 631/346/631
f 54/347/54 1572/345/1572 600/219/600
f 631/348/631 633/349/633 62/289/62
f 634/350/634 632/351/632 61/279/61
f 51/352/51 1573/353/1573 634/354/634
f 53/355/53 1573/353/1573 595/356/595
f 54/357/54 1574/358/1574 633/359/633
f 52/360/52 1574/358/1574 596/361/596
f 633/362/633 635/363/635 62/289/62
f 620/278/620 634/364/634 61/279/61
f 49/193/49 1575/365/1575 620/366/620
f 51/367/51 1575/365/1575 590/368/590
f 52/369/52 1576/370/1576 635/371/635
f 50/372/50 1576/370/1576 591/373/591
f 635/363/635 622/287/622 62/289/62
f 637/374/637 636/375/636 89/376/89
f 174/377/174 1577/378/1577 637/374/637
f 638/379/638 639/380/639 1577/378/1577
f 1577/378/1577 91/381/91 636/375/636
f 640/382/640 639/383/639 176/384/176
f 175/385/175 1578/386/1578 640/382/640
f 641/387/641 642/388/642 1578/386/1578
f 1578/386/1578 91/389/91 639/383/639
f 644/390/644 643/391/643 87/392/87
f 172/393/172 1579/394/1579 644/390/644
f 645/395/645 637/374/637 1579/394/1579
f 1579/394/1579 89/376/89 643/391/643
f 646/396/646 641/387/641 175/385/175
f 173/397/173 1580/398/1580 646/396/646
f 647/399/647 648/400/648 1580/398/1580
f 1580/398/1580 90/401/90 641/387/641
f 85/402/85 1581/403/1581 649/404/649
f 650/405/650 651/406/651 1581/403/1581
f 1581/403/1581 172/393/172 644/390/644
f 1581/403/1581 87/392/87 649/404/649
f 173/397/173 1582/407/1582 647/399/647
f 652/408/652 653/409/653 1582/407/1582
f 1582/407/1582 86/410/86 654/411/654
f 1582/407/1582 88/412/88 647/399/647
f 656/413/656 655/414/655 83/415/83
f 656/413/656 657/416/657 1583/417/1583
f 1583/417/1583 170/418/170 650/405/650
f 655/414/655 650/405/650 85/402/85
f 171/419/171 1584/420/1584 653/409/653
f 658/421/658 659/422/659 1584/420/1584
f 659/422/659 660/423/660 1584/420/1584
f 653/409/653 660/423/660 86/410/86
f 662/424/662 661/425/661 81/426/81
f 662/424/662 663/427/663 1585/428/1585
f 1585/428/1585 168/429/168 656/413/656
f 1585/428/1585 83/415/83 661/425/661
f 169/430/169 1586/431/1586 659/422/659
f 664/432/664 665/433/665 1586/431/1586
f 665/433/665 666/434/666 1586/431/1586
f 1586/431/1586 84/435/84 659/422/659
f 79/436/79 1587/437/1587 667/438/667
f 668/439/668 669/440/669 1587/437/1587
f 1587/437/1587 146/441/146 670/442/670
f 667/438/667 670/442/670 164/443/164
f 147/444/147 1588/445/1588 671/446/671
f 672/447/672 673/448/673 1588/445/1588
f 1588/445/1588 80/449/80 674/450/674
f 671/446/671 674/450/674 165/451/165
f 92/452/92 1589/453/1589 669/454/669
f 675/455/675 676/456/676 1589/453/1589
f 1589/453/1589 148/457/148 677/458/677
f 669/454/669 677/458/677 146/459/146
f 149/460/149 1590/461/1590 678/462/678
f 679/463/679 680/464/680 1590/461/1590
f 1590/461/1590 93/465/93 672/466/672
f 678/462/678 672/466/672 147/467/147
f 94/468/94 1591/469/1591 676/456/676
f 681/470/681 682/471/682 1591/469/1591
f 1591/469/1591 150/472/150 683/473/683
f 676/456/676 683/473/683 148/457/148
f 151/474/151 1592/475/1592 684/476/684
f 685/477/685 686/478/686 1592/475/1592
f 1592/475/1592 95/479/95 679/463/679
f 684/476/684 679/463/679 149/460/149
f 687/480/687 682/471/682 96/481/96
f 98/482/98 1593/483/1593 687/480/687
f 688/484/688 689/485/689 1593/483/1593
f 682/471/682 689/485/689 150/472/150
f 691/486/691 690/487/690 153/488/153
f 99/489/99 1594/490/1594 691/486/691
f 692/491/692 685/477/685 1594/490/1594
f 690/487/690 685/477/685 151/474/151
f 693/492/693 688/484/688 98/482/98
f 100/493/100 1595/494/1595 693/492/693
f 694/495/694 695/496/695 1595/494/1595
f 1595/494/1595 152/497/152 688/484/688
f 697/498/697 696/499/696 155/500/155
f 101/501/101 1596/502/1596 697/498/697
f 698/503/698 691/486/691 1596/502/1596
f 1596/502/1596 153/488/153 696/499/696
f 699/504/699 694/495/694 100/493/100
f 102/505/102 1597/506/1597 699/504/699
f 700/507/700 701/508/701 1597/506/1597
f 1597/506/1597 154/509/154 694/495/694
f 703/510/703 702/511/702 157/512/157
f 103/513/103 1598/514/1598 703/510/703
f 704/515/704 697/498/697 1598/514/1598
f 1598/514/1598 155/500/155 702/511/702
f 705/516/705 700/507/700 102/505/102
f 104/517/104 1599/518/1599 705/516/705
f 1599/518/1599 158/519/158 707/520/707
f 700/507/700 707/520/707 156/521/156
f 159/522/159 1600/523/1600 708/524/708
f 105/525/105 1600/523/1600 709/526/709
f 710/527/710 703/510/703 1600/523/1600
f 708/524/708 703/510/703 157/512/157
f 711/528/711 706/529/706 104/517/104
f 106/530/106 1601/531/1601 711/528/711
f 712/532/712 713/533/713 1601/531/1601
f 706/529/706 713/533/713 158/519/158
f 715/534/715 714/535/714 161/536/161
f 107/537/107 1602/538/1602 715/534/715
f 716/539/716 709/526/709 1602/538/1602
f 714/535/714 709/526/709 159/522/159
f 717/540/717 712/532/712 106/530/106
f 108/541/108 1603/542/1603 717/540/717
f 718/543/718 719/544/719 1603/542/1603
f 1603/542/1603 160/545/160 712/532/712
f 721/546/721 720/547/720 163/548/163
f 109/549/109 1604/550/1604 721/546/721
f 722/551/722 715/534/715 1604/550/1604
f 1604/550/1604 161/536/161 720/547/720
f 723/552/723 718/553/718 108/554/108
f 67/555/67 1605/556/1605 723/552/723
f 724/557/724 725/558/725 1605/556/1605
f 1605/556/1605 162/559/162 718/553/718
f 724/560/724 726/561/726 68/562/68
f 67/563/67 1606/564/1606 724/560/724
f 727/565/727 721/566/721 1606/564/1606
f 1606/564/1606 163/567/163 726/561/726
f 729/568/729 728/569/728 110/570/110
f 128/571/128 1607/572/1607 729/568/729
f 730/573/730 719/574/719 1607/572/1607
f 1607/572/1607 162/575/162 728/569/728
f 731/576/731 720/577/720 161/578/161
f 129/579/129 1608/580/1608 731/576/731
f 732/581/732 733/582/733 1608/580/1608
f 1608/580/1608 163/583/163 720/577/720
f 734/584/734 730/573/730 128/571/128
f 734/584/734 735/585/735 1609/586/1609
f 1609/586/1609 158/587/158 713/588/713
f 1609/586/1609 160/589/160 730/573/730
f 159/590/159 1610/591/1610 714/592/714
f 736/593/736 737/594/737 1610/591/1610
f 737/594/737 731/576/731 1610/591/1610
f 1610/591/1610 161/578/161 714/592/714
f 739/595/739 738/596/738 126/597/126
f 156/521/156 1611/598/1611 739/595/739
f 707/520/707 735/599/735 1611/598/1611
f 1611/598/1611 179/600/179 738/596/738
f 708/601/708 736/602/736 159/590/159
f 157/512/157 1612/603/1612 708/601/708
f 740/604/740 741/605/741 1612/603/1612
f 1612/603/1612 180/606/180 736/602/736
f 124/607/124 1613/608/1613 742/609/742
f 743/610/743 701/508/701 1613/608/1613
f 701/508/701 739/595/739 1613/608/1613
f 1613/608/1613 126/597/126 742/609/742
f 702/611/702 740/604/740 157/512/157
f 702/611/702 744/612/744 1614/613/1614
f 1614/613/1614 125/614/125 745/615/745
f 1614/613/1614 127/616/127 740/604/740
f 747/617/747 746/618/746 122/619/122
f 152/620/152 1615/621/1615 747/617/747
f 1615/621/1615 154/622/154 743/610/743
f 746/618/746 743/610/743 124/607/124
f 155/623/155 1616/624/1616 744/612/744
f 153/625/153 1616/624/1616 696/626/696
f 748/627/748 749/628/749 1616/624/1616
f 744/612/744 749/628/749 125/614/125
f 751/629/751 750/630/750 120/631/120
f 150/632/150 1617/633/1617 751/629/751
f 689/634/689 747/617/747 1617/633/1617
f 1617/633/1617 122/619/122 750/630/750
f 690/635/690 748/627/748 153/625/153
f 151/636/151 1618/637/1618 690/635/690
f 752/638/752 753/639/753 1618/637/1618
f 1618/637/1618 123/640/123 748/627/748
f 755/641/755 754/642/754 118/643/118
f 148/644/148 1619/645/1619 755/641/755
f 683/646/683 751/629/751 1619/645/1619
f 1619/645/1619 120/631/120 754/642/754
f 684/647/684 752/638/752 151/636/151
f 149/460/149 1620/648/1620 684/647/684
f 756/649/756 757/650/757 1620/648/1620
f 1620/648/1620 121/651/121 752/638/752
f 759/652/759 758/653/758 116/654/116
f 146/655/146 1621/656/1621 759/652/759
f 677/657/677 755/641/755 1621/656/1621
f 1621/656/1621 118/643/118 758/653/758
f 678/658/678 756/649/756 149/460/149
f 147/467/147 1622/659/1622 678/658/678
f 760/660/760 761/661/761 1622/659/1622
f 1622/659/1622 119/662/119 756/649/756
f 114/663/114 1623/664/1623 762/665/762
f 763/666/763 670/667/670 1623/664/1623
f 670/667/670 759/668/759 1623/664/1623
f 1623/664/1623 116/654/116 762/665/762
f 671/669/671 760/670/760 147/671/147
f 671/669/671 764/672/764 1624/673/1624
f 1624/673/1624 115/674/115 765/675/765
f 1624/673/1624 117/676/117 760/670/760
f 114/663/114 1625/677/1625 763/678/763
f 766/679/766 767/680/767 1625/677/1625
f 767/680/767 768/681/768 1625/677/1625
f 763/678/763 768/681/768 164/443/164
f 770/682/770 769/683/769 177/684/177
f 770/682/770 771/685/771 1626/686/1626
f 1626/686/1626 115/687/115 764/688/764
f 769/683/769 764/688/764 165/451/165
f 728/689/728 772/690/772 110/570/110
f 162/559/162 1627/691/1627 728/689/728
f 725/692/725 773/693/773 1627/691/1627
f 1627/691/1627 112/694/112 772/690/772
f 726/695/726 774/696/774 68/562/68
f 163/697/163 1628/698/1628 726/695/726
f 733/699/733 775/700/775 1628/698/1628
f 1628/698/1628 113/701/113 774/696/774
f 112/694/112 1629/702/1629 776/703/776
f 773/693/773 777/704/777 1629/702/1629
f 1629/702/1629 178/705/178 778/706/778
f 776/703/776 778/706/778 183/707/183
f 178/708/178 1630/709/1630 779/710/779
f 777/711/777 774/696/774 1630/709/1630
f 1630/709/1630 113/701/113 780/712/780
f 779/710/779 780/712/780 184/713/184
f 767/714/767 781/715/781 177/684/177
f 181/716/181 1631/717/1631 767/714/767
f 782/718/782 778/706/778 1631/717/1631
f 1631/717/1631 178/719/178 781/715/781
f 783/720/783 779/721/779 184/722/184
f 182/723/182 1632/724/1632 783/720/783
f 770/725/770 781/726/781 1632/724/1632
f 1632/724/1632 178/727/178 779/721/779
f 135/728/135 1633/729/1633 784/730/784
f 785/731/785 786/732/786 1633/729/1633
f 1633/729/1633 176/384/176 638/733/638
f 784/730/784 638/733/638 174/734/174
f 176/735/176 1634/736/1634 640/737/640
f 786/738/786 787/739/787 1634/736/1634
f 1634/736/1634 136/740/136 788/741/788
f 640/737/640 788/741/788 175/742/175
f 133/743/133 1635/744/1635 789/745/789
f 790/746/790 784/730/784 1635/744/1635
f 1635/744/1635 174/734/174 645/747/645
f 789/745/789 645/747/645 172/748/172
f 175/742/175 1636/749/1636 646/750/646
f 788/741/788 791/751/791 1636/749/1636
f 1636/749/1636 134/752/134 792/753/792
f 646/750/646 792/753/792 173/754/173
f 794/755/794 793/756/793 131/757/131
f 133/758/133 1637/759/1637 794/755/794
f 789/760/789 651/761/651 1637/759/1637
f 1637/759/1637 170/762/170 793/756/793
f 792/763/792 652/764/652 173/397/173
f 134/765/134 1638/766/1638 792/763/792
f 795/767/795 796/768/796 1638/766/1638
f 1638/766/1638 171/769/171 652/764/652
f 166/770/166 1639/771/1639 663/427/663
f 797/772/797 798/773/798 1639/771/1639
f 1639/771/1639 185/774/185 799/775/799
f 663/427/663 799/775/799 168/429/168
f 186/776/186 1640/777/1640 800/778/800
f 801/779/801 802/780/802 1640/777/1640
f 1640/777/1640 167/781/167 664/432/664
f 800/778/800 664/432/664 169/430/169
f 131/757/131 1641/782/1641 803/783/803
f 793/784/793 657/785/657 1641/782/1641
f 1641/782/1641 168/786/168 799/775/799
f 803/783/803 799/775/799 185/787/185
f 169/788/169 1642/789/1642 800/790/800
f 658/791/658 796/792/796 1642/789/1642
f 1642/789/1642 132/793/132 804/794/804
f 800/790/800 804/794/804 186/795/186
f 806/796/806 805/797/805 144/798/144
f 190/799/190 1643/800/1643 806/796/806
f 807/801/807 808/802/808 1643/800/1643
f 1643/800/1643 187/803/187 805/797/805
f 807/804/807 809/805/809 189/806/189
f 190/807/190 1644/808/1644 807/804/807
f 810/809/810 811/810/811 1644/808/1644
f 1644/808/1644 188/811/188 809/805/809
f 798/812/798 812/813/812 185/774/185
f 187/803/187 1645/814/1645 798/812/798
f 808/815/808 813/816/813 1645/814/1645
f 1645/814/1645 69/817/69 812/813/812
f 809/818/809 813/819/813 189/820/189
f 188/811/188 1646/821/1646 809/818/809
f 801/822/801 814/823/814 1646/821/1646
f 1646/821/1646 69/824/69 813/819/813
f 816/825/816 815/826/815 130/827/130
f 816/825/816 803/783/803 1647/828/1647
f 1647/828/1647 185/787/185 812/829/812
f 1647/828/1647 69/830/69 815/826/815
f 186/795/186 1648/831/1648 814/832/814
f 804/794/804 817/833/817 1648/831/1648
f 817/833/817 815/826/815 1648/831/1648
f 1648/831/1648 69/834/69 814/832/814
f 142/835/142 1649/836/1649 818/837/818
f 819/838/819 820/839/820 1649/836/1649
f 1649/836/1649 191/840/191 821/841/821
f 818/837/818 821/841/821 144/798/144
f 192/842/192 1650/843/1650 822/844/822
f 823/845/823 824/846/824 1650/843/1650
f 1650/843/1650 143/847/143 825/848/825
f 822/844/822 825/848/825 145/849/145
f 827/850/827 826/851/826 140/852/140
f 195/853/195 1651/854/1651 827/850/827
f 1651/854/1651 193/855/193 819/856/819
f 826/851/826 819/856/819 142/857/142
f 194/858/194 1652/859/1652 824/846/824
f 196/860/196 1652/859/1652 829/861/829
f 830/862/830 831/863/831 1652/859/1652
f 824/846/824 831/863/831 143/864/143
f 833/865/833 832/866/832 139/867/139
f 197/868/197 1653/869/1653 833/865/833
f 834/870/834 827/871/827 1653/869/1653
f 1653/869/1653 140/852/140 832/866/832
f 835/872/835 830/873/830 196/874/196
f 198/875/198 1654/876/1654 835/872/835
f 836/877/836 837/878/837 1654/876/1654
f 1654/876/1654 141/879/141 830/873/830
f 138/880/138 1655/881/1655 838/882/838
f 839/883/839 840/884/840 1655/881/1655
f 840/884/840 833/865/833 1655/881/1655
f 1655/881/1655 139/867/139 838/882/838
f 841/885/841 836/877/836 198/875/198
f 841/885/841 839/886/839 1656/887/1656
f 1656/887/1656 138/880/138 838/888/838
f 1656/887/1656 139/867/139 836/877/836
f 806/889/806 842/890/842 190/891/190
f 144/798/144 1657/892/1657 806/889/806
f 821/893/821 843/894/843 1657/892/1657
f 1657/892/1657 70/895/70 842/890/842
f 822/896/822 844/897/844 192/898/192
f 145/849/145 1658/899/1658 822/896/822
f 810/900/810 842/901/842 1658/899/1658
f 1658/899/1658 70/902/70 844/897/844
f 843/894/843 845/903/845 70/895/70
f 191/840/191 1659/904/1659 843/894/843
f 1659/904/1659 206/905/206 847/906/847
f 1659/904/1659 208/907/208 845/903/845
f 207/908/207 1660/909/1660 848/910/848
f 192/898/192 1660/909/1660 849/911/849
f 844/897/844 845/912/845 1660/909/1660
f 1660/909/1660 208/913/208 848/910/848
f 71/914/71 1661/915/1661 840/884/840
f 850/916/850 851/917/851 1661/915/1661
f 1661/915/1661 200/918/200 852/919/852
f 840/884/840 852/919/852 197/868/197
f 201/920/201 1662/921/1662 853/922/853
f 854/923/854 850/924/850 1662/921/1662
f 1662/921/1662 71/925/71 841/885/841
f 853/922/853 841/885/841 198/875/198
f 852/919/852 834/870/834 197/868/197
f 200/918/200 1663/926/1663 852/919/852
f 1663/926/1663 202/927/202 856/928/856
f 1663/926/1663 195/929/195 834/870/834
f 203/930/203 1664/931/1664 857/932/857
f 201/920/201 1664/931/1664 858/933/858
f 853/922/853 835/872/835 1664/931/1664
f 1664/931/1664 196/874/196 857/932/857
f 856/928/856 828/934/828 195/929/195
f 202/927/202 1665/935/1665 856/928/856
f 859/936/859 860/937/860 1665/935/1665
f 1665/935/1665 193/938/193 828/934/828
f 862/939/862 861/940/861 205/941/205
f 203/930/203 1666/942/1666 862/939/862
f 857/932/857 829/861/829 1666/942/1666
f 1666/942/1666 194/943/194 861/940/861
f 193/938/193 1667/944/1667 820/839/820
f 204/945/204 1667/944/1667 860/937/860
f 863/946/863 846/947/846 1667/944/1667
f 820/839/820 846/947/846 191/840/191
f 864/948/864 849/949/849 207/908/207
f 205/941/205 1668/950/1668 864/948/864
f 1668/950/1668 194/943/194 823/845/823
f 849/949/849 823/845/823 192/842/192
f 865/951/865 851/917/851 199/952/199
f 204/953/204 1669/954/1669 865/951/865
f 1669/954/1669 202/927/202 855/955/855
f 1669/954/1669 200/918/200 851/917/851
f 203/930/203 1670/956/1670 858/957/858
f 205/958/205 1670/956/1670 862/959/862
f 866/960/866 854/923/854 1670/956/1670
f 1670/956/1670 201/920/201 858/957/858
f 199/952/199 1671/961/1671 865/962/865
f 867/963/867 847/964/847 1671/961/1671
f 1671/961/1671 206/905/206 863/965/863
f 865/962/865 863/965/863 204/953/204
f 207/908/207 1672/966/1672 864/967/864
f 848/910/848 867/968/867 1672/966/1672
f 1672/966/1672 199/952/199 866/969/866
f 864/967/864 866/969/866 205/970/205
f 139/867/139 1673/971/1673 868/972/868
f 832/973/832 869/974/869 1673/971/1673
f 1673/971/1673 164/443/164 768/975/768
f 868/972/868 768/975/768 177/684/177
f 165/451/165 1674/976/1674 769/977/769
f 870/978/870 837/878/837 1674/976/1674
f 1674/976/1674 139/867/139 868/972/868
f 769/977/769 868/972/868 177/684/177
f 140/979/140 1675/980/1675 869/974/869
f 142/981/142 1675/980/1675 826/982/826
f 871/983/871 872/984/872 1675/980/1675
f 1675/980/1675 164/443/164 869/974/869
f 874/985/874 873/986/873 212/987/212
f 143/847/143 1676/988/1676 874/985/874
f 1676/988/1676 141/989/141 870/978/870
f 1676/988/1676 165/451/165 873/986/873
f 818/990/818 871/983/871 142/981/142
f 818/990/818 875/991/875 1677/992/1677
f 875/991/875 876/993/876 1677/992/1677
f 1677/992/1677 211/994/211 871/983/871
f 878/995/878 877/996/877 214/997/214
f 878/995/878 825/998/825 1678/999/1678
f 825/998/825 874/985/874 1678/999/1678
f 1678/999/1678 212/987/212 877/996/877
f 805/797/805 875/991/875 144/798/144
f 187/1000/187 1679/1001/1679 805/797/805
f 797/1002/797 879/1003/879 1679/1001/1679
f 1679/1001/1679 213/1004/213 875/991/875
f 802/1005/802 880/1006/880 167/781/167
f 188/811/188 1680/1007/1680 802/1005/802
f 811/1008/811 878/995/878 1680/1007/1680
f 1680/1007/1680 214/997/214 880/1006/880
f 81/1009/81 1681/1010/1681 662/1011/662
f 881/1012/881 882/1013/882 1681/1010/1681
f 882/1013/882 879/1014/879 1681/1010/1681
f 1681/1010/1681 166/1015/166 662/1011/662
f 883/1016/883 880/1017/880 214/1018/214
f 883/1016/883 884/1019/884 1682/1020/1682
f 1682/1020/1682 82/1021/82 665/1022/665
f 1682/1020/1682 167/781/167 880/1017/880
f 885/1023/885 882/1013/882 209/1024/209
f 215/1025/215 1683/1026/1683 885/1023/885
f 886/1027/886 876/1028/876 1683/1026/1683
f 1683/1026/1683 213/1029/213 882/1013/882
f 887/1030/887 877/1031/877 212/1032/212
f 216/1033/216 1684/1034/1684 887/1030/887
f 888/1035/888 883/1016/883 1684/1034/1684
f 1684/1034/1684 214/1018/214 877/1031/877
f 79/1036/79 1685/1037/1685 889/1038/889
f 667/1039/667 872/1040/872 1685/1037/1685
f 1685/1037/1685 211/1041/211 886/1042/886
f 889/1038/889 886/1042/886 215/1043/215
f 212/987/212 1686/1044/1686 887/1045/887
f 873/1046/873 674/1047/674 1686/1044/1686
f 1686/1044/1686 80/1048/80 890/1049/890
f 887/1045/887 890/1049/890 216/1050/216
f 816/1051/816 891/1052/891 131/757/131
f 130/1053/130 1687/1054/1687 816/1051/816
f 892/1055/892 893/1056/893 1687/1054/1687
f 1687/1054/1687 222/1057/222 891/1052/891
f 892/1058/892 894/1059/894 72/1060/72
f 130/1061/130 1688/1062/1688 892/1058/892
f 817/1063/817 895/1064/895 1688/1062/1688
f 1688/1062/1688 223/1065/223 894/1059/894
f 794/1066/794 896/1067/896 133/743/133
f 131/757/131 1689/1068/1689 794/1066/794
f 1689/1068/1689 222/1057/222 897/1069/897
f 896/1067/896 897/1069/897 220/1070/220
f 223/1065/223 1690/1071/1690 898/1072/898
f 132/793/132 1690/1071/1690 895/1064/895
f 795/1073/795 899/1074/899 1690/1071/1690
f 898/1072/898 899/1074/899 221/1075/221
f 135/728/135 1691/1076/1691 900/1077/900
f 133/743/133 1691/1076/1691 790/1078/790
f 1691/1076/1691 220/1079/220 901/1080/901
f 900/1077/900 901/1080/901 218/1081/218
f 221/1082/221 1692/1083/1692 902/1084/902
f 134/1085/134 1692/1083/1692 899/1086/899
f 1692/1083/1692 136/1087/136 903/1088/903
f 902/1084/902 903/1088/903 219/1089/219
f 137/1090/137 1693/1091/1693 904/1092/904
f 785/1093/785 900/1077/900 1693/1091/1693
f 1693/1091/1693 218/1081/218 905/1094/905
f 904/1092/904 905/1094/905 217/1095/217
f 219/1089/219 1694/1096/1694 906/1097/906
f 903/1088/903 787/1098/787 1694/1096/1694
f 1694/1096/1694 137/1099/137 904/1100/904
f 906/1097/906 904/1100/904 217/1095/217
f 905/1101/905 907/1102/907 217/1103/217
f 218/1081/218 1695/1104/1695 905/1101/905
f 908/1105/908 909/1106/909 1695/1104/1695
f 1695/1104/1695 231/1107/231 907/1102/907
f 911/1108/911 910/1109/910 230/1110/230
f 219/1111/219 1696/1112/1696 911/1108/911
f 906/1113/906 907/1114/907 1696/1112/1696
f 1696/1112/1696 231/1107/231 910/1109/910
f 218/1081/218 1697/1115/1697 908/1105/908
f 901/1080/901 912/1116/912 1697/1115/1697
f 1697/1115/1697 227/1117/227 913/1118/913
f 1697/1115/1697 229/1119/229 908/1105/908
f 228/1120/228 1698/1121/1698 914/1122/914
f 915/1123/915 902/1124/902 1698/1121/1698
f 1698/1121/1698 219/1111/219 911/1108/911
f 1698/1121/1698 230/1110/230 914/1122/914
f 220/1070/220 1699/1125/1699 912/1116/912
f 897/1069/897 916/1126/916 1699/1125/1699
f 1699/1125/1699 225/1127/225 917/1128/917
f 912/1116/912 917/1128/917 227/1117/227
f 226/1129/226 1700/1130/1700 918/1131/918
f 919/1132/919 898/1072/898 1700/1130/1700
f 1700/1130/1700 221/1075/221 915/1123/915
f 918/1131/918 915/1123/915 228/1120/228
f 893/1056/893 916/1126/916 222/1057/222
f 72/1133/72 1701/1134/1701 893/1056/893
f 920/1135/920 921/1136/921 1701/1134/1701
f 1701/1134/1701 225/1127/225 916/1126/916
f 920/1135/920 922/1137/922 224/1138/224
f 72/1060/72 1702/1139/1702 920/1135/920
f 894/1059/894 919/1132/919 1702/1139/1702
f 1702/1139/1702 226/1129/226 922/1137/922
f 224/1140/224 1703/1141/1703 921/1142/921
f 923/1143/923 909/1144/909 1703/1141/1703
f 1703/1141/1703 229/1145/229 924/1146/924
f 921/1142/921 924/1146/924 225/1147/225
f 230/1110/230 1704/1148/1704 925/1149/925
f 910/1109/910 923/1143/923 1704/1148/1704
f 1704/1148/1704 224/1150/224 922/1151/922
f 925/1149/925 922/1151/922 226/1152/226
f 225/1147/225 1705/1153/1705 917/1128/917
f 913/1118/913 924/1154/924 229/1145/229
f 227/1117/227 1705/1153/1705 913/1118/913
f 228/1120/228 1706/1155/1706 918/1156/918
f 925/1157/925 914/1158/914 230/1159/230
f 226/1160/226 1706/1155/1706 925/1161/925
f 183/1162/183 1707/1163/1707 926/1164/926
f 782/1165/782 927/1166/927 1707/1163/1707
f 1707/1163/1707 234/1167/234 928/1168/928
f 926/1164/926 928/1168/928 232/1169/232
f 235/1170/235 1708/1171/1708 929/1172/929
f 930/1173/930 783/1174/783 1708/1171/1708
f 1708/1171/1708 184/722/184 931/1175/931
f 929/1172/929 931/1175/931 233/1176/233
f 776/1177/776 932/1178/932 112/1179/112
f 183/1162/183 1709/1180/1709 776/1177/776
f 1709/1180/1709 232/1169/232 933/1181/933
f 932/1178/932 933/1181/933 254/1182/254
f 233/1176/233 1710/1183/1710 934/1184/934
f 184/722/184 1710/1183/1710 931/1175/931
f 780/1185/780 935/1186/935 1710/1183/1710
f 934/1184/934 935/1186/935 255/1187/255
f 110/1188/110 1711/1189/1711 936/1190/936
f 112/1179/112 1711/1189/1711 772/1191/772
f 1711/1189/1711 254/1182/254 937/1192/937
f 1711/1189/1711 256/1193/256 936/1190/936
f 255/1187/255 1712/1194/1712 938/1195/938
f 113/1196/113 1712/1194/1712 935/1186/935
f 1712/1194/1712 111/1197/111 939/1198/939
f 1712/1194/1712 257/1199/257 938/1195/938
f 181/1200/181 1713/1201/1713 927/1166/927
f 114/1202/114 1713/1201/1713 766/1203/766
f 940/1204/940 941/1205/941 1713/1201/1713
f 927/1166/927 941/1205/941 234/1167/234
f 943/1206/943 942/1207/942 253/1208/253
f 115/687/115 1714/1209/1714 943/1206/943
f 1714/1209/1714 182/1210/182 930/1173/930
f 942/1207/942 930/1173/930 235/1170/235
f 114/1202/114 1715/1211/1715 940/1204/940
f 762/1212/762 944/1213/944 1715/1211/1715
f 1715/1211/1715 250/1214/250 945/1215/945
f 1715/1211/1715 252/1216/252 940/1204/940
f 251/1217/251 1716/1218/1716 946/1219/946
f 947/1220/947 765/1221/765 1716/1218/1716
f 1716/1218/1716 115/687/115 943/1206/943
f 1716/1218/1716 253/1208/253 946/1219/946
f 116/654/116 1717/1222/1717 944/1213/944
f 758/1223/758 948/1224/948 1717/1222/1717
f 1717/1222/1717 248/1225/248 949/1226/949
f 944/1213/944 949/1226/949 250/1214/250
f 249/1227/249 1718/1228/1718 950/1229/950
f 951/1230/951 761/1231/761 1718/1228/1718
f 1718/1228/1718 117/1232/117 947/1220/947
f 950/1229/950 947/1220/947 251/1217/251
f 118/1233/118 1719/1234/1719 948/1224/948
f 754/1235/754 952/1236/952 1719/1234/1719
f 1719/1234/1719 246/1237/246 953/1238/953
f 948/1224/948 953/1238/953 248/1225/248
f 247/1239/247 1720/1240/1720 954/1241/954
f 955/1242/955 757/1243/757 1720/1240/1720
f 1720/1240/1720 119/1244/119 951/1230/951
f 954/1241/954 951/1230/951 249/1227/249
f 120/631/120 1721/1245/1721 952/1236/952
f 750/1246/750 956/1247/956 1721/1245/1721
f 1721/1245/1721 244/1248/244 957/1249/957
f 952/1236/952 957/1249/957 246/1237/246
f 245/1250/245 1722/1251/1722 958/1252/958
f 959/1253/959 753/1254/753 1722/1251/1722
f 1722/1251/1722 121/1255/121 955/1242/955
f 958/1252/958 955/1242/955 247/1239/247
f 122/619/122 1723/1256/1723 956/1247/956
f 124/1257/124 1723/1256/1723 746/1258/746
f 960/1259/960 961/1260/961 1723/1256/1723
f 1723/1256/1723 244/1248/244 956/1247/956
f 963/1261/963 962/1262/962 243/1263/243
f 125/614/125 1724/1264/1724 963/1261/963
f 1724/1264/1724 123/1265/123 959/1253/959
f 1724/1264/1724 245/1250/245 962/1262/962
f 742/1266/742 960/1259/960 124/1257/124
f 126/597/126 1725/1267/1725 742/1266/742
f 964/1268/964 965/1269/965 1725/1267/1725
f 1725/1267/1725 242/1270/242 960/1259/960
f 967/1271/967 966/1272/966 241/1273/241
f 127/1274/127 1726/1275/1726 967/1271/967
f 745/615/745 963/1261/963 1726/1275/1726
f 1726/1275/1726 243/1263/243 966/1272/966
f 126/597/126 1727/1276/1727 964/1268/964
f 738/596/738 968/1277/968 1727/1276/1727
f 1727/1276/1727 236/1278/236 969/1279/969
f 964/1268/964 969/1279/969 240/1280/240
f 237/1281/237 1728/1282/1728 970/1283/970
f 971/1284/971 741/1285/741 1728/1282/1728
f 1728/1282/1728 127/1274/127 967/1271/967
f 970/1283/970 967/1271/967 241/1273/241
f 179/1286/179 1729/1287/1729 968/1277/968
f 734/584/734 972/1288/972 1729/1287/1729
f 1729/1287/1729 238/1289/238 973/1290/973
f 968/1277/968 973/1290/973 236/1278/236
f 239/1291/239 1730/1292/1730 974/1293/974
f 975/1294/975 737/1295/737 1730/1292/1730
f 1730/1292/1730 180/1296/180 971/1284/971
f 974/1293/974 971/1284/971 237/1281/237
f 729/1297/729 972/1288/972 128/1298/128
f 729/1297/729 936/1190/936 1731/1299/1731
f 1731/1299/1731 256/1193/256 976/1300/976
f 972/1288/972 976/1300/976 238/1289/238
f 257/1199/257 1732/1301/1732 977/1302/977
f 939/1198/939 732/1303/732 1732/1301/1732
f 732/1303/732 975/1294/975 1732/1301/1732
f 977/1302/977 975/1294/975 239/1291/239
f 238/1304/238 1733/1305/1733 978/1306/978
f 976/1307/976 979/1308/979 1733/1305/1733
f 979/1308/979 980/1309/980 1733/1305/1733
f 1733/1305/1733 276/1310/276 978/1306/978
f 982/1311/982 981/1312/981 259/1313/259
f 982/1311/982 977/1314/977 1734/1315/1734
f 1734/1315/1734 239/1316/239 983/1317/983
f 1734/1315/1734 277/1318/277 981/1312/981
f 236/1319/236 1735/1320/1735 984/1321/984
f 973/1290/973 978/1306/978 1735/1320/1735
f 1735/1320/1735 276/1310/276 985/1322/985
f 984/1321/984 985/1322/985 278/1323/278
f 277/1318/277 1736/1324/1736 986/1325/986
f 983/1317/983 974/1326/974 1736/1324/1736
f 1736/1324/1736 237/1327/237 987/1328/987
f 986/1325/986 987/1328/987 279/1329/279
f 240/1330/240 1737/1331/1737 988/1332/988
f 969/1333/969 984/1321/984 1737/1331/1737
f 1737/1331/1737 278/1323/278 989/1334/989
f 988/1332/988 989/1334/989 274/1335/274
f 279/1329/279 1738/1336/1738 990/1337/990
f 987/1328/987 970/1338/970 1738/1336/1738
f 1738/1336/1738 241/1339/241 991/1340/991
f 990/1337/990 991/1340/991 275/1341/275
f 965/1342/965 992/1343/992 242/1270/242
f 240/1330/240 1739/1344/1739 965/1342/965
f 988/1332/988 993/1345/993 1739/1344/1739
f 1739/1344/1739 272/1346/272 992/1343/992
f 991/1340/991 994/1347/994 275/1341/275
f 241/1339/241 1740/1348/1740 991/1340/991
f 966/1349/966 995/1350/995 1740/1348/1740
f 1740/1348/1740 273/1351/273 994/1347/994
f 961/1352/961 996/1353/996 244/1354/244
f 242/1270/242 1741/1355/1741 961/1352/961
f 992/1343/992 997/1356/997 1741/1355/1741
f 996/1353/996 997/1356/997 270/1357/270
f 995/1350/995 998/1358/998 273/1351/273
f 243/1263/243 1742/1359/1742 995/1350/995
f 962/1262/962 999/1360/999 1742/1359/1742
f 998/1358/998 999/1360/999 271/1361/271
f 246/1362/246 1743/1363/1743 1000/1364/1000
f 957/1249/957 996/1353/996 1743/1363/1743
f 1743/1363/1743 270/1357/270 1001/1365/1001
f 1000/1364/1000 1001/1365/1001 268/1366/268
f 271/1361/271 1744/1367/1744 1002/1368/1002
f 999/1360/999 958/1252/958 1744/1367/1744
f 1744/1367/1744 247/1369/247 1003/1370/1003
f 1002/1368/1002 1003/1370/1003 269/1371/269
f 248/1372/248 1745/1373/1745 1004/1374/1004
f 953/1375/953 1000/1364/1000 1745/1373/1745
f 1745/1373/1745 268/1366/268 1005/1376/1005
f 1004/1374/1004 1005/1376/1005 266/1377/266
f 269/1371/269 1746/1378/1746 1006/1379/1006
f 1003/1370/1003 954/1380/954 1746/1378/1746
f 1746/1378/1746 249/1381/249 1007/1382/1007
f 1006/1379/1006 1007/1382/1007 267/1383/267
f 250/1384/250 1747/1385/1747 1008/1386/1008
f 949/1226/949 1004/1374/1004 1747/1385/1747
f 1004/1374/1004 1009/1387/1009 1747/1385/1747
f 1747/1385/1747 264/1388/264 1008/1386/1008
f 1007/1382/1007 1010/1389/1010 267/1383/267
f 1007/1382/1007 950/1229/950 1748/1390/1748
f 1748/1390/1748 251/1391/251 1011/1392/1011
f 1748/1390/1748 265/1393/265 1010/1389/1010
f 945/1215/945 1012/1394/1012 252/1216/252
f 250/1384/250 1749/1395/1749 945/1215/945
f 1008/1386/1008 1013/1396/1013 1749/1395/1749
f 1749/1395/1749 262/1397/262 1012/1394/1012
f 1011/1392/1011 1014/1398/1014 265/1393/265
f 251/1391/251 1750/1399/1750 1011/1392/1011
f 946/1400/946 1015/1401/1015 1750/1399/1750
f 1750/1399/1750 263/1402/263 1014/1398/1014
f 234/1403/234 1751/1404/1751 1016/1405/1016
f 252/1216/252 1751/1404/1751 941/1406/941
f 1012/1394/1012 1017/1407/1017 1751/1404/1751
f 1016/1405/1016 1017/1407/1017 280/1408/280
f 1015/1401/1015 1018/1409/1018 263/1402/263
f 253/1410/253 1752/1411/1752 1015/1401/1015
f 1752/1411/1752 235/1412/235 1019/1413/1019
f 1018/1409/1018 1019/1413/1019 281/1414/281
f 256/1415/256 1753/1416/1753 979/1308/979
f 937/1192/937 1020/1417/1020 1753/1416/1753
f 1753/1416/1753 260/1418/260 1021/1419/1021
f 979/1308/979 1021/1419/1021 258/1420/258
f 261/1421/261 1754/1422/1754 1022/1423/1022
f 1023/1424/1023 938/1425/938 1754/1422/1754
f 1754/1422/1754 257/1426/257 982/1311/982
f 1022/1423/1022 982/1311/982 259/1313/259
f 254/1427/254 1755/1428/1755 1020/1417/1020
f 933/1429/933 1024/1430/1024 1755/1428/1755
f 1755/1428/1755 282/1431/282 1025/1432/1025
f 1020/1417/1020 1025/1432/1025 260/1418/260
f 283/1433/283 1756/1434/1756 1026/1435/1026
f 1027/1436/1027 934/1437/934 1756/1434/1756
f 1756/1434/1756 255/1187/255 1023/1424/1023
f 1026/1435/1026 1023/1424/1023 261/1421/261
f 232/1438/232 1757/1439/1757 1024/1430/1024
f 928/1440/928 1016/1405/1016 1757/1439/1757
f 1757/1439/1757 280/1408/280 1028/1441/1028
f 1024/1430/1024 1028/1441/1028 282/1431/282
f 281/1414/281 1758/1442/1758 1029/1443/1029
f 1019/1413/1019 929/1444/929 1758/1442/1758
f 1758/1442/1758 233/1445/233 1027/1436/1027
f 1029/1443/1029 1027/1436/1027 283/1433/283
f 723/1446/723 1030/1447/1030 67/1448/67
f 108/554/108 1759/1449/1759 723/1446/723
f 1031/1450/1031 1032/1451/1032 1759/1449/1759
f 1759/1449/1759 73/1452/73 1030/1447/1030
f 1034/1453/1034 1033/1454/1033 285/1455/285
f 109/1456/109 1760/1457/1760 1034/1453/1034
f 727/1458/727 1030/1459/1030 1760/1457/1760
f 1760/1457/1760 73/1452/73 1033/1454/1033
f 717/540/717 1031/1450/1031 108/554/108
f 106/530/106 1761/1460/1761 717/540/717
f 1761/1460/1761 286/1461/286 1036/1462/1036
f 1761/1460/1761 284/1463/284 1031/1450/1031
f 287/1464/287 1762/1465/1762 1037/1466/1037
f 107/1467/107 1762/1465/1762 1038/1468/1038
f 722/1469/722 1034/1453/1034 1762/1465/1762
f 1762/1465/1762 285/1455/285 1037/1466/1037
f 711/1470/711 1035/1471/1035 106/530/106
f 104/1472/104 1763/1473/1763 711/1470/711
f 1039/1474/1039 1040/1475/1040 1763/1473/1763
f 1763/1473/1763 286/1461/286 1035/1471/1035
f 1042/1476/1042 1041/1477/1041 289/1478/289
f 105/1479/105 1764/1480/1764 1042/1476/1042
f 716/539/716 1038/1468/1038 1764/1480/1764
f 1764/1480/1764 287/1464/287 1041/1477/1041
f 705/1481/705 1039/1474/1039 104/1472/104
f 102/1482/102 1765/1483/1765 705/1481/705
f 1043/1484/1043 1044/1485/1044 1765/1483/1765
f 1765/1483/1765 288/1486/288 1039/1474/1039
f 1046/1487/1046 1045/1488/1045 291/1489/291
f 103/1490/103 1766/1491/1766 1046/1487/1046
f 710/1492/710 1042/1476/1042 1766/1491/1766
f 1766/1491/1766 289/1478/289 1045/1488/1045
f 699/1493/699 1043/1484/1043 102/1482/102
f 100/1494/100 1767/1495/1767 699/1493/699
f 1047/1496/1047 1048/1497/1048 1767/1495/1767
f 1767/1495/1767 290/1498/290 1043/1484/1043
f 1050/1499/1050 1049/1500/1049 293/1501/293
f 101/501/101 1768/1502/1768 1050/1499/1050
f 704/1503/704 1046/1487/1046 1768/1502/1768
f 1768/1502/1768 291/1489/291 1049/1500/1049
f 693/1504/693 1047/1496/1047 100/1494/100
f 98/1505/98 1769/1506/1769 693/1504/693
f 1051/1507/1051 1052/1508/1052 1769/1506/1769
f 1769/1506/1769 292/1509/292 1047/1496/1047
f 1054/1510/1054 1053/1511/1053 295/1512/295
f 99/1513/99 1770/1514/1770 1054/1510/1054
f 698/1515/698 1050/1499/1050 1770/1514/1770
f 1770/1514/1770 293/1501/293 1053/1511/1053
f 687/1516/687 1051/1507/1051 98/1505/98
f 96/1517/96 1771/1518/1771 687/1516/687
f 1055/1519/1055 1056/1520/1056 1771/1518/1771
f 1771/1518/1771 294/1521/294 1051/1507/1051
f 1058/1522/1058 1057/1523/1057 297/1524/297
f 97/1525/97 1772/1526/1772 1058/1522/1058
f 692/491/692 1054/1510/1054 1772/1526/1772
f 1772/1526/1772 295/1512/295 1057/1523/1057
f 681/1527/681 1055/1528/1055 96/1529/96
f 681/1527/681 1059/1530/1059 1773/1531/1773
f 1773/1531/1773 298/1532/298 1060/1533/1060
f 1055/1528/1055 1060/1533/1060 296/1534/296
f 299/1535/299 1774/1536/1774 1061/1537/1061
f 1062/1538/1062 686/478/686 1774/1536/1774
f 686/478/686 1058/1522/1058 1774/1536/1774
f 1061/1537/1061 1058/1522/1058 297/1539/297
f 94/1540/94 1775/1541/1775 1059/1542/1059
f 675/1543/675 1063/1544/1063 1775/1541/1775
f 1775/1541/1775 300/1545/300 1064/1546/1064
f 1059/1542/1059 1064/1546/1064 298/1547/298
f 301/1548/301 1776/1549/1776 1065/1550/1065
f 1066/1551/1066 680/464/680 1776/1549/1776
f 1776/1549/1776 95/479/95 1062/1552/1062
f 1065/1550/1065 1062/1552/1062 299/1553/299
f 1068/1554/1068 1067/1555/1067 308/1556/308
f 309/1557/309 1777/1558/1777 1068/1554/1068
f 1069/1559/1069 1070/1560/1070 1777/1558/1777
f 1777/1558/1777 338/1561/338 1067/1555/1067
f 1072/1562/1072 1071/1563/1071 329/1564/329
f 309/1565/309 1778/1566/1778 1072/1562/1072
f 1068/1567/1068 1073/1568/1073 1778/1566/1778
f 1778/1566/1778 339/1569/339 1071/1563/1071
f 1075/1570/1075 1074/1571/1074 307/1572/307
f 308/1556/308 1779/1573/1779 1075/1570/1075
f 1067/1555/1067 1076/1574/1076 1779/1573/1779
f 1779/1573/1779 336/1575/336 1074/1571/1074
f 1073/1568/1073 1077/1576/1077 339/1569/339
f 308/1577/308 1780/1578/1780 1073/1568/1073
f 1075/1579/1075 1078/1580/1078 1780/1578/1780
f 1780/1578/1780 337/1581/337 1077/1576/1077
f 1080/1582/1080 1079/1583/1079 306/1584/306
f 307/1572/307 1781/1585/1781 1080/1582/1080
f 1074/1571/1074 1081/1586/1081 1781/1585/1781
f 1781/1585/1781 340/1587/340 1079/1583/1079
f 1078/1580/1078 1082/1588/1082 337/1581/337
f 307/1589/307 1782/1590/1782 1078/1580/1078
f 1080/1591/1080 1083/1592/1083 1782/1590/1782
f 1782/1590/1782 341/1593/341 1082/1588/1082
f 89/1594/89 1783/1595/1783 1084/1596/1084
f 636/375/636 1085/1597/1085 1783/1595/1783
f 1783/1595/1783 306/1584/306 1079/1598/1079
f 1084/1596/1084 1079/1598/1079 340/1599/340
f 306/1584/306 1784/1600/1784 1083/1592/1083
f 1085/1601/1085 642/1602/642 1784/1600/1784
f 1784/1600/1784 90/1603/90 1086/1604/1086
f 1083/1592/1083 1086/1604/1086 341/1605/341
f 87/392/87 1785/1606/1785 1087/1607/1087
f 643/1608/643 1084/1596/1084 1785/1606/1785
f 1785/1606/1785 340/1599/340 1088/1609/1088
f 1087/1607/1087 1088/1609/1088 334/1610/334
f 341/1605/341 1786/1611/1786 1089/1612/1089
f 1086/1604/1086 648/400/648 1786/1611/1786
f 1786/1611/1786 88/1613/88 1090/1614/1090
f 1089/1612/1089 1090/1614/1090 335/1615/335
f 85/402/85 1787/1616/1787 1091/1617/1091
f 649/1618/649 1087/1607/1087 1787/1616/1787
f 1787/1616/1787 334/1610/334 1092/1619/1092
f 1091/1617/1091 1092/1619/1092 330/1620/330
f 335/1615/335 1788/1621/1788 1093/1622/1093
f 1090/1614/1090 654/1623/654 1788/1621/1788
f 1788/1621/1788 86/1624/86 1094/1625/1094
f 1093/1622/1093 1094/1625/1094 331/1626/331
f 83/1627/83 1789/1628/1789 1095/1629/1095
f 655/414/655 1091/1630/1091 1789/1628/1789
f 1789/1628/1789 330/1620/330 1096/1631/1096
f 1095/1629/1095 1096/1631/1096 332/1632/332
f 331/1633/331 1790/1634/1790 1097/1635/1097
f 1094/1636/1094 660/1637/660 1790/1634/1790
f 1790/1634/1790 84/1638/84 1098/1639/1098
f 1097/1635/1097 1098/1639/1098 333/1640/333
f 1099/1641/1099 1096/1642/1096 330/1620/330
f 1099/1641/1099 1076/1643/1076 1791/1644/1791
f 1791/1644/1791 338/1645/338 1100/1646/1100
f 1791/1644/1791 332/1647/332 1096/1642/1096
f 339/1648/339 1792/1649/1792 1101/1650/1101
f 1077/1651/1077 1102/1652/1102 1792/1649/1792
f 1102/1652/1102 1097/1653/1097 1792/1649/1792
f 1792/1649/1792 333/1640/333 1101/1650/1101
f 330/1620/330 1793/1654/1793 1099/1655/1099
f 334/1610/334 1793/1654/1793 1092/1619/1092
f 1088/1609/1088 1081/1656/1081 1793/1654/1793
f 1793/1654/1793 336/1657/336 1099/1655/1099
f 1089/1658/1089 1082/1659/1082 341/1660/341
f 335/1615/335 1794/1661/1794 1089/1658/1089
f 1794/1661/1794 331/1626/331 1102/1662/1102
f 1794/1661/1794 337/1663/337 1082/1659/1082
f 326/1664/326 1795/1665/1795 1103/1666/1103
f 1104/1667/1104 1100/1668/1100 1795/1665/1795
f 1100/1668/1100 1070/1560/1070 1795/1665/1795
f 1795/1665/1795 328/1669/328 1103/1666/1103
f 1101/1670/1101 1071/1671/1071 339/1648/339
f 1101/1670/1101 1105/1672/1105 1796/1673/1796
f 1796/1673/1796 327/1674/327 1106/1675/1106
f 1796/1673/1796 329/1564/329 1071/1671/1071
f 81/1676/81 1797/1677/1797 1107/1678/1107
f 661/1679/661 1095/1629/1095 1797/1677/1797
f 1797/1677/1797 332/1632/332 1104/1667/1104
f 1107/1678/1107 1104/1667/1104 326/1664/326
f 333/1640/333 1798/1680/1798 1105/1672/1105
f 1098/1639/1098 666/1681/666 1798/1680/1798
f 1798/1680/1798 82/1682/82 1108/1683/1108
f 1105/1672/1105 1108/1683/1108 327/1674/327
f 1109/1684/1109 885/1023/885 209/1685/209
f 1109/1684/1109 1110/1686/1110 1799/1687/1799
f 1799/1687/1799 344/1688/344 1111/1689/1111
f 885/1023/885 1111/1689/1111 215/1690/215
f 345/1691/345 1800/1692/1800 1112/1693/1112
f 1113/1694/1113 1114/1695/1114 1800/1692/1800
f 1114/1695/1114 888/1696/888 1800/1692/1800
f 1112/1693/1112 888/1696/888 216/1050/216
f 1107/1678/1107 881/1697/881 81/1676/81
f 326/1698/326 1801/1699/1801 1107/1678/1107
f 1115/1700/1115 1109/1684/1109 1801/1699/1801
f 1801/1699/1801 209/1685/209 881/1697/881
f 1116/1701/1116 1114/1695/1114 343/1702/343
f 327/1703/327 1802/1704/1802 1116/1701/1116
f 1108/1705/1108 884/1706/884 1802/1704/1802
f 1802/1704/1802 210/1707/210 1114/1695/1114
f 79/1708/79 1803/1709/1803 1117/1710/1117
f 215/1043/215 1803/1709/1803 889/1711/889
f 1111/1689/1111 1118/1712/1118 1803/1709/1803
f 1117/1710/1117 1118/1712/1118 346/1713/346
f 1112/1714/1112 1119/1715/1119 345/1716/345
f 216/1717/216 1804/1718/1804 1112/1714/1112
f 1804/1718/1804 80/1719/80 1120/1720/1120
f 1119/1715/1119 1120/1720/1120 347/1721/347
f 1117/1722/1117 668/1723/668 79/1708/79
f 346/1713/346 1805/1724/1805 1117/1722/1117
f 1121/1725/1121 1063/1544/1063 1805/1724/1805
f 1805/1724/1805 92/1726/92 668/1723/668
f 1122/1727/1122 1066/1728/1066 301/1548/301
f 347/1721/347 1806/1729/1806 1122/1727/1122
f 1120/1730/1120 673/448/673 1806/1729/1806
f 1806/1729/1806 93/1731/93 1066/1728/1066
f 1124/1732/1124 1123/1733/1123 77/1734/77
f 324/1735/324 1807/1736/1807 1124/1732/1124
f 1125/1737/1125 1126/1738/1126 1807/1736/1807
f 1807/1736/1807 304/1739/304 1123/1733/1123
f 1128/1740/1128 1127/1741/1127 353/1742/353
f 325/1743/325 1808/1744/1808 1128/1740/1128
f 1129/1745/1129 1123/1746/1123 1808/1744/1808
f 1808/1744/1808 304/1747/304 1127/1741/1127
f 1126/1738/1126 1130/1748/1130 304/1739/304
f 352/1749/352 1809/1750/1809 1126/1738/1126
f 1131/1751/1131 1132/1752/1132 1809/1750/1809
f 1809/1750/1809 78/1753/78 1130/1748/1130
f 1134/1754/1134 1133/1755/1133 351/1756/351
f 353/1742/353 1810/1757/1810 1134/1754/1134
f 1127/1741/1127 1130/1758/1130 1810/1757/1810
f 1810/1757/1810 78/1759/78 1133/1755/1133
f 1132/1752/1132 1135/1760/1135 78/1753/78
f 1132/1752/1132 1136/1761/1136 1811/1762/1811
f 1136/1761/1136 1137/1763/1137 1811/1762/1811
f 1135/1760/1135 1137/1763/1137 305/1764/305
f 1139/1765/1139 1138/1766/1138 349/1767/349
f 1139/1765/1139 1133/1755/1133 1812/1768/1812
f 1133/1755/1133 1135/1769/1135 1812/1768/1812
f 1138/1766/1138 1135/1769/1135 305/1770/305
f 305/1764/305 1813/1771/1813 1140/1772/1140
f 1137/1763/1137 1141/1773/1141 1813/1771/1813
f 1813/1771/1813 328/1774/328 1069/1559/1069
f 1140/1772/1140 1069/1559/1069 309/1557/309
f 329/1775/329 1814/1776/1814 1072/1777/1072
f 1142/1778/1142 1138/1766/1138 1814/1776/1814
f 1814/1776/1814 305/1770/305 1140/1779/1140
f 1072/1777/1072 1140/1779/1140 309/1565/309
f 1103/1780/1103 1115/1700/1115 326/1698/326
f 328/1781/328 1815/1782/1815 1103/1780/1103
f 1141/1783/1141 1143/1784/1143 1815/1782/1815
f 1815/1782/1815 342/1785/342 1115/1700/1115
f 1142/1786/1142 1144/1787/1144 349/1767/349
f 329/1564/329 1816/1788/1816 1142/1786/1142
f 1106/1789/1106 1116/1701/1116 1816/1788/1816
f 1816/1788/1816 343/1702/343 1144/1787/1144
f 296/1790/296 1817/1791/1817 1145/1792/1145
f 1060/1793/1060 1146/1794/1146 1817/1791/1817
f 1817/1791/1817 318/1795/318 1147/1796/1147
f 1145/1792/1145 1147/1796/1147 310/1797/310
f 319/1798/319 1818/1799/1818 1148/1800/1148
f 1149/1801/1149 1061/1802/1061 1818/1799/1818
f 1818/1799/1818 297/1524/297 1150/1803/1150
f 1148/1800/1148 1150/1803/1150 311/1804/311
f 1152/1805/1152 1151/1806/1151 76/1807/76
f 316/1808/316 1819/1809/1819 1152/1805/1152
f 1153/1810/1153 1124/1732/1124 1819/1809/1819
f 1819/1809/1819 77/1734/77 1151/1806/1151
f 1154/1811/1154 1129/1745/1129 325/1743/325
f 317/1812/317 1820/1813/1820 1154/1811/1154
f 1155/1814/1155 1151/1815/1151 1820/1813/1820
f 1820/1813/1820 77/1816/77 1129/1745/1129
f 1157/1817/1157 1156/1818/1156 302/1819/302
f 358/1820/358 1821/1821/1821 1157/1817/1157
f 1158/1822/1158 1159/1823/1159 1821/1821/1821
f 1821/1821/1821 303/1824/303 1156/1818/1156
f 1161/1825/1161 1160/1826/1160 357/1827/357
f 359/1828/359 1822/1829/1822 1161/1825/1161
f 1162/1830/1162 1156/1831/1156 1822/1829/1822
f 1822/1829/1822 303/1832/303 1160/1826/1160
f 303/1824/303 1823/1833/1823 1163/1834/1163
f 356/1835/356 1823/1833/1823 1159/1823/1159
f 1823/1833/1823 354/1836/354 1165/1837/1165
f 1163/1834/1163 1165/1837/1165 75/1838/75
f 355/1839/355 1824/1840/1824 1166/1841/1166
f 357/1827/357 1824/1840/1824 1167/1842/1167
f 1824/1840/1824 303/1832/303 1163/1843/1163
f 1166/1841/1166 1163/1843/1163 75/1844/75
f 75/1838/75 1825/1845/1825 1168/1846/1168
f 1165/1837/1165 1169/1847/1169 1825/1845/1825
f 1169/1847/1169 1152/1805/1152 1825/1845/1825
f 1168/1846/1168 1152/1805/1152 76/1807/76
f 1170/1848/1170 1155/1814/1155 317/1812/317
f 1170/1848/1170 1166/1841/1166 1826/1849/1826
f 1826/1849/1826 75/1844/75 1168/1850/1168
f 1155/1814/1155 1168/1850/1168 76/1851/76
f 292/1852/292 1827/1853/1827 1171/1854/1171
f 294/1521/294 1827/1853/1827 1052/1855/1052
f 1172/1856/1172 1173/1857/1173 1827/1853/1827
f 1171/1854/1171 1173/1857/1173 364/1858/364
f 1175/1859/1175 1174/1860/1174 363/1861/363
f 295/1512/295 1828/1862/1828 1175/1859/1175
f 1828/1862/1828 293/1863/293 1176/1864/1176
f 1174/1860/1174 1176/1864/1176 365/1865/365
f 364/1866/364 1829/1867/1829 1177/1868/1177
f 1173/1857/1173 1178/1869/1178 1829/1867/1829
f 1829/1867/1829 368/1870/368 1179/1871/1179
f 1177/1868/1177 1179/1871/1179 366/1872/366
f 369/1873/369 1830/1874/1830 1180/1875/1180
f 1181/1876/1181 1174/1860/1174 1830/1874/1830
f 1830/1874/1830 365/1877/365 1182/1878/1182
f 1180/1875/1180 1182/1878/1182 367/1879/367
f 366/1872/366 1831/1880/1831 1183/1881/1183
f 1179/1871/1179 1184/1882/1184 1831/1880/1831
f 1831/1880/1831 370/1883/370 1185/1884/1185
f 1183/1881/1183 1185/1884/1185 372/1885/372
f 371/1886/371 1832/1887/1832 1186/1888/1186
f 1187/1889/1187 1180/1875/1180 1832/1887/1832
f 1832/1887/1832 367/1879/367 1188/1890/1188
f 1186/1888/1186 1188/1890/1188 373/1891/373
f 1185/1892/1185 1189/1893/1189 372/1894/372
f 370/1883/370 1833/1895/1833 1185/1892/1185
f 1190/1896/1190 1191/1897/1191 1833/1895/1833
f 1833/1895/1833 374/1898/374 1189/1893/1189
f 1193/1899/1193 1192/1900/1192 377/1901/377
f 371/1902/371 1834/1903/1834 1193/1899/1193
f 1186/1904/1186 1194/1905/1194 1834/1903/1834
f 1834/1903/1834 375/1906/375 1192/1900/1192
f 314/1907/314 1835/1908/1835 1195/1909/1195
f 378/1910/378 1835/1908/1835 1196/1911/1196
f 1197/1912/1197 1191/1913/1191 1835/1908/1835
f 1835/1908/1835 376/1914/376 1195/1909/1195
f 1198/1915/1198 1192/1916/1192 375/1917/375
f 379/1918/379 1836/1919/1836 1198/1915/1198
f 1836/1919/1836 315/1920/315 1200/1921/1200
f 1836/1919/1836 377/1901/377 1192/1916/1192
f 316/1922/316 1837/1923/1837 1201/1924/1201
f 1169/1925/1169 1202/1926/1202 1837/1923/1837
f 1837/1923/1837 374/1927/374 1197/1928/1197
f 1201/1924/1201 1197/1928/1197 378/1929/378
f 375/1917/375 1838/1930/1838 1198/1931/1198
f 1203/1932/1203 1170/1933/1170 1838/1930/1838
f 1838/1930/1838 317/1934/317 1204/1935/1204
f 1198/1931/1198 1204/1935/1204 379/1936/379
f 354/1937/354 1839/1938/1839 1202/1926/1202
f 1164/1939/1164 1205/1940/1205 1839/1938/1839
f 1839/1938/1839 372/1941/372 1189/1942/1189
f 1202/1926/1202 1189/1942/1189 374/1927/374
f 373/1891/373 1840/1943/1840 1194/1944/1194
f 1206/1945/1206 1167/1946/1167 1840/1943/1840
f 1840/1943/1840 355/1947/355 1203/1932/1203
f 1194/1944/1194 1203/1932/1203 375/1917/375
f 356/1948/356 1841/1949/1841 1205/1940/1205
f 1158/1822/1158 1207/1950/1207 1841/1949/1841
f 1841/1949/1841 366/1951/366 1183/1881/1183
f 1205/1940/1205 1183/1881/1183 372/1941/372
f 367/1952/367 1842/1953/1842 1188/1954/1188
f 1208/1955/1208 1161/1956/1161 1842/1953/1842
f 1842/1953/1842 357/1957/357 1206/1945/1206
f 1188/1954/1188 1206/1945/1206 373/1891/373
f 358/1958/358 1843/1959/1843 1207/1950/1207
f 1209/1960/1209 1210/1961/1210 1843/1959/1843
f 1843/1959/1843 364/1962/364 1177/1868/1177
f 1843/1959/1843 366/1951/366 1207/1950/1207
f 365/1877/365 1844/1963/1844 1182/1964/1182
f 1211/1965/1211 1212/1966/1212 1844/1963/1844
f 1844/1963/1844 359/1967/359 1208/1955/1208
f 1844/1963/1844 367/1952/367 1182/1964/1182
f 1048/1968/1048 1213/1969/1213 290/1970/290
f 292/1852/292 1845/1971/1845 1048/1968/1048
f 1171/1854/1171 1210/1972/1210 1845/1971/1845
f 1845/1971/1845 360/1973/360 1213/1969/1213
f 1176/1864/1176 1211/1974/1211 365/1865/365
f 293/1863/293 1846/1975/1846 1176/1864/1176
f 1049/1976/1049 1214/1977/1214 1846/1975/1846
f 1846/1975/1846 361/1978/361 1211/1974/1211
f 1216/1979/1216 1215/1980/1215 74/1981/74
f 360/1973/360 1847/1982/1847 1216/1979/1216
f 1209/1983/1209 1157/1817/1157 1847/1982/1847
f 1847/1982/1847 302/1819/302 1215/1980/1215
f 1212/1984/1212 1162/1830/1162 359/1828/359
f 361/1978/361 1848/1985/1848 1212/1984/1212
f 1217/1986/1217 1215/1987/1215 1848/1985/1848
f 1848/1985/1848 302/1988/302 1162/1830/1162
f 1036/1989/1036 1218/1990/1218 284/1991/284
f 286/1992/286 1849/1993/1849 1036/1989/1036
f 1849/1993/1849 288/1994/288 1044/1995/1044
f 1218/1990/1218 1044/1995/1044 290/1970/290
f 289/1996/289 1850/1997/1850 1045/1998/1045
f 287/1999/287 1850/1997/1850 1041/2000/1041
f 1037/2001/1037 1219/2002/1219 1850/1997/1850
f 1045/1998/1045 1219/2002/1219 291/2003/291
f 284/1991/284 1851/2004/1851 1220/2005/1220
f 1218/2006/1218 1213/1969/1213 1851/2004/1851
f 1851/2004/1851 360/1973/360 1216/1979/1216
f 1220/2005/1220 1216/1979/1216 74/1981/74
f 361/1978/361 1852/2007/1852 1217/1986/1217
f 1214/1977/1214 1219/2008/1219 1852/2007/1852
f 1852/2007/1852 285/2009/285 1221/2010/1221
f 1217/1986/1217 1221/2010/1221 74/2011/74
f 73/2012/73 1853/2013/1853 1222/2014/1222
f 284/1991/284 1853/2013/1853 1032/2015/1032
f 74/1981/74 1853/2013/1853 1220/2016/1220
f 74/2011/74 1854/2017/1854 1222/2018/1222
f 285/2009/285 1854/2017/1854 1221/2010/1221
f 73/2019/73 1854/2017/1854 1033/2020/1033
f 1056/1520/1056 1172/1856/1172 294/1521/294
f 296/1790/296 1855/2021/1855 1056/1520/1056
f 1145/1792/1145 1223/2022/1223 1855/2021/1855
f 1855/2021/1855 362/2023/362 1172/1856/1172
f 1150/1803/1150 1224/2024/1224 311/1804/311
f 297/1524/297 1856/2025/1856 1150/1803/1150
f 1057/1523/1057 1175/1859/1175 1856/2025/1856
f 1856/2025/1856 363/1861/363 1224/2024/1224
f 310/2026/310 1857/2027/1857 1223/2028/1223
f 1225/2029/1225 1226/2030/1226 1857/2027/1857
f 1857/2027/1857 368/2031/368 1178/2032/1178
f 1223/2028/1223 1178/2032/1178 362/2023/362
f 369/2033/369 1858/2034/1858 1181/1876/1181
f 1227/2035/1227 1228/2036/1228 1858/2034/1858
f 1858/2034/1858 311/2037/311 1224/2038/1224
f 1181/1876/1181 1224/2038/1224 363/1861/363
f 312/2039/312 1859/2040/1859 1226/2030/1226
f 1229/2041/1229 1230/2042/1230 1859/2040/1859
f 1859/2040/1859 370/2043/370 1184/1882/1184
f 1226/2030/1226 1184/1882/1184 368/2031/368
f 371/1902/371 1860/2044/1860 1187/2045/1187
f 1231/2046/1231 1232/2047/1232 1860/2044/1860
f 1860/2044/1860 313/2048/313 1227/2035/1227
f 1187/2045/1187 1227/2035/1227 369/2033/369
f 1195/2049/1195 1233/2050/1233 314/1907/314
f 376/1914/376 1861/2051/1861 1195/2049/1195
f 1190/2052/1190 1230/2042/1230 1861/2051/1861
f 1861/2051/1861 382/2053/382 1233/2050/1233
f 1193/1899/1193 1231/2054/1231 371/2055/371
f 377/1901/377 1862/2056/1862 1193/1899/1193
f 1200/2057/1200 1234/2058/1234 1862/2056/1862
f 1862/2056/1862 383/2059/383 1231/2054/1231
f 1136/2060/1136 1235/2061/1235 348/2062/348
f 350/2063/350 1863/2064/1863 1136/2060/1136
f 1236/2065/1236 1237/2066/1237 1863/2064/1863
f 1235/2061/1235 1237/2066/1237 384/2067/384
f 1239/2068/1239 1238/2069/1238 387/2070/387
f 351/2071/351 1864/2072/1864 1239/2068/1239
f 1139/2073/1139 1240/2074/1240 1864/2072/1864
f 1238/2069/1238 1240/2074/1240 385/2075/385
f 1242/2076/1242 1241/2077/1241 318/1795/318
f 1242/2076/1242 1237/2078/1237 1865/2079/1865
f 1237/2078/1237 1243/2080/1243 1865/2079/1865
f 1865/2079/1865 320/2081/320 1241/2077/1241
f 1238/2069/1238 1244/2082/1244 387/2070/387
f 1238/2069/1238 1245/2083/1245 1866/2084/1866
f 1245/2083/1245 1246/2085/1246 1866/2084/1866
f 1866/2084/1866 321/2086/321 1244/2082/1244
f 298/1547/298 1867/2087/1867 1146/1794/1146
f 1064/1546/1064 1247/2088/1247 1867/2087/1867
f 1867/2087/1867 384/2067/384 1242/2076/1242
f 1146/1794/1146 1242/2076/1242 318/1795/318
f 385/2075/385 1868/2089/1868 1245/2083/1245
f 1248/2090/1248 1065/1550/1065 1868/2089/1868
f 1868/2089/1868 299/1553/299 1149/1801/1149
f 1245/2083/1245 1149/1801/1149 319/1798/319
f 300/1545/300 1869/2091/1869 1247/2088/1247
f 1249/2092/1249 1110/1686/1110 1869/2091/1869
f 1869/2091/1869 342/1785/342 1250/2093/1250
f 1247/2088/1247 1250/2093/1250 384/2067/384
f 343/1702/343 1870/2094/1870 1251/2095/1251
f 1113/2096/1113 1252/2097/1252 1870/2094/1870
f 1870/2094/1870 301/1548/301 1248/2090/1248
f 1251/2095/1251 1248/2090/1248 385/2075/385
f 1143/1784/1143 1250/2098/1250 342/1785/342
f 348/2062/348 1871/2099/1871 1143/1784/1143
f 384/2067/384 1871/2099/1871 1235/2100/1235
f 385/2075/385 1872/2101/1872 1251/2095/1251
f 349/1767/349 1872/2101/1872 1240/2074/1240
f 1251/2095/1251 1144/2102/1144 343/1702/343
f 1121/2103/1121 1249/2104/1249 300/1545/300
f 346/1713/346 1873/2105/1873 1121/1725/1121
f 344/1688/344 1873/2105/1873 1118/2106/1118
f 345/1691/345 1874/2107/1874 1252/2097/1252
f 347/1721/347 1874/2107/1874 1119/2108/1119
f 1252/2109/1252 1122/2110/1122 301/1548/301
f 1253/2111/1253 1196/2112/1196 314/1907/314
f 1253/2111/1253 1254/2113/1254 1875/2114/1875
f 1254/2113/1254 1255/2115/1255 1875/2114/1875
f 1196/2112/1196 1255/2115/1255 378/2116/378
f 1257/2117/1257 1256/2118/1256 381/2119/381
f 1257/2117/1257 1258/2120/1258 1876/2121/1876
f 1258/2120/1258 1199/2122/1199 1876/2121/1876
f 1256/2118/1256 1199/2122/1199 379/1918/379
f 1201/2123/1201 1153/1810/1153 316/1808/316
f 378/1910/378 1877/2124/1877 1201/2123/1201
f 1255/2125/1255 1259/2126/1259 1877/2124/1877
f 1877/2124/1877 324/1735/324 1153/1810/1153
f 1256/2118/1256 1260/2127/1260 381/2119/381
f 379/1918/379 1878/2128/1878 1256/2118/1256
f 1204/2129/1204 1154/1811/1154 1878/2128/1878
f 1878/2128/1878 325/1743/325 1260/2127/1260
f 1243/2080/1243 1261/2130/1261 320/2081/320
f 386/2131/386 1879/2132/1879 1243/2080/1243
f 1262/2133/1262 1254/2134/1254 1879/2132/1879
f 1879/2132/1879 322/2135/322 1261/2130/1261
f 1263/2136/1263 1257/2117/1257 381/2119/381
f 387/2070/387 1880/2137/1880 1263/2136/1263
f 1244/2082/1244 1264/2138/1264 1880/2137/1880
f 1880/2137/1880 323/2139/323 1257/2117/1257
f 1131/2140/1131 1236/2065/1236 350/2063/350
f 352/2141/352 1881/2142/1881 1131/2140/1131
f 1265/2143/1265 1262/2133/1262 1881/2142/1881
f 1881/2142/1881 386/2144/386 1236/2065/1236
f 1266/2145/1266 1263/2136/1263 381/2119/381
f 353/2146/353 1882/2147/1882 1266/2145/1266
f 1134/1754/1134 1239/2068/1239 1882/2147/1882
f 1882/2147/1882 387/2070/387 1263/2136/1263
f 324/2148/324 1883/2149/1883 1125/1737/1125
f 380/2150/380 1883/2149/1883 1259/2151/1259
f 352/2152/352 1883/2149/1883 1265/2143/1265
f 353/2153/353 1884/2154/1884 1128/2155/1128
f 381/2119/381 1884/2154/1884 1266/2156/1266
f 325/2157/325 1884/2154/1884 1260/2158/1260
f 1268/2159/1268 1267/2160/1267 400/2161/400
f 388/2162/388 1885/2163/1885 1268/2159/1268
f 1269/2164/1269 1270/2165/1270 1885/2163/1885
f 1885/2163/1885 402/2166/402 1267/2160/1267
f 1272/2167/1272 1271/2168/1271 415/2169/415
f 389/2170/389 1886/2171/1886 1272/2167/1272
f 1273/2172/1273 1274/2173/1274 1886/2171/1886
f 1886/2171/1886 403/2174/403 1271/2168/1271
f 400/2161/400 1887/2175/1887 1275/2176/1275
f 1267/2177/1267 1276/2178/1276 1887/2175/1887
f 1887/2175/1887 404/2179/404 1277/2180/1277
f 1275/2176/1275 1277/2180/1277 398/2181/398
f 405/2182/405 1888/2183/1888 1278/2184/1278
f 1279/2185/1279 1274/2186/1274 1888/2183/1888
f 1888/2183/1888 401/2187/401 1280/2188/1280
f 1278/2184/1278 1280/2188/1280 399/2189/399
f 398/2181/398 1889/2190/1889 1281/2191/1281
f 404/2179/404 1889/2190/1889 1277/2180/1277
f 1282/2192/1282 1283/2193/1283 1889/2190/1889
f 1889/2190/1889 396/2194/396 1281/2191/1281
f 1285/2195/1285 1284/2196/1284 407/2197/407
f 405/2182/405 1890/2198/1890 1285/2195/1285
f 1890/2198/1890 399/2189/399 1286/2199/1286
f 1890/2198/1890 397/2200/397 1284/2196/1284
f 1283/2193/1283 1287/2201/1287 396/2194/396
f 406/2202/406 1891/2203/1891 1283/2193/1283
f 1288/2204/1288 1289/2205/1289 1891/2203/1891
f 1891/2203/1891 394/2206/394 1287/2201/1287
f 1291/2207/1291 1290/2208/1290 409/2209/409
f 407/2197/407 1892/2210/1892 1291/2207/1291
f 1284/2196/1284 1292/2211/1292 1892/2210/1892
f 1892/2210/1892 395/2212/395 1290/2208/1290
f 1289/2213/1289 1293/2214/1293 394/2206/394
f 408/2215/408 1893/2216/1893 1289/2213/1289
f 1893/2216/1893 410/2217/410 1295/2218/1295
f 1893/2216/1893 392/2219/392 1293/2214/1293
f 411/2220/411 1894/2221/1894 1296/2222/1296
f 409/2223/409 1894/2221/1894 1297/2224/1297
f 1290/2225/1290 1298/2226/1298 1894/2221/1894
f 1894/2221/1894 393/2227/393 1296/2222/1296
f 1295/2218/1295 1299/2228/1299 392/2219/392
f 1295/2218/1295 1300/2229/1300 1895/2230/1895
f 1895/2230/1895 412/2231/412 1301/2232/1301
f 1895/2230/1895 390/2233/390 1299/2228/1299
f 413/2234/413 1896/2235/1896 1302/2236/1302
f 1303/2237/1303 1296/2222/1296 1896/2235/1896
f 1296/2222/1296 1304/2238/1304 1896/2235/1896
f 1896/2235/1896 391/2239/391 1302/2236/1302
f 410/2217/410 1897/2240/1897 1300/2229/1300
f 1305/2241/1305 1306/2242/1306 1897/2240/1897
f 1897/2240/1897 418/2243/418 1307/2244/1307
f 1300/2229/1300 1307/2244/1307 412/2231/412
f 419/2245/419 1898/2246/1898 1308/2247/1308
f 1309/2248/1309 1310/2249/1310 1898/2246/1898
f 1898/2246/1898 411/2220/411 1303/2237/1303
f 1308/2247/1308 1303/2237/1303 413/2234/413
f 408/2215/408 1899/2250/1899 1294/2251/1294
f 1311/2252/1311 1312/2253/1312 1899/2250/1899
f 1899/2250/1899 420/2254/420 1305/2241/1305
f 1294/2251/1294 1305/2241/1305 410/2217/410
f 421/2255/421 1900/2256/1900 1310/2249/1310
f 1313/2257/1313 1314/2258/1314 1900/2256/1900
f 1900/2256/1900 409/2223/409 1297/2224/1297
f 1310/2249/1310 1297/2224/1297 411/2220/411
f 1315/2259/1315 1288/2260/1288 406/2261/406
f 424/2262/424 1901/2263/1901 1315/2259/1315
f 1316/2264/1316 1311/2252/1311 1901/2263/1901
f 1901/2263/1901 408/2215/408 1288/2260/1288
f 1317/2265/1317 1314/2258/1314 423/2266/423
f 425/2267/425 1902/2268/1902 1317/2265/1317
f 1318/2269/1318 1291/2270/1291 1902/2268/1902
f 1902/2268/1902 409/2223/409 1314/2258/1314
f 1319/2271/1319 1282/2272/1282 404/2273/404
f 426/2274/426 1903/2275/1903 1319/2271/1319
f 1320/2276/1320 1315/2259/1315 1903/2275/1903
f 1903/2275/1903 406/2261/406 1282/2272/1282
f 1321/2277/1321 1318/2269/1318 425/2267/425
f 427/2278/427 1904/2279/1904 1321/2277/1321
f 1322/2280/1322 1285/2281/1285 1904/2279/1904
f 1904/2279/1904 407/2282/407 1318/2269/1318
f 1323/2283/1323 1276/2284/1276 402/2285/402
f 428/2286/428 1905/2287/1905 1323/2283/1323
f 1324/2288/1324 1319/2271/1319 1905/2287/1905
f 1905/2287/1905 404/2273/404 1276/2284/1276
f 1325/2289/1325 1322/2280/1322 427/2278/427
f 429/2290/429 1906/2291/1906 1325/2289/1325
f 1326/2292/1326 1279/2185/1279 1906/2291/1906
f 1906/2291/1906 405/2293/405 1322/2280/1322
f 402/2294/402 1907/2295/1907 1323/2296/1323
f 1270/2297/1270 1327/2298/1327 1907/2295/1907
f 1907/2295/1907 416/2299/416 1328/2300/1328
f 1323/2296/1323 1328/2300/1328 428/2301/428
f 417/2302/417 1908/2303/1908 1329/2304/1329
f 1330/2305/1330 1271/2306/1271 1908/2303/1908
f 1908/2303/1908 403/2307/403 1326/2308/1326
f 1329/2304/1329 1326/2308/1326 429/2309/429
f 1241/2310/1241 1331/2311/1331 318/1795/318
f 1241/2310/1241 1332/2312/1332 1909/2313/1909
f 1332/2312/1332 1333/2314/1333 1909/2313/1909
f 1331/2311/1331 1333/2314/1333 442/2315/442
f 1335/2316/1335 1334/2317/1334 445/2318/445
f 1335/2316/1335 1246/2319/1246 1910/2320/1910
f 1246/2319/1246 1336/2321/1336 1910/2320/1910
f 1334/2317/1334 1336/2321/1336 443/2322/443
f 1337/2323/1337 1332/2324/1332 320/2325/320
f 390/2326/390 1911/2327/1911 1337/2323/1337
f 1301/2328/1301 1338/2329/1338 1911/2327/1911
f 1911/2327/1911 444/2330/444 1332/2324/1332
f 1302/2236/1302 1339/2331/1339 413/2332/413
f 391/2333/391 1912/2334/1912 1302/2236/1302
f 1340/2335/1340 1335/2336/1335 1912/2334/1912
f 1912/2334/1912 445/2337/445 1339/2331/1339
f 310/1797/310 1913/2338/1913 1225/2339/1225
f 1147/1796/1147 1331/2311/1331 1913/2338/1913
f 1913/2338/1913 442/2315/442 1341/2340/1341
f 1225/2339/1225 1341/2340/1341 312/2039/312
f 443/2322/443 1914/2341/1914 1342/2342/1342
f 1336/2321/1336 1148/1800/1148 1914/2341/1914
f 1914/2341/1914 311/1804/311 1228/2343/1228
f 1342/2342/1342 1228/2343/1228 313/2048/313
f 382/2344/382 1915/2345/1915 1343/2346/1343
f 1344/2347/1344 1345/2348/1345 1915/2345/1915
f 1915/2345/1915 414/2349/414 1269/2350/1269
f 1343/2346/1343 1269/2350/1269 388/2162/388
f 415/2351/415 1916/2352/1916 1272/2353/1272
f 1346/2354/1346 1347/2355/1347 1916/2352/1916
f 1916/2352/1916 383/2356/383 1348/2357/1348
f 1272/2353/1272 1348/2357/1348 389/2170/389
f 412/2358/412 1917/2359/1917 1338/2360/1338
f 1307/2361/1307 1349/2362/1349 1917/2359/1917
f 1917/2359/1917 440/2363/440 1350/2364/1350
f 1338/2360/1338 1350/2364/1350 444/2330/444
f 441/2365/441 1918/2366/1918 1351/2367/1351
f 1352/2368/1352 1308/2369/1308 1918/2366/1918
f 1918/2366/1918 413/2332/413 1339/2331/1339
f 1351/2367/1351 1339/2331/1339 445/2337/445
f 1354/2370/1354 1353/2371/1353 438/2372/438
f 446/2373/446 1919/2374/1919 1354/2370/1354
f 1355/2375/1355 1350/2376/1350 1919/2374/1919
f 1919/2374/1919 440/2377/440 1353/2371/1353
f 1356/2378/1356 1351/2379/1351 445/2337/445
f 447/2380/447 1920/2381/1920 1356/2378/1356
f 1357/2382/1357 1358/2383/1358 1920/2381/1920
f 1920/2381/1920 441/2384/441 1351/2379/1351
f 1360/2385/1360 1359/2386/1359 434/2387/434
f 1360/2385/1360 1354/2388/1354 1921/2389/1921
f 1921/2389/1921 438/2390/438 1361/2391/1361
f 1921/2389/1921 436/2392/436 1359/2386/1359
f 439/2393/439 1922/2394/1922 1362/2395/1362
f 1357/2396/1357 1363/2397/1363 1922/2394/1922
f 1363/2397/1363 1364/2398/1364 1922/2394/1922
f 1922/2394/1922 437/2399/437 1362/2395/1362
f 1366/2400/1366 1365/2401/1365 432/2402/432
f 1366/2400/1366 1367/2403/1367 1923/2404/1923
f 1367/2403/1367 1360/2385/1360 1923/2404/1923
f 1923/2404/1923 434/2387/434 1365/2401/1365
f 1368/2405/1368 1363/2397/1363 447/2380/447
f 1368/2405/1368 1369/2406/1369 1924/2407/1924
f 1369/2406/1369 1370/2408/1370 1924/2407/1924
f 1924/2407/1924 435/2409/435 1363/2397/1363
f 1372/2410/1372 1371/2411/1371 430/2412/430
f 448/2413/448 1925/2414/1925 1372/2410/1372
f 1366/2415/1366 1373/2416/1373 1925/2414/1925
f 1925/2414/1925 450/2417/450 1371/2411/1371
f 1369/2418/1369 1374/2419/1374 433/2420/433
f 449/2421/449 1926/2422/1926 1369/2418/1369
f 1375/2423/1375 1376/2424/1376 1926/2422/1926
f 1926/2422/1926 451/2425/451 1374/2419/1374
f 414/2426/414 1927/2427/1927 1327/2428/1327
f 430/2412/430 1927/2427/1927 1345/2429/1345
f 1927/2427/1927 450/2417/450 1377/2430/1377
f 1327/2428/1327 1377/2430/1377 416/2431/416
f 451/2425/451 1928/2432/1928 1378/2433/1378
f 431/2434/431 1928/2432/1928 1376/2424/1376
f 1928/2432/1928 415/2169/415 1330/2435/1330
f 1378/2433/1378 1330/2435/1330 417/2436/417
f 312/2039/312 1929/2437/1929 1229/2041/1229
f 1379/2438/1379 1372/2439/1372 1929/2437/1929
f 1929/2437/1929 430/2440/430 1344/2441/1344
f 1229/2041/1229 1344/2441/1344 382/2053/382
f 431/2442/431 1930/2443/1930 1347/2444/1347
f 1375/2445/1375 1380/2446/1380 1930/2443/1930
f 1930/2443/1930 313/2048/313 1232/2447/1232
f 1347/2444/1347 1232/2447/1232 383/2059/383
f 1341/2340/1341 1379/2448/1379 312/2039/312
f 442/2315/442 1931/2449/1931 1341/2340/1341
f 1381/2450/1381 1367/2451/1367 1931/2449/1931
f 1931/2449/1931 448/2452/448 1379/2448/1379
f 1382/2453/1382 1368/2454/1368 447/2455/447
f 443/2322/443 1932/2456/1932 1382/2453/1382
f 1342/2342/1342 1380/2457/1380 1932/2456/1932
f 1932/2456/1932 449/2458/449 1368/2454/1368
f 442/2459/442 1933/2460/1933 1381/2450/1381
f 444/2461/444 1933/2460/1933 1333/2462/1333
f 1381/2463/1381 1355/2464/1355 446/2465/446
f 1356/2466/1356 1382/2467/1382 447/2455/447
f 445/2318/445 1934/2468/1934 1356/2469/1356
f 443/2470/443 1934/2468/1934 1334/2471/1334
f 416/2299/416 1935/2472/1935 1383/2473/1383
f 1377/2474/1377 1384/2475/1384 1935/2472/1935
f 1935/2472/1935 452/2476/452 1385/2477/1385
f 1383/2473/1383 1385/2477/1385 476/2478/476
f 453/2479/453 1936/2480/1936 1386/2481/1386
f 1387/2482/1387 1378/2433/1378 1936/2480/1936
f 1936/2480/1936 417/2302/417 1388/2483/1388
f 1386/2481/1386 1388/2483/1388 477/2484/477
f 1373/2485/1373 1384/2475/1384 450/2417/450
f 1373/2485/1373 1389/2486/1389 1937/2487/1937
f 1389/2486/1389 1390/2488/1390 1937/2487/1937
f 1384/2475/1384 1390/2488/1390 452/2476/452
f 1392/2489/1392 1391/2490/1391 463/2491/463
f 1392/2489/1392 1374/2492/1374 1938/2493/1938
f 1374/2492/1374 1387/2482/1387 1938/2493/1938
f 1391/2490/1391 1387/2482/1387 453/2479/453
f 432/2494/432 1939/2495/1939 1389/2486/1389
f 1365/2496/1365 1393/2497/1393 1939/2495/1939
f 1939/2495/1939 460/2498/460 1394/2499/1394
f 1389/2486/1389 1394/2499/1394 462/2500/462
f 461/2501/461 1940/2502/1940 1395/2503/1395
f 1396/2504/1396 1370/2408/1370 1940/2502/1940
f 1940/2502/1940 433/2420/433 1392/2505/1392
f 1395/2503/1395 1392/2505/1392 463/2506/463
f 1359/2507/1359 1393/2497/1393 434/2387/434
f 436/2392/436 1941/2508/1941 1359/2507/1359
f 1397/2509/1397 1398/2510/1398 1941/2508/1941
f 1941/2508/1941 460/2498/460 1393/2497/1393
f 1400/2511/1400 1399/2512/1399 459/2513/459
f 437/2399/437 1942/2514/1942 1400/2511/1400
f 1364/2515/1364 1396/2504/1396 1942/2514/1942
f 1942/2514/1942 461/2501/461 1399/2512/1399
f 1361/2391/1361 1397/2509/1397 436/2392/436
f 438/2390/438 1943/2516/1943 1361/2391/1361
f 1943/2516/1943 456/2517/456 1402/2518/1402
f 1943/2516/1943 458/2519/458 1397/2509/1397
f 457/2520/457 1944/2521/1944 1403/2522/1403
f 439/2393/439 1944/2521/1944 1404/2523/1404
f 1362/2395/1362 1400/2511/1400 1944/2521/1944
f 1944/2521/1944 459/2513/459 1403/2522/1403
f 438/2390/438 1945/2524/1945 1401/2525/1401
f 1353/2526/1353 1405/2527/1405 1945/2524/1945
f 1945/2524/1945 454/2528/454 1406/2529/1406
f 1401/2525/1401 1406/2529/1406 456/2517/456
f 455/2530/455 1946/2531/1946 1407/2532/1407
f 1408/2533/1408 1358/2534/1358 1946/2531/1946
f 1946/2531/1946 439/2393/439 1404/2523/1404
f 1407/2532/1407 1404/2523/1404 457/2520/457
f 440/2535/440 1947/2536/1947 1405/2527/1405
f 418/2537/418 1947/2536/1947 1349/2538/1349
f 1409/2539/1409 1410/2540/1410 1947/2536/1947
f 1947/2536/1947 454/2528/454 1405/2527/1405
f 1412/2541/1412 1411/2542/1411 475/2543/475
f 419/2544/419 1948/2545/1948 1412/2541/1412
f 1948/2545/1948 441/2384/441 1408/2533/1408
f 1948/2545/1948 455/2530/455 1411/2542/1411
f 428/2301/428 1949/2546/1949 1413/2547/1413
f 1328/2548/1328 1383/2549/1383 1949/2546/1949
f 1949/2546/1949 476/2550/476 1414/2551/1414
f 1413/2547/1413 1414/2551/1414 464/2552/464
f 477/2553/477 1950/2554/1950 1415/2555/1415
f 1388/2556/1388 1329/2557/1329 1950/2554/1950
f 1950/2554/1950 429/2558/429 1416/2559/1416
f 1415/2555/1415 1416/2559/1416 465/2560/465
f 426/2561/426 1951/2562/1951 1417/2563/1417
f 1324/2288/1324 1413/2547/1413 1951/2562/1951
f 1951/2562/1951 464/2552/464 1418/2564/1418
f 1417/2563/1417 1418/2564/1418 466/2565/466
f 465/2560/465 1952/2566/1952 1419/2567/1419
f 1416/2559/1416 1325/2568/1325 1952/2566/1952
f 1952/2566/1952 427/2569/427 1420/2570/1420
f 1419/2567/1419 1420/2570/1420 467/2571/467
f 424/2572/424 1953/2573/1953 1421/2574/1421
f 1320/2575/1320 1417/2563/1417 1953/2573/1953
f 1953/2573/1953 466/2565/466 1422/2576/1422
f 1421/2574/1421 1422/2576/1422 468/2577/468
f 467/2571/467 1954/2578/1954 1423/2579/1423
f 1420/2570/1420 1321/2580/1321 1954/2578/1954
f 1954/2578/1954 425/2267/425 1424/2581/1424
f 1423/2579/1423 1424/2581/1424 469/2582/469
f 1316/2264/1316 1425/2583/1425 422/2584/422
f 1316/2264/1316 1421/2585/1421 1955/2586/1955
f 1955/2586/1955 468/2587/468 1426/2588/1426
f 1425/2583/1425 1426/2588/1426 470/2589/470
f 469/2590/469 1956/2591/1956 1427/2592/1427
f 1424/2593/1424 1317/2594/1317 1956/2591/1956
f 1317/2594/1317 1428/2595/1428 1956/2591/1956
f 1427/2592/1427 1428/2595/1428 471/2596/471
f 1312/2253/1312 1429/2597/1429 420/2598/420
f 422/2584/422 1957/2599/1957 1312/2253/1312
f 1425/2583/1425 1430/2600/1430 1957/2599/1957
f 1957/2599/1957 472/2601/472 1429/2597/1429
f 1428/2595/1428 1431/2602/1431 471/2596/471
f 423/2266/423 1958/2603/1958 1428/2595/1428
f 1313/2604/1313 1432/2605/1432 1958/2603/1958
f 1958/2603/1958 473/2606/473 1431/2602/1431
f 1306/2607/1306 1409/2608/1409 418/2243/418
f 420/2598/420 1959/2609/1959 1306/2607/1306
f 1429/2597/1429 1433/2610/1433 1959/2609/1959
f 1959/2609/1959 474/2611/474 1409/2608/1409
f 1432/2605/1432 1434/2612/1434 473/2606/473
f 421/2255/421 1960/2613/1960 1432/2605/1432
f 1309/2614/1309 1412/2615/1412 1960/2613/1960
f 1960/2613/1960 475/2616/475 1434/2612/1434
f 1402/2617/1402 1435/2618/1435 458/2619/458
f 1402/2617/1402 1436/2620/1436 1961/2621/1961
f 1961/2621/1961 480/2622/480 1437/2623/1437
f 1961/2621/1961 478/2624/478 1435/2618/1435
f 481/2625/481 1962/2626/1962 1438/2627/1438
f 1439/2628/1439 1403/2629/1403 1962/2626/1962
f 1403/2629/1403 1440/2630/1440 1962/2626/1962
f 1962/2626/1962 479/2631/479 1438/2627/1438
f 1437/2623/1437 1441/2632/1441 478/2624/478
f 1437/2623/1437 1442/2633/1442 1963/2634/1963
f 1963/2634/1963 482/2635/482 1443/2636/1443
f 1963/2634/1963 484/2637/484 1441/2632/1441
f 483/2638/483 1964/2639/1964 1444/2640/1444
f 1445/2641/1445 1438/2627/1438 1964/2639/1964
f 1438/2627/1438 1446/2642/1446 1964/2639/1964
f 1964/2639/1964 485/2643/485 1444/2640/1444
f 1443/2636/1443 1447/2644/1447 484/2637/484
f 1443/2636/1443 1448/2645/1448 1965/2646/1965
f 1448/2645/1448 1449/2647/1449 1965/2646/1965
f 1965/2646/1965 486/2648/486 1447/2644/1447
f 1451/2649/1451 1450/2650/1450 489/2651/489
f 1451/2649/1451 1444/2640/1444 1966/2652/1966
f 1444/2640/1444 1452/2653/1452 1966/2652/1966
f 1966/2652/1966 487/2654/487 1450/2650/1450
f 1449/2655/1449 1453/2656/1453 486/2657/486
f 488/2658/488 1967/2659/1967 1449/2655/1449
f 1454/2660/1454 1455/2661/1455 1967/2659/1967
f 1967/2659/1967 492/2662/492 1453/2656/1453
f 1457/2663/1457 1456/2664/1456 491/2665/491
f 489/2666/489 1968/2667/1968 1457/2663/1457
f 1450/2668/1450 1458/2669/1458 1968/2667/1968
f 1968/2667/1968 493/2670/493 1456/2664/1456
f 464/2552/464 1969/2671/1969 1459/2672/1459
f 1414/2551/1414 1460/2673/1460 1969/2671/1969
f 1969/2671/1969 486/2674/486 1453/2675/1453
f 1459/2672/1459 1453/2675/1453 492/2676/492
f 487/2654/487 1970/2677/1970 1458/2678/1458
f 1461/2679/1461 1415/2555/1415 1970/2677/1970
f 1970/2677/1970 465/2560/465 1462/2680/1462
f 1458/2678/1458 1462/2680/1462 493/2681/493
f 1463/2682/1463 1385/2477/1385 452/2683/452
f 484/2637/484 1971/2684/1971 1463/2682/1463
f 1447/2644/1447 1460/2685/1460 1971/2684/1971
f 1971/2684/1971 476/2478/476 1385/2477/1385
f 1452/2653/1452 1461/2679/1461 487/2654/487
f 485/2643/485 1972/2686/1972 1452/2653/1452
f 1464/2687/1464 1386/2688/1386 1972/2686/1972
f 1972/2686/1972 477/2484/477 1461/2679/1461
f 452/2476/452 1973/2689/1973 1463/2690/1463
f 1390/2488/1390 1465/2691/1465 1973/2689/1973
f 1973/2689/1973 478/2624/478 1441/2692/1441
f 1463/2690/1463 1441/2692/1441 484/2693/484
f 479/2694/479 1974/2695/1974 1446/2696/1446
f 1466/2697/1466 1391/2490/1391 1974/2695/1974
f 1974/2695/1974 453/2479/453 1464/2698/1464
f 1446/2696/1446 1464/2698/1464 485/2643/485
f 458/2699/458 1975/2700/1975 1398/2701/1398
f 1435/2702/1435 1465/2703/1465 1975/2700/1975
f 1975/2700/1975 462/2704/462 1394/2705/1394
f 1398/2701/1398 1394/2705/1394 460/2498/460
f 463/2706/463 1976/2707/1976 1395/2708/1395
f 1466/2709/1466 1440/2710/1440 1976/2707/1976
f 1976/2707/1976 459/2711/459 1399/2712/1399
f 1395/2708/1395 1399/2712/1399 461/2501/461
f 1410/2540/1410 1406/2713/1406 454/2528/454
f 474/2714/474 1977/2715/1977 1410/2540/1410
f 1467/2716/1467 1436/2620/1436 1977/2715/1977
f 1977/2715/1977 456/2717/456 1406/2713/1406
f 1468/2718/1468 1439/2719/1439 481/2720/481
f 475/2543/475 1978/2721/1978 1468/2718/1468
f 1411/2542/1411 1407/2722/1407 1978/2721/1978
f 1978/2721/1978 457/2520/457 1439/2719/1439
f 472/2723/472 1979/2724/1979 1433/2725/1433
f 1469/2726/1469 1442/2727/1442 1979/2724/1979
f 1979/2724/1979 480/2728/480 1467/2729/1467
f 1433/2725/1433 1467/2729/1467 474/2611/474
f 481/2730/481 1980/2731/1980 1468/2732/1468
f 1445/2641/1445 1470/2733/1470 1980/2731/1980
f 1980/2731/1980 473/2734/473 1434/2735/1434
f 1468/2732/1468 1434/2735/1434 475/2736/475
f 1471/2737/1471 1430/2738/1430 470/2589/470
f 488/2739/488 1981/2740/1981 1471/2737/1471
f 1448/2741/1448 1469/2726/1469 1981/2740/1981
f 1981/2740/1981 472/2723/472 1430/2738/1430
f 1451/2742/1451 1470/2733/1470 483/2743/483
f 489/2744/489 1982/2745/1982 1451/2742/1451
f 1472/2746/1472 1431/2747/1431 1982/2745/1982
f 1982/2745/1982 473/2734/473 1470/2733/1470
f 1473/2748/1473 1426/2749/1426 468/2577/468
f 490/2750/490 1983/2751/1983 1473/2748/1473
f 1454/2752/1454 1471/2753/1471 1983/2751/1983
f 1983/2751/1983 470/2754/470 1426/2749/1426
f 1457/2755/1457 1472/2756/1472 489/2666/489
f 491/2665/491 1984/2757/1984 1457/2755/1457
f 1474/2758/1474 1427/2759/1427 1984/2757/1984
f 1984/2757/1984 471/2760/471 1472/2756/1472
f 466/2761/466 1985/2762/1985 1422/2763/1422
f 1475/2764/1475 1455/2661/1455 1985/2762/1985
f 1985/2762/1985 490/2750/490 1473/2748/1473
f 1422/2763/1422 1473/2748/1473 468/2577/468
f 491/2665/491 1986/2765/1986 1474/2758/1474
f 1456/2766/1456 1476/2767/1476 1986/2765/1986
f 1986/2765/1986 467/2768/467 1423/2579/1423
f 1474/2758/1474 1423/2579/1423 469/2769/469
f 464/2770/464 1987/2771/1987 1418/2772/1418
f 492/2773/492 1987/2771/1987 1459/2774/1459
f 1418/2775/1418 1475/2776/1475 466/2565/466
f 1476/2777/1476 1419/2567/1419 467/2778/467
f 493/2779/493 1988/2780/1988 1476/2781/1476
f 465/2782/465 1988/2780/1988 1462/2783/1462
f 392/2784/392 1989/2785/1989 1477/2786/1477
f 1299/2787/1299 1478/2788/1478 1989/2785/1989
f 1989/2785/1989 504/2789/504 1479/2790/1479
f 1477/2786/1477 1479/2790/1479 502/2791/502
f 505/2792/505 1990/2793/1990 1480/2794/1480
f 1481/2795/1481 1304/2238/1304 1990/2793/1990
f 1990/2793/1990 393/2796/393 1482/2797/1482
f 1480/2794/1480 1482/2797/1482 503/2798/503
f 394/2206/394 1991/2799/1991 1483/2800/1483
f 1293/2801/1293 1477/2802/1477 1991/2799/1991
f 1991/2799/1991 502/2803/502 1484/2804/1484
f 1483/2800/1483 1484/2804/1484 500/2805/500
f 503/2806/503 1992/2807/1992 1485/2808/1485
f 1482/2809/1482 1298/2810/1298 1992/2807/1992
f 1992/2807/1992 395/2212/395 1486/2811/1486
f 1485/2808/1485 1486/2811/1486 501/2812/501
f 1287/2813/1287 1487/2814/1487 396/2194/396
f 1287/2813/1287 1483/2800/1483 1993/2815/1993
f 1993/2815/1993 500/2805/500 1488/2816/1488
f 1487/2814/1487 1488/2816/1488 498/2817/498
f 501/2812/501 1994/2818/1994 1489/2819/1489
f 1486/2811/1486 1292/2820/1292 1994/2818/1994
f 1292/2820/1292 1490/2821/1490 1994/2818/1994
f 1489/2819/1489 1490/2821/1490 499/2822/499
f 1281/2823/1281 1491/2824/1491 398/2825/398
f 396/2194/396 1995/2826/1995 1281/2823/1281
f 1487/2814/1487 1492/2827/1492 1995/2826/1995
f 1995/2826/1995 496/2828/496 1491/2824/1491
f 1490/2821/1490 1493/2829/1493 499/2822/499
f 397/2200/397 1996/2830/1996 1490/2821/1490
f 1286/2831/1286 1494/2832/1494 1996/2830/1996
f 1996/2830/1996 497/2833/497 1493/2829/1493
f 1275/2834/1275 1495/2835/1495 400/2836/400
f 398/2825/398 1997/2837/1997 1275/2834/1275
f 1491/2824/1491 1496/2838/1496 1997/2837/1997
f 1997/2837/1997 494/2839/494 1495/2835/1495
f 1494/2832/1494 1497/2840/1497 497/2833/497
f 399/2841/399 1998/2842/1998 1494/2832/1494
f 1280/2843/1280 1498/2844/1498 1998/2842/1998
f 1998/2842/1998 495/2845/495 1497/2840/1497
f 1268/2846/1268 1499/2847/1499 388/2848/388
f 400/2836/400 1999/2849/1999 1268/2846/1268
f 1999/2849/1999 494/2839/494 1500/2850/1500
f 1499/2847/1499 1500/2850/1500 506/2851/506
f 495/2845/495 2000/2852/2000 1501/2853/1501
f 401/2854/401 2000/2852/2000 1498/2844/1498
f 1273/2855/1273 1502/2856/1502 2000/2852/2000
f 1501/2853/1501 1502/2856/1502 507/2857/507
f 1503/2858/1503 1500/2859/1500 494/2860/494
f 502/2803/502 2001/2861/2001 1503/2858/1503
f 1479/2862/1479 1504/2863/1504 2001/2861/2001
f 2001/2861/2001 506/2851/506 1500/2859/1500
f 1480/2864/1480 1505/2865/1505 505/2792/505
f 503/2866/503 2002/2867/2002 1480/2864/1480
f 1506/2868/1506 1501/2853/1501 2002/2867/2002
f 2002/2867/2002 507/2869/507 1505/2865/1505
f 494/2839/494 2003/2870/2003 1503/2871/1503
f 1496/2838/1496 1507/2872/1507 2003/2870/2003
f 2003/2870/2003 500/2873/500 1484/2874/1484
f 1503/2871/1503 1484/2874/1484 502/2875/502
f 501/2876/501 2004/2877/2004 1485/2878/1485
f 1508/2879/1508 1497/2840/1497 2004/2877/2004
f 2004/2877/2004 495/2845/495 1506/2868/1506
f 1485/2878/1485 1506/2868/1506 503/2806/503
f 1492/2827/1492 1507/2880/1507 496/2881/496
f 498/2817/498 2005/2882/2005 1492/2883/1492
f 1507/2872/1507 1488/2884/1488 500/2885/500
f 1489/2886/1489 1508/2887/1508 501/2888/501
f 499/2822/499 2006/2889/2006 1489/2890/1489
f 1508/2891/1508 1493/2892/1493 497/2893/497
f 1233/2894/1233 1509/2895/1509 314/2896/314
f 1233/2894/1233 1343/2897/1343 2007/2898/2007
f 1343/2897/1343 1499/2899/1499 2007/2898/2007
f 2007/2898/2007 506/2851/506 1509/2895/1509
f 1348/2900/1348 1502/2901/1502 389/2902/389
f 1348/2900/1348 1234/2903/1234 2008/2904/2008
f 1234/2903/1234 1510/2905/1510 2008/2904/2008
f 2008/2904/2008 507/2906/507 1502/2901/1502
f 314/2896/314 2009/2907/2009 1253/2908/1253
f 1509/2895/1509 1504/2909/1504 2009/2907/2009
f 2009/2907/2009 504/2910/504 1511/2911/1511
f 2009/2907/2009 322/2912/322 1253/2908/1253
f 505/2913/505 2010/2914/2010 1512/2915/1512
f 1505/2916/1505 1510/2917/1510 2010/2914/2010
f 2010/2914/2010 315/2918/315 1258/2919/1258
f 2010/2914/2010 323/2920/323 1512/2915/1512
f 320/2325/320 2011/2921/2011 1337/2922/1337
f 1261/2923/1261 1511/2911/1511 2011/2921/2011
f 1511/2911/1511 1478/2924/1478 2011/2921/2011
f 2011/2921/2011 390/2326/390 1337/2922/1337
f 1512/2925/1512 1481/2926/1481 505/2927/505
f 1512/2925/1512 1264/2928/1264 2012/2929/2012
f 2012/2929/2012 321/2930/321 1340/2931/1340
f 2012/2929/2012 391/2333/391 1481/2926/1481
f 47/1/47 509/4/509 1513/2/1513
f 509/4/509 1/43/1 510/5/510
f 1513/2/1513 510/5/510 3/6/3
f 508/3/508 1513/2/1513 511/7/511
f 4/9/4 513/12/513 1514/10/1514
f 513/12/513 2/54/2 514/13/514
f 1514/10/1514 514/13/514 48/14/48
f 512/11/512 1514/10/1514 515/15/515
f 45/8/45 511/19/511 1515/17/1515
f 511/19/511 3/31/3 517/20/517
f 1515/17/1515 517/20/517 5/21/5
f 516/18/516 1515/17/1515 518/22/518
f 6/24/6 520/27/520 1516/25/1516
f 520/27/520 4/42/4 512/28/512
f 1516/25/1516 512/28/512 46/16/46
f 519/26/519 1516/25/1516 521/29/521
f 3/31/3 522/33/522 1517/32/1517
f 522/33/522 9/67/9 523/34/523
f 1517/32/1517 523/34/523 7/35/7
f 517/20/517 1517/32/1517 524/36/524
f 8/37/8 526/40/526 1518/38/1518
f 526/40/526 10/78/10 527/41/527
f 1518/38/1518 527/41/527 4/42/4
f 525/39/525 1518/38/1518 520/27/520
f 1/43/1 528/45/528 1519/44/1519
f 528/45/528 11/55/11 529/46/529
f 1519/44/1519 529/46/529 9/47/9
f 510/5/510 1519/44/1519 522/48/522
f 10/49/10 530/52/530 1520/50/1520
f 530/52/530 12/66/12 531/53/531
f 1520/50/1520 531/53/531 2/54/2
f 527/51/527 1520/50/1520 513/12/513
f 11/55/11 532/57/532 1521/56/1521
f 532/57/532 13/91/13 533/58/533
f 1521/56/1521 533/58/533 15/59/15
f 529/46/529 1521/56/1521 534/60/534
f 16/61/16 536/64/536 1522/62/1522
f 536/64/536 14/101/14 537/65/537
f 1522/62/1522 537/65/537 12/66/12
f 535/63/535 1522/62/1522 530/52/530
f 9/67/9 534/69/534 1523/68/1523
f 534/69/534 15/79/15 538/70/538
f 1523/68/1523 538/70/538 17/71/17
f 523/34/523 1523/68/1523 539/72/539
f 18/73/18 541/76/541 1524/74/1524
f 541/76/541 16/90/16 535/77/535
f 1524/74/1524 535/77/535 10/78/10
f 540/75/540 1524/74/1524 526/40/526
f 15/79/15 542/82/542 1525/80/1525
f 21/81/21 543/83/543 1525/80/1525
f 543/83/543 19/119/19 544/84/544
f 538/70/538 1525/80/1525 544/84/544
f 546/85/546 1526/89/1526 545/86/545
f 22/88/22 547/2932/547 1526/89/1526
f 1526/89/1526 547/2932/547 16/90/16
f 545/86/545 1526/89/1526 541/76/541
f 13/91/13 548/93/548 1527/92/1527
f 548/93/548 23/102/23 549/94/549
f 1527/92/1527 549/94/549 21/95/21
f 533/58/533 1527/92/1527 542/96/542
f 22/88/22 550/99/550 1528/97/1528
f 550/99/550 24/113/24 551/100/551
f 1528/97/1528 551/100/551 14/101/14
f 547/98/547 1528/97/1528 536/64/536
f 23/102/23 552/105/552 1529/103/1529
f 25/104/25 553/106/553 1529/103/1529
f 553/106/553 27/143/27 554/107/554
f 549/94/549 1529/103/1529 554/107/554
f 556/108/556 1530/112/1530 555/109/555
f 26/111/26 557/2933/557 1530/112/1530
f 1530/112/1530 557/2933/557 24/113/24
f 555/109/555 1530/112/1530 550/99/550
f 554/114/554 1531/116/1531 543/83/543
f 27/115/27 558/117/558 1531/116/1531
f 558/117/558 29/131/29 559/118/559
f 1531/116/1531 559/118/559 19/119/19
f 561/120/561 1532/124/1532 560/121/560
f 28/123/28 555/125/555 1532/124/1532
f 555/125/555 22/88/22 546/85/546
f 1532/124/1532 546/85/546 20/87/20
f 562/126/562 1533/128/1533 558/117/558
f 33/127/33 563/129/563 1533/128/1533
f 563/129/563 31/166/31 564/130/564
f 1533/128/1533 564/130/564 29/131/29
f 566/132/566 1534/136/1534 565/133/565
f 34/135/34 567/137/567 1534/136/1534
f 567/137/567 28/123/28 561/120/561
f 1534/136/1534 561/120/561 30/122/30
f 568/138/568 1535/140/1535 553/106/553
f 35/139/35 569/141/569 1535/140/1535
f 569/141/569 33/155/33 562/142/562
f 1535/140/1535 562/142/562 27/143/27
f 570/144/570 1536/148/1536 567/145/567
f 36/147/36 571/149/571 1536/148/1536
f 571/149/571 26/111/26 556/108/556
f 1536/148/1536 556/108/556 28/110/28
f 572/150/572 1537/152/1537 569/141/569
f 37/151/37 573/153/573 1537/152/1537
f 573/153/573 39/182/39 574/154/574
f 1537/152/1537 574/154/574 33/155/33
f 576/156/576 1538/160/1538 575/157/575
f 38/159/38 577/161/577 1538/160/1538
f 577/161/577 36/147/36 570/144/570
f 1538/160/1538 570/144/570 34/146/34
f 574/154/574 1539/163/1539 563/129/563
f 39/162/39 578/164/578 1539/163/1539
f 578/164/578 41/175/41 579/165/579
f 1539/163/1539 579/165/579 31/166/31
f 581/167/581 1540/171/1540 580/168/580
f 40/170/40 575/157/575 1540/171/1540
f 575/157/575 34/135/34 566/132/566
f 1540/171/1540 566/132/566 32/134/32
f 582/172/582 1541/173/1541 578/164/578
f 45/8/45 516/18/516 1541/173/1541
f 516/18/516 43/23/43 583/174/583
f 1541/173/1541 583/174/583 41/175/41
f 521/29/521 1542/177/1542 584/176/584
f 46/16/46 585/178/585 1542/177/1542
f 585/178/585 40/170/40 581/167/581
f 1542/177/1542 581/167/581 42/169/42
f 586/179/586 1543/180/1543 573/153/573
f 47/1/47 508/3/508 1543/180/1543
f 508/3/508 45/8/45 582/181/582
f 1543/180/1543 582/181/582 39/182/39
f 515/15/515 1544/184/1544 585/183/585
f 48/14/48 587/185/587 1544/184/1544
f 587/185/587 38/159/38 576/156/576
f 1544/184/1544 576/156/576 40/158/40
f 586/186/586 1545/190/1545 588/187/588
f 37/189/37 589/191/589 1545/190/1545
f 589/191/589 51/207/51 590/192/590
f 1545/190/1545 590/192/590 49/193/49
f 592/194/592 1546/198/1546 591/195/591
f 38/197/38 587/199/587 1546/198/1546
f 587/199/587 48/2934/48 593/200/593
f 1546/198/1546 593/200/593 50/201/50
f 572/202/572 1547/204/1547 589/191/589
f 35/203/35 594/205/594 1547/204/1547
f 594/205/594 53/217/53 595/206/595
f 1547/204/1547 595/206/595 51/207/51
f 597/208/597 1548/211/1548 596/209/596
f 36/147/36 577/212/577 1548/211/1548
f 577/212/577 38/197/38 592/194/592
f 1548/211/1548 592/194/592 52/196/52
f 568/138/568 1549/214/1549 594/205/594
f 25/213/25 598/215/598 1549/214/1549
f 598/215/598 55/228/55 599/216/599
f 1549/214/1549 599/216/599 53/217/53
f 601/218/601 1550/222/1550 600/219/600
f 26/221/26 571/223/571 1550/222/1550
f 571/223/571 36/147/36 597/208/597
f 1550/222/1550 597/208/597 54/210/54
f 552/224/552 1551/226/1551 598/215/598
f 552/224/552 23/234/23 602/225/602
f 602/225/602 57/240/57 603/227/603
f 1551/226/1551 603/227/603 55/228/55
f 605/229/605 1552/233/1552 604/230/604
f 605/229/605 24/246/24 557/232/557
f 557/232/557 26/221/26 601/218/601
f 1552/233/1552 601/218/601 56/220/56
f 23/234/23 548/236/548 1553/235/1553
f 548/236/548 13/247/13 606/237/606
f 1553/235/1553 606/237/606 59/238/59
f 602/225/602 1553/235/1553 607/239/607
f 60/241/60 609/244/609 1554/242/1554
f 609/244/609 14/101/14 551/245/551
f 1554/242/1554 551/245/551 24/246/24
f 608/243/608 1554/242/1554 605/229/605
f 13/247/13 532/249/532 1555/248/1555
f 532/249/532 11/55/11 610/250/610
f 1555/248/1555 610/250/610 63/251/63
f 606/237/606 1555/248/1555 611/252/611
f 64/253/64 613/256/613 1556/254/1556
f 613/256/613 12/268/12 537/257/537
f 1556/254/1556 537/257/537 14/101/14
f 612/255/612 1556/254/1556 609/244/609
f 11/55/11 528/259/528 1557/258/1557
f 528/259/528 1/269/1 614/260/614
f 1557/258/1557 614/260/614 65/261/65
f 610/250/610 1557/258/1557 615/262/615
f 66/263/66 617/266/617 1558/264/1558
f 617/266/617 2/276/2 531/267/531
f 1558/264/1558 531/267/531 12/268/12
f 616/265/616 1558/264/1558 613/256/613
f 1/269/1 509/271/509 1559/270/1559
f 509/271/509 47/188/47 588/187/588
f 1559/270/1559 588/187/588 49/193/49
f 614/260/614 1559/270/1559 618/272/618
f 50/201/50 593/200/593 1560/273/1560
f 593/200/593 48/2934/48 514/275/514
f 1560/273/1560 514/275/514 2/276/2
f 619/274/619 1560/273/1560 617/266/617
f 621/277/621 1561/281/1561 620/278/620
f 65/280/65 618/2935/618 1561/281/1561
f 49/193/49 620/366/620 1561/281/1561
f 50/201/50 619/2936/619 1562/283/1562
f 66/285/66 623/2937/623 1562/283/1562
f 622/287/622 1562/283/1562 623/288/623
f 63/290/63 615/2938/615 1563/291/1563
f 65/293/65 621/2939/621 1563/291/1563
f 624/294/624 1563/291/1563 621/295/621
f 623/296/623 1564/299/1564 625/297/625
f 66/298/66 616/301/616 1564/299/1564
f 64/253/64 625/2940/625 1564/299/1564
f 626/302/626 1565/305/1565 624/303/624
f 59/304/59 611/2941/611 1565/305/1565
f 63/307/63 624/2942/624 1565/305/1565
f 64/253/64 612/2943/612 1566/309/1566
f 60/311/60 627/322/627 1566/309/1566
f 625/313/625 1566/309/1566 627/314/627
f 628/315/628 1567/317/1567 626/306/626
f 57/316/57 607/2944/607 1567/317/1567
f 59/319/59 626/306/626 1567/317/1567
f 60/241/60 608/243/608 1568/321/1568
f 58/323/58 629/2945/629 1568/321/1568
f 627/314/627 1568/321/1568 629/325/629
f 630/326/630 1569/328/1569 628/315/628
f 55/327/55 603/330/603 1569/328/1569
f 57/329/57 628/318/628 1569/328/1569
f 58/331/58 604/335/604 1570/332/1570
f 56/334/56 631/348/631 1570/332/1570
f 629/336/629 1570/332/1570 631/337/631
f 632/338/632 1571/341/1571 630/339/630
f 53/340/53 599/2946/599 1571/341/1571
f 55/228/55 630/339/630 1571/341/1571
f 56/344/56 600/2947/600 1572/345/1572
f 54/347/54 633/2948/633 1572/345/1572
f 631/348/631 1572/345/1572 633/349/633
f 634/350/634 1573/353/1573 632/351/632
f 51/352/51 595/2949/595 1573/353/1573
f 53/355/53 632/342/632 1573/353/1573
f 54/357/54 596/361/596 1574/358/1574
f 52/360/52 635/371/635 1574/358/1574
f 633/362/633 1574/358/1574 635/363/635
f 620/278/620 1575/365/1575 634/364/634
f 49/193/49 590/2950/590 1575/365/1575
f 51/367/51 634/354/634 1575/365/1575
f 52/369/52 591/195/591 1576/370/1576
f 50/372/50 622/2951/622 1576/370/1576
f 635/363/635 1576/370/1576 622/287/622
f 637/374/637 1577/378/1577 636/375/636
f 174/377/174 638/379/638 1577/378/1577
f 638/379/638 176/735/176 639/380/639
f 1577/378/1577 639/380/639 91/381/91
f 640/382/640 1578/386/1578 639/383/639
f 175/385/175 641/387/641 1578/386/1578
f 641/387/641 90/401/90 642/388/642
f 1578/386/1578 642/388/642 91/389/91
f 644/390/644 1579/394/1579 643/391/643
f 172/393/172 645/395/645 1579/394/1579
f 645/395/645 174/377/174 637/374/637
f 1579/394/1579 637/374/637 89/376/89
f 646/396/646 1580/398/1580 641/387/641
f 173/397/173 647/399/647 1580/398/1580
f 647/399/647 88/412/88 648/400/648
f 1580/398/1580 648/400/648 90/401/90
f 85/402/85 650/405/650 1581/403/1581
f 650/405/650 170/418/170 651/406/651
f 1581/403/1581 651/406/651 172/393/172
f 1581/403/1581 644/390/644 87/392/87
f 173/397/173 652/408/652 1582/407/1582
f 652/408/652 171/419/171 653/409/653
f 1582/407/1582 653/409/653 86/410/86
f 1582/407/1582 654/411/654 88/412/88
f 656/413/656 1583/417/1583 655/414/655
f 656/413/656 168/429/168 657/416/657
f 1583/417/1583 657/416/657 170/418/170
f 655/414/655 1583/417/1583 650/405/650
f 171/419/171 658/421/658 1584/420/1584
f 658/421/658 169/430/169 659/422/659
f 659/422/659 84/435/84 660/423/660
f 653/409/653 1584/420/1584 660/423/660
f 662/424/662 1585/428/1585 661/425/661
f 662/424/662 166/770/166 663/427/663
f 1585/428/1585 663/427/663 168/429/168
f 1585/428/1585 656/413/656 83/415/83
f 169/430/169 664/432/664 1586/431/1586
f 664/432/664 167/781/167 665/433/665
f 665/433/665 82/1682/82 666/434/666
f 1586/431/1586 666/434/666 84/435/84
f 79/436/79 668/439/668 1587/437/1587
f 668/439/668 92/2952/92 669/440/669
f 1587/437/1587 669/440/669 146/441/146
f 667/438/667 1587/437/1587 670/442/670
f 147/444/147 672/447/672 1588/445/1588
f 672/447/672 93/2953/93 673/448/673
f 1588/445/1588 673/448/673 80/449/80
f 671/446/671 1588/445/1588 674/450/674
f 92/452/92 675/455/675 1589/453/1589
f 675/455/675 94/468/94 676/456/676
f 1589/453/1589 676/456/676 148/457/148
f 669/454/669 1589/453/1589 677/458/677
f 149/460/149 679/463/679 1590/461/1590
f 679/463/679 95/479/95 680/464/680
f 1590/461/1590 680/464/680 93/465/93
f 678/462/678 1590/461/1590 672/466/672
f 94/468/94 681/470/681 1591/469/1591
f 681/470/681 96/481/96 682/471/682
f 1591/469/1591 682/471/682 150/472/150
f 676/456/676 1591/469/1591 683/473/683
f 151/474/151 685/477/685 1592/475/1592
f 685/477/685 97/2954/97 686/478/686
f 1592/475/1592 686/478/686 95/479/95
f 684/476/684 1592/475/1592 679/463/679
f 687/480/687 1593/483/1593 682/471/682
f 98/482/98 688/484/688 1593/483/1593
f 688/484/688 152/497/152 689/485/689
f 682/471/682 1593/483/1593 689/485/689
f 691/486/691 1594/490/1594 690/487/690
f 99/489/99 692/491/692 1594/490/1594
f 692/491/692 97/2954/97 685/477/685
f 690/487/690 1594/490/1594 685/477/685
f 693/492/693 1595/494/1595 688/484/688
f 100/493/100 694/495/694 1595/494/1595
f 694/495/694 154/509/154 695/496/695
f 1595/494/1595 695/496/695 152/497/152
f 697/498/697 1596/502/1596 696/499/696
f 101/501/101 698/503/698 1596/502/1596
f 698/503/698 99/489/99 691/486/691
f 1596/502/1596 691/486/691 153/488/153
f 699/504/699 1597/506/1597 694/495/694
f 102/505/102 700/507/700 1597/506/1597
f 700/507/700 156/521/156 701/508/701
f 1597/506/1597 701/508/701 154/509/154
f 703/510/703 1598/514/1598 702/511/702
f 103/513/103 704/515/704 1598/514/1598
f 704/515/704 101/501/101 697/498/697
f 1598/514/1598 697/498/697 155/500/155
f 705/516/705 1599/518/1599 700/507/700
f 104/517/104 706/529/706 1599/518/1599
f 1599/518/1599 706/529/706 158/519/158
f 700/507/700 1599/518/1599 707/520/707
f 159/522/159 709/526/709 1600/523/1600
f 105/525/105 710/527/710 1600/523/1600
f 710/527/710 103/513/103 703/510/703
f 708/524/708 1600/523/1600 703/510/703
f 711/528/711 1601/531/1601 706/529/706
f 106/530/106 712/532/712 1601/531/1601
f 712/532/712 160/545/160 713/533/713
f 706/529/706 1601/531/1601 713/533/713
f 715/534/715 1602/538/1602 714/535/714
f 107/537/107 716/539/716 1602/538/1602
f 716/539/716 105/525/105 709/526/709
f 714/535/714 1602/538/1602 709/526/709
f 717/540/717 1603/542/1603 712/532/712
f 108/541/108 718/543/718 1603/542/1603
f 718/543/718 162/559/162 719/544/719
f 1603/542/1603 719/544/719 160/545/160
f 721/546/721 1604/550/1604 720/547/720
f 109/549/109 722/551/722 1604/550/1604
f 722/551/722 107/537/107 715/534/715
f 1604/550/1604 715/534/715 161/536/161
f 723/552/723 1605/556/1605 718/553/718
f 67/555/67 724/557/724 1605/556/1605
f 724/557/724 68/562/68 725/558/725
f 1605/556/1605 725/558/725 162/559/162
f 724/560/724 1606/564/1606 726/561/726
f 67/563/67 727/565/727 1606/564/1606
f 727/565/727 109/2955/109 721/566/721
f 1606/564/1606 721/566/721 163/567/163
f 729/568/729 1607/572/1607 728/569/728
f 128/571/128 730/573/730 1607/572/1607
f 730/573/730 160/589/160 719/574/719
f 1607/572/1607 719/574/719 162/575/162
f 731/576/731 1608/580/1608 720/577/720
f 129/579/129 732/581/732 1608/580/1608
f 732/581/732 111/2956/111 733/582/733
f 1608/580/1608 733/582/733 163/583/163
f 734/584/734 1609/586/1609 730/573/730
f 734/584/734 179/1286/179 735/585/735
f 1609/586/1609 735/585/735 158/587/158
f 1609/586/1609 713/588/713 160/589/160
f 159/590/159 736/593/736 1610/591/1610
f 736/593/736 180/2957/180 737/594/737
f 737/594/737 129/579/129 731/576/731
f 1610/591/1610 731/576/731 161/578/161
f 739/595/739 1611/598/1611 738/596/738
f 156/521/156 707/520/707 1611/598/1611
f 707/520/707 158/519/158 735/599/735
f 1611/598/1611 735/599/735 179/600/179
f 708/601/708 1612/603/1612 736/602/736
f 157/512/157 740/604/740 1612/603/1612
f 740/604/740 127/616/127 741/605/741
f 1612/603/1612 741/605/741 180/606/180
f 124/607/124 743/610/743 1613/608/1613
f 743/610/743 154/622/154 701/508/701
f 701/508/701 156/521/156 739/595/739
f 1613/608/1613 739/595/739 126/597/126
f 702/611/702 1614/613/1614 740/604/740
f 702/611/702 155/623/155 744/612/744
f 1614/613/1614 744/612/744 125/614/125
f 1614/613/1614 745/615/745 127/616/127
f 747/617/747 1615/621/1615 746/618/746
f 152/620/152 695/496/695 1615/621/1615
f 1615/621/1615 695/496/695 154/622/154
f 746/618/746 1615/621/1615 743/610/743
f 155/623/155 696/626/696 1616/624/1616
f 153/625/153 748/627/748 1616/624/1616
f 748/627/748 123/640/123 749/628/749
f 744/612/744 1616/624/1616 749/628/749
f 751/629/751 1617/633/1617 750/630/750
f 150/632/150 689/634/689 1617/633/1617
f 689/634/689 152/620/152 747/617/747
f 1617/633/1617 747/617/747 122/619/122
f 690/635/690 1618/637/1618 748/627/748
f 151/636/151 752/638/752 1618/637/1618
f 752/638/752 121/651/121 753/639/753
f 1618/637/1618 753/639/753 123/640/123
f 755/641/755 1619/645/1619 754/642/754
f 148/644/148 683/646/683 1619/645/1619
f 683/646/683 150/632/150 751/629/751
f 1619/645/1619 751/629/751 120/631/120
f 684/647/684 1620/648/1620 752/638/752
f 149/460/149 756/649/756 1620/648/1620
f 756/649/756 119/662/119 757/650/757
f 1620/648/1620 757/650/757 121/651/121
f 759/652/759 1621/656/1621 758/653/758
f 146/655/146 677/657/677 1621/656/1621
f 677/657/677 148/644/148 755/641/755
f 1621/656/1621 755/641/755 118/643/118
f 678/658/678 1622/659/1622 756/649/756
f 147/467/147 760/660/760 1622/659/1622
f 760/660/760 117/1232/117 761/661/761
f 1622/659/1622 761/661/761 119/662/119
f 114/663/114 763/666/763 1623/664/1623
f 763/666/763 164/443/164 670/667/670
f 670/667/670 146/655/146 759/668/759
f 1623/664/1623 759/668/759 116/654/116
f 671/669/671 1624/673/1624 760/670/760
f 671/669/671 165/451/165 764/672/764
f 1624/673/1624 764/672/764 115/674/115
f 1624/673/1624 765/675/765 117/676/117
f 114/663/114 766/679/766 1625/677/1625
f 766/679/766 181/716/181 767/680/767
f 767/680/767 177/684/177 768/681/768
f 763/678/763 1625/677/1625 768/681/768
f 770/682/770 1626/686/1626 769/683/769
f 770/682/770 182/2958/182 771/685/771
f 1626/686/1626 771/685/771 115/687/115
f 769/683/769 1626/686/1626 764/688/764
f 728/689/728 1627/691/1627 772/690/772
f 162/559/162 725/692/725 1627/691/1627
f 725/692/725 68/562/68 773/693/773
f 1627/691/1627 773/693/773 112/694/112
f 726/695/726 1628/698/1628 774/696/774
f 163/697/163 733/699/733 1628/698/1628
f 733/699/733 111/2959/111 775/700/775
f 1628/698/1628 775/700/775 113/701/113
f 112/694/112 773/693/773 1629/702/1629
f 773/693/773 68/562/68 777/704/777
f 1629/702/1629 777/704/777 178/705/178
f 776/703/776 1629/702/1629 778/706/778
f 178/708/178 777/711/777 1630/709/1630
f 777/711/777 68/562/68 774/696/774
f 1630/709/1630 774/696/774 113/701/113
f 779/710/779 1630/709/1630 780/712/780
f 767/714/767 1631/717/1631 781/715/781
f 181/716/181 782/718/782 1631/717/1631
f 782/718/782 183/1162/183 778/706/778
f 1631/717/1631 778/706/778 178/719/178
f 783/720/783 1632/724/1632 779/721/779
f 182/723/182 770/725/770 1632/724/1632
f 770/725/770 177/684/177 781/726/781
f 1632/724/1632 781/726/781 178/727/178
f 135/728/135 785/731/785 1633/729/1633
f 785/731/785 137/1090/137 786/732/786
f 1633/729/1633 786/732/786 176/384/176
f 784/730/784 1633/729/1633 638/733/638
f 176/735/176 786/738/786 1634/736/1634
f 786/738/786 137/1090/137 787/739/787
f 1634/736/1634 787/739/787 136/740/136
f 640/737/640 1634/736/1634 788/741/788
f 133/743/133 790/746/790 1635/744/1635
f 790/746/790 135/728/135 784/730/784
f 1635/744/1635 784/730/784 174/734/174
f 789/745/789 1635/744/1635 645/747/645
f 175/742/175 788/741/788 1636/749/1636
f 788/741/788 136/740/136 791/751/791
f 1636/749/1636 791/751/791 134/752/134
f 646/750/646 1636/749/1636 792/753/792
f 794/755/794 1637/759/1637 793/756/793
f 133/758/133 789/760/789 1637/759/1637
f 789/760/789 172/748/172 651/761/651
f 1637/759/1637 651/761/651 170/762/170
f 792/763/792 1638/766/1638 652/764/652
f 134/765/134 795/767/795 1638/766/1638
f 795/767/795 132/793/132 796/768/796
f 1638/766/1638 796/768/796 171/769/171
f 166/770/166 797/772/797 1639/771/1639
f 797/772/797 187/803/187 798/773/798
f 1639/771/1639 798/773/798 185/774/185
f 663/427/663 1639/771/1639 799/775/799
f 186/776/186 801/779/801 1640/777/1640
f 801/779/801 188/2960/188 802/780/802
f 1640/777/1640 802/780/802 167/781/167
f 800/778/800 1640/777/1640 664/432/664
f 131/757/131 793/784/793 1641/782/1641
f 793/784/793 170/2961/170 657/785/657
f 1641/782/1641 657/785/657 168/786/168
f 803/783/803 1641/782/1641 799/775/799
f 169/788/169 658/791/658 1642/789/1642
f 658/791/658 171/419/171 796/792/796
f 1642/789/1642 796/792/796 132/793/132
f 800/790/800 1642/789/1642 804/794/804
f 806/796/806 1643/800/1643 805/797/805
f 190/799/190 807/801/807 1643/800/1643
f 807/801/807 189/806/189 808/802/808
f 1643/800/1643 808/802/808 187/803/187
f 807/804/807 1644/808/1644 809/805/809
f 190/807/190 810/809/810 1644/808/1644
f 810/809/810 145/849/145 811/810/811
f 1644/808/1644 811/810/811 188/811/188
f 798/812/798 1645/814/1645 812/813/812
f 187/803/187 808/815/808 1645/814/1645
f 808/815/808 189/2962/189 813/816/813
f 1645/814/1645 813/816/813 69/817/69
f 809/818/809 1646/821/1646 813/819/813
f 188/811/188 801/822/801 1646/821/1646
f 801/822/801 186/2963/186 814/823/814
f 1646/821/1646 814/823/814 69/824/69
f 816/825/816 1647/828/1647 815/826/815
f 816/825/816 131/757/131 803/783/803
f 1647/828/1647 803/783/803 185/787/185
f 1647/828/1647 812/829/812 69/830/69
f 186/795/186 804/794/804 1648/831/1648
f 804/794/804 132/793/132 817/833/817
f 817/833/817 130/827/130 815/826/815
f 1648/831/1648 815/826/815 69/834/69
f 142/835/142 819/838/819 1649/836/1649
f 819/838/819 193/938/193 820/839/820
f 1649/836/1649 820/839/820 191/840/191
f 818/837/818 1649/836/1649 821/841/821
f 192/842/192 823/845/823 1650/843/1650
f 823/845/823 194/943/194 824/846/824
f 1650/843/1650 824/846/824 143/847/143
f 822/844/822 1650/843/1650 825/848/825
f 827/850/827 1651/854/1651 826/851/826
f 195/853/195 828/2964/828 1651/854/1651
f 1651/854/1651 828/2964/828 193/855/193
f 826/851/826 1651/854/1651 819/856/819
f 194/858/194 829/861/829 1652/859/1652
f 196/860/196 830/862/830 1652/859/1652
f 830/862/830 141/2965/141 831/863/831
f 824/846/824 1652/859/1652 831/863/831
f 833/865/833 1653/869/1653 832/866/832
f 197/868/197 834/870/834 1653/869/1653
f 834/870/834 195/929/195 827/871/827
f 1653/869/1653 827/871/827 140/852/140
f 835/872/835 1654/876/1654 830/873/830
f 198/875/198 836/877/836 1654/876/1654
f 836/877/836 139/867/139 837/878/837
f 1654/876/1654 837/878/837 141/879/141
f 138/880/138 839/883/839 1655/881/1655
f 839/883/839 71/914/71 840/884/840
f 840/884/840 197/868/197 833/865/833
f 1655/881/1655 833/865/833 139/867/139
f 841/885/841 1656/887/1656 836/877/836
f 841/885/841 71/925/71 839/886/839
f 1656/887/1656 839/886/839 138/880/138
f 1656/887/1656 838/888/838 139/867/139
f 806/889/806 1657/892/1657 842/890/842
f 144/798/144 821/893/821 1657/892/1657
f 821/893/821 191/840/191 843/894/843
f 1657/892/1657 843/894/843 70/895/70
f 822/896/822 1658/899/1658 844/897/844
f 145/849/145 810/900/810 1658/899/1658
f 810/900/810 190/799/190 842/901/842
f 1658/899/1658 842/901/842 70/902/70
f 843/894/843 1659/904/1659 845/903/845
f 191/840/191 846/2966/846 1659/904/1659
f 1659/904/1659 846/2966/846 206/905/206
f 1659/904/1659 847/906/847 208/907/208
f 207/908/207 849/911/849 1660/909/1660
f 192/898/192 844/897/844 1660/909/1660
f 844/897/844 70/902/70 845/912/845
f 1660/909/1660 845/912/845 208/913/208
f 71/914/71 850/916/850 1661/915/1661
f 850/916/850 199/952/199 851/917/851
f 1661/915/1661 851/917/851 200/918/200
f 840/884/840 1661/915/1661 852/919/852
f 201/920/201 854/923/854 1662/921/1662
f 854/923/854 199/952/199 850/924/850
f 1662/921/1662 850/924/850 71/925/71
f 853/922/853 1662/921/1662 841/885/841
f 852/919/852 1663/926/1663 834/870/834
f 200/918/200 855/2967/855 1663/926/1663
f 1663/926/1663 855/2967/855 202/927/202
f 1663/926/1663 856/928/856 195/929/195
f 203/930/203 858/933/858 1664/931/1664
f 201/920/201 853/922/853 1664/931/1664
f 853/922/853 198/875/198 835/872/835
f 1664/931/1664 835/872/835 196/874/196
f 856/928/856 1665/935/1665 828/934/828
f 202/927/202 859/936/859 1665/935/1665
f 859/936/859 204/945/204 860/937/860
f 1665/935/1665 860/937/860 193/938/193
f 862/939/862 1666/942/1666 861/940/861
f 203/930/203 857/932/857 1666/942/1666
f 857/932/857 196/874/196 829/861/829
f 1666/942/1666 829/861/829 194/943/194
f 193/938/193 860/937/860 1667/944/1667
f 204/945/204 863/946/863 1667/944/1667
f 863/946/863 206/905/206 846/947/846
f 820/839/820 1667/944/1667 846/947/846
f 864/948/864 1668/950/1668 849/949/849
f 205/941/205 861/940/861 1668/950/1668
f 1668/950/1668 861/940/861 194/943/194
f 849/949/849 1668/950/1668 823/845/823
f 865/951/865 1669/954/1669 851/917/851
f 204/953/204 859/936/859 1669/954/1669
f 1669/954/1669 859/936/859 202/927/202
f 1669/954/1669 855/955/855 200/918/200
f 203/930/203 862/959/862 1670/956/1670
f 205/958/205 866/960/866 1670/956/1670
f 866/960/866 199/952/199 854/923/854
f 1670/956/1670 854/923/854 201/920/201
f 199/952/199 867/963/867 1671/961/1671
f 867/963/867 208/913/208 847/964/847
f 1671/961/1671 847/964/847 206/905/206
f 865/962/865 1671/961/1671 863/965/863
f 207/908/207 848/910/848 1672/966/1672
f 848/910/848 208/907/208 867/968/867
f 1672/966/1672 867/968/867 199/952/199
f 864/967/864 1672/966/1672 866/969/866
f 139/867/139 832/973/832 1673/971/1673
f 832/973/832 140/979/140 869/974/869
f 1673/971/1673 869/974/869 164/443/164
f 868/972/868 1673/971/1673 768/975/768
f 165/451/165 870/978/870 1674/976/1674
f 870/978/870 141/989/141 837/878/837
f 1674/976/1674 837/878/837 139/867/139
f 769/977/769 1674/976/1674 868/972/868
f 140/979/140 826/982/826 1675/980/1675
f 142/981/142 871/983/871 1675/980/1675
f 871/983/871 211/994/211 872/984/872
f 1675/980/1675 872/984/872 164/443/164
f 874/985/874 1676/988/1676 873/986/873
f 143/847/143 831/2968/831 1676/988/1676
f 1676/988/1676 831/2968/831 141/989/141
f 1676/988/1676 870/978/870 165/451/165
f 818/990/818 1677/992/1677 871/983/871
f 818/990/818 144/798/144 875/991/875
f 875/991/875 213/1004/213 876/993/876
f 1677/992/1677 876/993/876 211/994/211
f 878/995/878 1678/999/1678 877/996/877
f 878/995/878 145/849/145 825/998/825
f 825/998/825 143/847/143 874/985/874
f 1678/999/1678 874/985/874 212/987/212
f 805/797/805 1679/1001/1679 875/991/875
f 187/1000/187 797/1002/797 1679/1001/1679
f 797/1002/797 166/770/166 879/1003/879
f 1679/1001/1679 879/1003/879 213/1004/213
f 802/1005/802 1680/1007/1680 880/1006/880
f 188/811/188 811/1008/811 1680/1007/1680
f 811/1008/811 145/849/145 878/995/878
f 1680/1007/1680 878/995/878 214/997/214
f 81/1009/81 881/1012/881 1681/1010/1681
f 881/1012/881 209/1024/209 882/1013/882
f 882/1013/882 213/1029/213 879/1014/879
f 1681/1010/1681 879/1014/879 166/1015/166
f 883/1016/883 1682/1020/1682 880/1017/880
f 883/1016/883 210/1707/210 884/1019/884
f 1682/1020/1682 884/1019/884 82/1021/82
f 1682/1020/1682 665/1022/665 167/781/167
f 885/1023/885 1683/1026/1683 882/1013/882
f 215/1025/215 886/1027/886 1683/1026/1683
f 886/1027/886 211/2969/211 876/1028/876
f 1683/1026/1683 876/1028/876 213/1029/213
f 887/1030/887 1684/1034/1684 877/1031/877
f 216/1033/216 888/1035/888 1684/1034/1684
f 888/1035/888 210/1707/210 883/1016/883
f 1684/1034/1684 883/1016/883 214/1018/214
f 79/1036/79 667/1039/667 1685/1037/1685
f 667/1039/667 164/443/164 872/1040/872
f 1685/1037/1685 872/1040/872 211/1041/211
f 889/1038/889 1685/1037/1685 886/1042/886
f 212/987/212 873/1046/873 1686/1044/1686
f 873/1046/873 165/451/165 674/1047/674
f 1686/1044/1686 674/1047/674 80/1048/80
f 887/1045/887 1686/1044/1686 890/1049/890
f 816/1051/816 1687/1054/1687 891/1052/891
f 130/1053/130 892/1055/892 1687/1054/1687
f 892/1055/892 72/1133/72 893/1056/893
f 1687/1054/1687 893/1056/893 222/1057/222
f 892/1058/892 1688/1062/1688 894/1059/894
f 130/1061/130 817/1063/817 1688/1062/1688
f 817/1063/817 132/793/132 895/1064/895
f 1688/1062/1688 895/1064/895 223/1065/223
f 794/1066/794 1689/1068/1689 896/1067/896
f 131/757/131 891/1052/891 1689/1068/1689
f 1689/1068/1689 891/1052/891 222/1057/222
f 896/1067/896 1689/1068/1689 897/1069/897
f 223/1065/223 895/1064/895 1690/1071/1690
f 132/793/132 795/1073/795 1690/1071/1690
f 795/1073/795 134/752/134 899/1074/899
f 898/1072/898 1690/1071/1690 899/1074/899
f 135/728/135 790/1078/790 1691/1076/1691
f 133/743/133 896/2970/896 1691/1076/1691
f 1691/1076/1691 896/2970/896 220/1079/220
f 900/1077/900 1691/1076/1691 901/1080/901
f 221/1082/221 899/1086/899 1692/1083/1692
f 134/1085/134 791/2971/791 1692/1083/1692
f 1692/1083/1692 791/2971/791 136/1087/136
f 902/1084/902 1692/1083/1692 903/1088/903
f 137/1090/137 785/1093/785 1693/1091/1693
f 785/1093/785 135/728/135 900/1077/900
f 1693/1091/1693 900/1077/900 218/1081/218
f 904/1092/904 1693/1091/1693 905/1094/905
f 219/1089/219 903/1088/903 1694/1096/1694
f 903/1088/903 136/1087/136 787/1098/787
f 1694/1096/1694 787/1098/787 137/1099/137
f 906/1097/906 1694/1096/1694 904/1100/904
f 905/1101/905 1695/1104/1695 907/1102/907
f 218/1081/218 908/1105/908 1695/1104/1695
f 908/1105/908 229/1119/229 909/1106/909
f 1695/1104/1695 909/1106/909 231/1107/231
f 911/1108/911 1696/1112/1696 910/1109/910
f 219/1111/219 906/1113/906 1696/1112/1696
f 906/1113/906 217/1103/217 907/1114/907
f 1696/1112/1696 907/1114/907 231/1107/231
f 218/1081/218 901/1080/901 1697/1115/1697
f 901/1080/901 220/1070/220 912/1116/912
f 1697/1115/1697 912/1116/912 227/1117/227
f 1697/1115/1697 913/1118/913 229/1119/229
f 228/1120/228 915/1123/915 1698/1121/1698
f 915/1123/915 221/1075/221 902/1124/902
f 1698/1121/1698 902/1124/902 219/1111/219
f 1698/1121/1698 911/1108/911 230/1110/230
f 220/1070/220 897/1069/897 1699/1125/1699
f 897/1069/897 222/1057/222 916/1126/916
f 1699/1125/1699 916/1126/916 225/1127/225
f 912/1116/912 1699/1125/1699 917/1128/917
f 226/1129/226 919/1132/919 1700/1130/1700
f 919/1132/919 223/1065/223 898/1072/898
f 1700/1130/1700 898/1072/898 221/1075/221
f 918/1131/918 1700/1130/1700 915/1123/915
f 893/1056/893 1701/1134/1701 916/1126/916
f 72/1133/72 920/1135/920 1701/1134/1701
f 920/1135/920 224/1138/224 921/1136/921
f 1701/1134/1701 921/1136/921 225/1127/225
f 920/1135/920 1702/1139/1702 922/1137/922
f 72/1060/72 894/1059/894 1702/1139/1702
f 894/1059/894 223/1065/223 919/1132/919
f 1702/1139/1702 919/1132/919 226/1129/226
f 224/1140/224 923/1143/923 1703/1141/1703
f 923/1143/923 231/1107/231 909/1144/909
f 1703/1141/1703 909/1144/909 229/1145/229
f 921/1142/921 1703/1141/1703 924/1146/924
f 230/1110/230 910/1109/910 1704/1148/1704
f 910/1109/910 231/1107/231 923/1143/923
f 1704/1148/1704 923/1143/923 224/1150/224
f 925/1149/925 1704/1148/1704 922/1151/922
f 225/1147/225 924/2972/924 1705/1153/1705
f 913/1118/913 1705/1153/1705 924/1154/924
f 227/1117/227 917/2973/917 1705/1153/1705
f 228/1120/228 914/1158/914 1706/1155/1706
f 925/1157/925 1706/1155/1706 914/1158/914
f 226/1160/226 918/1156/918 1706/1155/1706
f 183/1162/183 782/1165/782 1707/1163/1707
f 782/1165/782 181/1200/181 927/1166/927
f 1707/1163/1707 927/1166/927 234/1167/234
f 926/1164/926 1707/1163/1707 928/1168/928
f 235/1170/235 930/1173/930 1708/1171/1708
f 930/1173/930 182/1210/182 783/1174/783
f 1708/1171/1708 783/1174/783 184/722/184
f 929/1172/929 1708/1171/1708 931/1175/931
f 776/1177/776 1709/1180/1709 932/1178/932
f 183/1162/183 926/1164/926 1709/1180/1709
f 1709/1180/1709 926/1164/926 232/1169/232
f 932/1178/932 1709/1180/1709 933/1181/933
f 233/1176/233 931/1175/931 1710/1183/1710
f 184/722/184 780/1185/780 1710/1183/1710
f 780/1185/780 113/1196/113 935/1186/935
f 934/1184/934 1710/1183/1710 935/1186/935
f 110/1188/110 772/1191/772 1711/1189/1711
f 112/1179/112 932/1178/932 1711/1189/1711
f 1711/1189/1711 932/1178/932 254/1182/254
f 1711/1189/1711 937/1192/937 256/1193/256
f 255/1187/255 935/1186/935 1712/1194/1712
f 113/1196/113 775/2974/775 1712/1194/1712
f 1712/1194/1712 775/2974/775 111/1197/111
f 1712/1194/1712 939/1198/939 257/1199/257
f 181/1200/181 766/1203/766 1713/1201/1713
f 114/1202/114 940/1204/940 1713/1201/1713
f 940/1204/940 252/1216/252 941/1205/941
f 927/1166/927 1713/1201/1713 941/1205/941
f 943/1206/943 1714/1209/1714 942/1207/942
f 115/687/115 771/2975/771 1714/1209/1714
f 1714/1209/1714 771/2975/771 182/1210/182
f 942/1207/942 1714/1209/1714 930/1173/930
f 114/1202/114 762/1212/762 1715/1211/1715
f 762/1212/762 116/654/116 944/1213/944
f 1715/1211/1715 944/1213/944 250/1214/250
f 1715/1211/1715 945/1215/945 252/1216/252
f 251/1217/251 947/1220/947 1716/1218/1716
f 947/1220/947 117/1232/117 765/1221/765
f 1716/1218/1716 765/1221/765 115/687/115
f 1716/1218/1716 943/1206/943 253/1208/253
f 116/654/116 758/1223/758 1717/1222/1717
f 758/1223/758 118/1233/118 948/1224/948
f 1717/1222/1717 948/1224/948 248/1225/248
f 944/1213/944 1717/1222/1717 949/1226/949
f 249/1227/249 951/1230/951 1718/1228/1718
f 951/1230/951 119/1244/119 761/1231/761
f 1718/1228/1718 761/1231/761 117/1232/117
f 950/1229/950 1718/1228/1718 947/1220/947
f 118/1233/118 754/1235/754 1719/1234/1719
f 754/1235/754 120/631/120 952/1236/952
f 1719/1234/1719 952/1236/952 246/1237/246
f 948/1224/948 1719/1234/1719 953/1238/953
f 247/1239/247 955/1242/955 1720/1240/1720
f 955/1242/955 121/1255/121 757/1243/757
f 1720/1240/1720 757/1243/757 119/1244/119
f 954/1241/954 1720/1240/1720 951/1230/951
f 120/631/120 750/1246/750 1721/1245/1721
f 750/1246/750 122/619/122 956/1247/956
f 1721/1245/1721 956/1247/956 244/1248/244
f 952/1236/952 1721/1245/1721 957/1249/957
f 245/1250/245 959/1253/959 1722/1251/1722
f 959/1253/959 123/1265/123 753/1254/753
f 1722/1251/1722 753/1254/753 121/1255/121
f 958/1252/958 1722/1251/1722 955/1242/955
f 122/619/122 746/1258/746 1723/1256/1723
f 124/1257/124 960/1259/960 1723/1256/1723
f 960/1259/960 242/1270/242 961/1260/961
f 1723/1256/1723 961/1260/961 244/1248/244
f 963/1261/963 1724/1264/1724 962/1262/962
f 125/614/125 749/628/749 1724/1264/1724
f 1724/1264/1724 749/628/749 123/1265/123
f 1724/1264/1724 959/1253/959 245/1250/245
f 742/1266/742 1725/1267/1725 960/1259/960
f 126/597/126 964/1268/964 1725/1267/1725
f 964/1268/964 240/1280/240 965/1269/965
f 1725/1267/1725 965/1269/965 242/1270/242
f 967/1271/967 1726/1275/1726 966/1272/966
f 127/1274/127 745/615/745 1726/1275/1726
f 745/615/745 125/614/125 963/1261/963
f 1726/1275/1726 963/1261/963 243/1263/243
f 126/597/126 738/596/738 1727/1276/1727
f 738/596/738 179/1286/179 968/1277/968
f 1727/1276/1727 968/1277/968 236/1278/236
f 964/1268/964 1727/1276/1727 969/1279/969
f 237/1281/237 971/1284/971 1728/1282/1728
f 971/1284/971 180/1296/180 741/1285/741
f 1728/1282/1728 741/1285/741 127/1274/127
f 970/1283/970 1728/1282/1728 967/1271/967
f 179/1286/179 734/584/734 1729/1287/1729
f 734/584/734 128/1298/128 972/1288/972
f 1729/1287/1729 972/1288/972 238/1289/238
f 968/1277/968 1729/1287/1729 973/1290/973
f 239/1291/239 975/1294/975 1730/1292/1730
f 975/1294/975 129/2976/129 737/1295/737
f 1730/1292/1730 737/1295/737 180/1296/180
f 974/1293/974 1730/1292/1730 971/1284/971
f 729/1297/729 1731/1299/1731 972/1288/972
f 729/1297/729 110/1188/110 936/1190/936
f 1731/1299/1731 936/1190/936 256/1193/256
f 972/1288/972 1731/1299/1731 976/1300/976
f 257/1199/257 939/1198/939 1732/1301/1732
f 939/1198/939 111/1197/111 732/1303/732
f 732/1303/732 129/2976/129 975/1294/975
f 977/1302/977 1732/1301/1732 975/1294/975
f 238/1304/238 976/1307/976 1733/1305/1733
f 976/1307/976 256/1415/256 979/1308/979
f 979/1308/979 258/1420/258 980/1309/980
f 1733/1305/1733 980/1309/980 276/1310/276
f 982/1311/982 1734/1315/1734 981/1312/981
f 982/1311/982 257/1426/257 977/1314/977
f 1734/1315/1734 977/1314/977 239/1316/239
f 1734/1315/1734 983/1317/983 277/1318/277
f 236/1319/236 973/1290/973 1735/1320/1735
f 973/1290/973 238/1304/238 978/1306/978
f 1735/1320/1735 978/1306/978 276/1310/276
f 984/1321/984 1735/1320/1735 985/1322/985
f 277/1318/277 983/1317/983 1736/1324/1736
f 983/1317/983 239/1316/239 974/1326/974
f 1736/1324/1736 974/1326/974 237/1327/237
f 986/1325/986 1736/1324/1736 987/1328/987
f 240/1330/240 969/1333/969 1737/1331/1737
f 969/1333/969 236/1319/236 984/1321/984
f 1737/1331/1737 984/1321/984 278/1323/278
f 988/1332/988 1737/1331/1737 989/1334/989
f 279/1329/279 987/1328/987 1738/1336/1738
f 987/1328/987 237/1327/237 970/1338/970
f 1738/1336/1738 970/1338/970 241/1339/241
f 990/1337/990 1738/1336/1738 991/1340/991
f 965/1342/965 1739/1344/1739 992/1343/992
f 240/1330/240 988/1332/988 1739/1344/1739
f 988/1332/988 274/1335/274 993/1345/993
f 1739/1344/1739 993/1345/993 272/1346/272
f 991/1340/991 1740/1348/1740 994/1347/994
f 241/1339/241 966/1349/966 1740/1348/1740
f 966/1349/966 243/1263/243 995/1350/995
f 1740/1348/1740 995/1350/995 273/1351/273
f 961/1352/961 1741/1355/1741 996/1353/996
f 242/1270/242 992/1343/992 1741/1355/1741
f 992/1343/992 272/1346/272 997/1356/997
f 996/1353/996 1741/1355/1741 997/1356/997
f 995/1350/995 1742/1359/1742 998/1358/998
f 243/1263/243 962/1262/962 1742/1359/1742
f 962/1262/962 245/2977/245 999/1360/999
f 998/1358/998 1742/1359/1742 999/1360/999
f 246/1362/246 957/1249/957 1743/1363/1743
f 957/1249/957 244/1354/244 996/1353/996
f 1743/1363/1743 996/1353/996 270/1357/270
f 1000/1364/1000 1743/1363/1743 1001/1365/1001
f 271/1361/271 999/1360/999 1744/1367/1744
f 999/1360/999 245/2977/245 958/1252/958
f 1744/1367/1744 958/1252/958 247/1369/247
f 1002/1368/1002 1744/1367/1744 1003/1370/1003
f 248/1372/248 953/1375/953 1745/1373/1745
f 953/1375/953 246/1362/246 1000/1364/1000
f 1745/1373/1745 1000/1364/1000 268/1366/268
f 1004/1374/1004 1745/1373/1745 1005/1376/1005
f 269/1371/269 1003/1370/1003 1746/1378/1746
f 1003/1370/1003 247/1369/247 954/1380/954
f 1746/1378/1746 954/1380/954 249/1381/249
f 1006/1379/1006 1746/1378/1746 1007/1382/1007
f 250/1384/250 949/1226/949 1747/1385/1747
f 949/1226/949 248/1372/248 1004/1374/1004
f 1004/1374/1004 266/1377/266 1009/1387/1009
f 1747/1385/1747 1009/1387/1009 264/1388/264
f 1007/1382/1007 1748/1390/1748 1010/1389/1010
f 1007/1382/1007 249/1381/249 950/1229/950
f 1748/1390/1748 950/1229/950 251/1391/251
f 1748/1390/1748 1011/1392/1011 265/1393/265
f 945/1215/945 1749/1395/1749 1012/1394/1012
f 250/1384/250 1008/1386/1008 1749/1395/1749
f 1008/1386/1008 264/1388/264 1013/1396/1013
f 1749/1395/1749 1013/1396/1013 262/1397/262
f 1011/1392/1011 1750/1399/1750 1014/1398/1014
f 251/1391/251 946/1400/946 1750/1399/1750
f 946/1400/946 253/1410/253 1015/1401/1015
f 1750/1399/1750 1015/1401/1015 263/1402/263
f 234/1403/234 941/1406/941 1751/1404/1751
f 252/1216/252 1012/1394/1012 1751/1404/1751
f 1012/1394/1012 262/1397/262 1017/1407/1017
f 1016/1405/1016 1751/1404/1751 1017/1407/1017
f 1015/1401/1015 1752/1411/1752 1018/1409/1018
f 253/1410/253 942/2978/942 1752/1411/1752
f 1752/1411/1752 942/2978/942 235/1412/235
f 1018/1409/1018 1752/1411/1752 1019/1413/1019
f 256/1415/256 937/1192/937 1753/1416/1753
f 937/1192/937 254/1427/254 1020/1417/1020
f 1753/1416/1753 1020/1417/1020 260/1418/260
f 979/1308/979 1753/1416/1753 1021/1419/1021
f 261/1421/261 1023/1424/1023 1754/1422/1754
f 1023/1424/1023 255/1187/255 938/1425/938
f 1754/1422/1754 938/1425/938 257/1426/257
f 1022/1423/1022 1754/1422/1754 982/1311/982
f 254/1427/254 933/1429/933 1755/1428/1755
f 933/1429/933 232/1438/232 1024/1430/1024
f 1755/1428/1755 1024/1430/1024 282/1431/282
f 1020/1417/1020 1755/1428/1755 1025/1432/1025
f 283/1433/283 1027/1436/1027 1756/1434/1756
f 1027/1436/1027 233/1445/233 934/1437/934
f 1756/1434/1756 934/1437/934 255/1187/255
f 1026/1435/1026 1756/1434/1756 1023/1424/1023
f 232/1438/232 928/1440/928 1757/1439/1757
f 928/1440/928 234/1403/234 1016/1405/1016
f 1757/1439/1757 1016/1405/1016 280/1408/280
f 1024/1430/1024 1757/1439/1757 1028/1441/1028
f 281/1414/281 1019/1413/1019 1758/1442/1758
f 1019/1413/1019 235/1412/235 929/1444/929
f 1758/1442/1758 929/1444/929 233/1445/233
f 1029/1443/1029 1758/1442/1758 1027/1436/1027
f 723/1446/723 1759/1449/1759 1030/1447/1030
f 108/554/108 1031/1450/1031 1759/1449/1759
f 1031/1450/1031 284/1463/284 1032/1451/1032
f 1759/1449/1759 1032/1451/1032 73/1452/73
f 1034/1453/1034 1760/1457/1760 1033/1454/1033
f 109/1456/109 727/1458/727 1760/1457/1760
f 727/1458/727 67/2979/67 1030/1459/1030
f 1760/1457/1760 1030/1459/1030 73/1452/73
f 717/540/717 1761/1460/1761 1031/1450/1031
f 106/530/106 1035/1471/1035 1761/1460/1761
f 1761/1460/1761 1035/1471/1035 286/1461/286
f 1761/1460/1761 1036/1462/1036 284/1463/284
f 287/1464/287 1038/1468/1038 1762/1465/1762
f 107/1467/107 722/1469/722 1762/1465/1762
f 722/1469/722 109/1456/109 1034/1453/1034
f 1762/1465/1762 1034/1453/1034 285/1455/285
f 711/1470/711 1763/1473/1763 1035/1471/1035
f 104/1472/104 1039/1474/1039 1763/1473/1763
f 1039/1474/1039 288/1486/288 1040/1475/1040
f 1763/1473/1763 1040/1475/1040 286/1461/286
f 1042/1476/1042 1764/1480/1764 1041/1477/1041
f 105/1479/105 716/539/716 1764/1480/1764
f 716/539/716 107/1467/107 1038/1468/1038
f 1764/1480/1764 1038/1468/1038 287/1464/287
f 705/1481/705 1765/1483/1765 1039/1474/1039
f 102/1482/102 1043/1484/1043 1765/1483/1765
f 1043/1484/1043 290/1498/290 1044/1485/1044
f 1765/1483/1765 1044/1485/1044 288/1486/288
f 1046/1487/1046 1766/1491/1766 1045/1488/1045
f 103/1490/103 710/1492/710 1766/1491/1766
f 710/1492/710 105/1479/105 1042/1476/1042
f 1766/1491/1766 1042/1476/1042 289/1478/289
f 699/1493/699 1767/1495/1767 1043/1484/1043
f 100/1494/100 1047/1496/1047 1767/1495/1767
f 1047/1496/1047 292/1509/292 1048/1497/1048
f 1767/1495/1767 1048/1497/1048 290/1498/290
f 1050/1499/1050 1768/1502/1768 1049/1500/1049
f 101/501/101 704/1503/704 1768/1502/1768
f 704/1503/704 103/1490/103 1046/1487/1046
f 1768/1502/1768 1046/1487/1046 291/1489/291
f 693/1504/693 1769/1506/1769 1047/1496/1047
f 98/1505/98 1051/1507/1051 1769/1506/1769
f 1051/1507/1051 294/1521/294 1052/1508/1052
f 1769/1506/1769 1052/1508/1052 292/1509/292
f 1054/1510/1054 1770/1514/1770 1053/1511/1053
f 99/1513/99 698/1515/698 1770/1514/1770
f 698/1515/698 101/501/101 1050/1499/1050
f 1770/1514/1770 1050/1499/1050 293/1501/293
f 687/1516/687 1771/1518/1771 1051/1507/1051
f 96/1517/96 1055/1519/1055 1771/1518/1771
f 1055/1519/1055 296/1790/296 1056/1520/1056
f 1771/1518/1771 1056/1520/1056 294/1521/294
f 1058/1522/1058 1772/1526/1772 1057/1523/1057
f 97/1525/97 692/491/692 1772/1526/1772
f 692/491/692 99/1513/99 1054/1510/1054
f 1772/1526/1772 1054/1510/1054 295/1512/295
f 681/1527/681 1773/1531/1773 1055/1528/1055
f 681/1527/681 94/2980/94 1059/1530/1059
f 1773/1531/1773 1059/1530/1059 298/1532/298
f 1055/1528/1055 1773/1531/1773 1060/1533/1060
f 299/1535/299 1062/1538/1062 1774/1536/1774
f 1062/1538/1062 95/479/95 686/478/686
f 686/478/686 97/1525/97 1058/1522/1058
f 1061/1537/1061 1774/1536/1774 1058/1522/1058
f 94/1540/94 675/1543/675 1775/1541/1775
f 675/1543/675 92/452/92 1063/1544/1063
f 1775/1541/1775 1063/1544/1063 300/1545/300
f 1059/1542/1059 1775/1541/1775 1064/1546/1064
f 301/1548/301 1066/1551/1066 1776/1549/1776
f 1066/1551/1066 93/1731/93 680/464/680
f 1776/1549/1776 680/464/680 95/479/95
f 1065/1550/1065 1776/1549/1776 1062/1552/1062
f 1068/1554/1068 1777/1558/1777 1067/1555/1067
f 309/1557/309 1069/1559/1069 1777/1558/1777
f 1069/1559/1069 328/2981/328 1070/1560/1070
f 1777/1558/1777 1070/1560/1070 338/1561/338
f 1072/1562/1072 1778/1566/1778 1071/1563/1071
f 309/1565/309 1068/1567/1068 1778/1566/1778
f 1068/1567/1068 308/1577/308 1073/1568/1073
f 1778/1566/1778 1073/1568/1073 339/1569/339
f 1075/1570/1075 1779/1573/1779 1074/1571/1074
f 308/1556/308 1067/1555/1067 1779/1573/1779
f 1067/1555/1067 338/1561/338 1076/1574/1076
f 1779/1573/1779 1076/1574/1076 336/1575/336
f 1073/1568/1073 1780/1578/1780 1077/1576/1077
f 308/1577/308 1075/1579/1075 1780/1578/1780
f 1075/1579/1075 307/1589/307 1078/1580/1078
f 1780/1578/1780 1078/1580/1078 337/1581/337
f 1080/1582/1080 1781/1585/1781 1079/1583/1079
f 307/1572/307 1074/1571/1074 1781/1585/1781
f 1074/1571/1074 336/1575/336 1081/1586/1081
f 1781/1585/1781 1081/1586/1081 340/1587/340
f 1078/1580/1078 1782/1590/1782 1082/1588/1082
f 307/1589/307 1080/1591/1080 1782/1590/1782
f 1080/1591/1080 306/1584/306 1083/1592/1083
f 1782/1590/1782 1083/1592/1083 341/1593/341
f 89/1594/89 636/375/636 1783/1595/1783
f 636/375/636 91/2982/91 1085/1597/1085
f 1783/1595/1783 1085/1597/1085 306/1584/306
f 1084/1596/1084 1783/1595/1783 1079/1598/1079
f 306/1584/306 1085/1601/1085 1784/1600/1784
f 1085/1601/1085 91/389/91 642/1602/642
f 1784/1600/1784 642/1602/642 90/1603/90
f 1083/1592/1083 1784/1600/1784 1086/1604/1086
f 87/392/87 643/1608/643 1785/1606/1785
f 643/1608/643 89/1594/89 1084/1596/1084
f 1785/1606/1785 1084/1596/1084 340/1599/340
f 1087/1607/1087 1785/1606/1785 1088/1609/1088
f 341/1605/341 1086/1604/1086 1786/1611/1786
f 1086/1604/1086 90/1603/90 648/400/648
f 1786/1611/1786 648/400/648 88/1613/88
f 1089/1612/1089 1786/1611/1786 1090/1614/1090
f 85/402/85 649/1618/649 1787/1616/1787
f 649/1618/649 87/392/87 1087/1607/1087
f 1787/1616/1787 1087/1607/1087 334/1610/334
f 1091/1617/1091 1787/1616/1787 1092/1619/1092
f 335/1615/335 1090/1614/1090 1788/1621/1788
f 1090/1614/1090 88/1613/88 654/1623/654
f 1788/1621/1788 654/1623/654 86/1624/86
f 1093/1622/1093 1788/1621/1788 1094/1625/1094
f 83/1627/83 655/414/655 1789/1628/1789
f 655/414/655 85/402/85 1091/1630/1091
f 1789/1628/1789 1091/1630/1091 330/1620/330
f 1095/1629/1095 1789/1628/1789 1096/1631/1096
f 331/1633/331 1094/1636/1094 1790/1634/1790
f 1094/1636/1094 86/2983/86 660/1637/660
f 1790/1634/1790 660/1637/660 84/1638/84
f 1097/1635/1097 1790/1634/1790 1098/1639/1098
f 1099/1641/1099 1791/1644/1791 1096/1642/1096
f 1099/1641/1099 336/2984/336 1076/1643/1076
f 1791/1644/1791 1076/1643/1076 338/1645/338
f 1791/1644/1791 1100/1646/1100 332/1647/332
f 339/1648/339 1077/1651/1077 1792/1649/1792
f 1077/1651/1077 337/2985/337 1102/1652/1102
f 1102/1652/1102 331/2986/331 1097/1653/1097
f 1792/1649/1792 1097/1653/1097 333/1640/333
f 330/1620/330 1092/1619/1092 1793/1654/1793
f 334/1610/334 1088/1609/1088 1793/1654/1793
f 1088/1609/1088 340/1599/340 1081/1656/1081
f 1793/1654/1793 1081/1656/1081 336/1657/336
f 1089/1658/1089 1794/1661/1794 1082/1659/1082
f 335/1615/335 1093/1622/1093 1794/1661/1794
f 1794/1661/1794 1093/1622/1093 331/1626/331
f 1794/1661/1794 1102/1662/1102 337/1663/337
f 326/1664/326 1104/1667/1104 1795/1665/1795
f 1104/1667/1104 332/1632/332 1100/1668/1100
f 1100/1668/1100 338/2987/338 1070/1560/1070
f 1795/1665/1795 1070/1560/1070 328/1669/328
f 1101/1670/1101 1796/1673/1796 1071/1671/1071
f 1101/1670/1101 333/1640/333 1105/1672/1105
f 1796/1673/1796 1105/1672/1105 327/1674/327
f 1796/1673/1796 1106/1675/1106 329/1564/329
f 81/1676/81 661/1679/661 1797/1677/1797
f 661/1679/661 83/1627/83 1095/1629/1095
f 1797/1677/1797 1095/1629/1095 332/1632/332
f 1107/1678/1107 1797/1677/1797 1104/1667/1104
f 333/1640/333 1098/1639/1098 1798/1680/1798
f 1098/1639/1098 84/1638/84 666/1681/666
f 1798/1680/1798 666/1681/666 82/1682/82
f 1105/1672/1105 1798/1680/1798 1108/1683/1108
f 1109/1684/1109 1799/1687/1799 885/1023/885
f 1109/1684/1109 342/1785/342 1110/1686/1110
f 1799/1687/1799 1110/1686/1110 344/1688/344
f 885/1023/885 1799/1687/1799 1111/1689/1111
f 345/1691/345 1113/1694/1113 1800/1692/1800
f 1113/1694/1113 343/1702/343 1114/1695/1114
f 1114/1695/1114 210/1707/210 888/1696/888
f 1112/1693/1112 1800/1692/1800 888/1696/888
f 1107/1678/1107 1801/1699/1801 881/1697/881
f 326/1698/326 1115/1700/1115 1801/1699/1801
f 1115/1700/1115 342/1785/342 1109/1684/1109
f 1801/1699/1801 1109/1684/1109 209/1685/209
f 1116/1701/1116 1802/1704/1802 1114/1695/1114
f 327/1703/327 1108/1705/1108 1802/1704/1802
f 1108/1705/1108 82/2988/82 884/1706/884
f 1802/1704/1802 884/1706/884 210/1707/210
f 79/1708/79 889/1711/889 1803/1709/1803
f 215/1043/215 1111/1689/1111 1803/1709/1803
f 1111/1689/1111 344/2989/344 1118/1712/1118
f 1117/1710/1117 1803/1709/1803 1118/1712/1118
f 1112/1714/1112 1804/1718/1804 1119/1715/1119
f 216/1717/216 890/2990/890 1804/1718/1804
f 1804/1718/1804 890/2990/890 80/1719/80
f 1119/1715/1119 1804/1718/1804 1120/1720/1120
f 1117/1722/1117 1805/1724/1805 668/1723/668
f 346/1713/346 1121/1725/1121 1805/1724/1805
f 1121/1725/1121 300/1545/300 1063/1544/1063
f 1805/1724/1805 1063/1544/1063 92/1726/92
f 1122/1727/1122 1806/1729/1806 1066/1728/1066
f 347/1721/347 1120/1730/1120 1806/1729/1806
f 1120/1730/1120 80/1048/80 673/448/673
f 1806/1729/1806 673/448/673 93/1731/93
f 1124/1732/1124 1807/1736/1807 1123/1733/1123
f 324/1735/324 1125/1737/1125 1807/1736/1807
f 1125/1737/1125 352/1749/352 1126/1738/1126
f 1807/1736/1807 1126/1738/1126 304/1739/304
f 1128/1740/1128 1808/1744/1808 1127/1741/1127
f 325/1743/325 1129/1745/1129 1808/1744/1808
f 1129/1745/1129 77/1816/77 1123/1746/1123
f 1808/1744/1808 1123/1746/1123 304/1747/304
f 1126/1738/1126 1809/1750/1809 1130/1748/1130
f 352/1749/352 1131/1751/1131 1809/1750/1809
f 1131/1751/1131 350/2991/350 1132/1752/1132
f 1809/1750/1809 1132/1752/1132 78/1753/78
f 1134/1754/1134 1810/1757/1810 1133/1755/1133
f 353/1742/353 1127/1741/1127 1810/1757/1810
f 1127/1741/1127 304/1747/304 1130/1758/1130
f 1810/1757/1810 1130/1758/1130 78/1759/78
f 1132/1752/1132 1811/1762/1811 1135/1760/1135
f 1132/1752/1132 350/2991/350 1136/1761/1136
f 1136/1761/1136 348/2062/348 1137/1763/1137
f 1135/1760/1135 1811/1762/1811 1137/1763/1137
f 1139/1765/1139 1812/1768/1812 1138/1766/1138
f 1139/1765/1139 351/1756/351 1133/1755/1133
f 1133/1755/1133 78/1759/78 1135/1769/1135
f 1138/1766/1138 1812/1768/1812 1135/1769/1135
f 305/1764/305 1137/1763/1137 1813/1771/1813
f 1137/1763/1137 348/2062/348 1141/1773/1141
f 1813/1771/1813 1141/1773/1141 328/1774/328
f 1140/1772/1140 1813/1771/1813 1069/1559/1069
f 329/1775/329 1142/1778/1142 1814/1776/1814
f 1142/1778/1142 349/1767/349 1138/1766/1138
f 1814/1776/1814 1138/1766/1138 305/1770/305
f 1072/1777/1072 1814/1776/1814 1140/1779/1140
f 1103/1780/1103 1815/1782/1815 1115/1700/1115
f 328/1781/328 1141/1783/1141 1815/1782/1815
f 1141/1783/1141 348/2062/348 1143/1784/1143
f 1815/1782/1815 1143/1784/1143 342/1785/342
f 1142/1786/1142 1816/1788/1816 1144/1787/1144
f 329/1564/329 1106/1789/1106 1816/1788/1816
f 1106/1789/1106 327/1703/327 1116/1701/1116
f 1816/1788/1816 1116/1701/1116 343/1702/343
f 296/1790/296 1060/1793/1060 1817/1791/1817
f 1060/1793/1060 298/1547/298 1146/1794/1146
f 1817/1791/1817 1146/1794/1146 318/1795/318
f 1145/1792/1145 1817/1791/1817 1147/1796/1147
f 319/1798/319 1149/1801/1149 1818/1799/1818
f 1149/1801/1149 299/1553/299 1061/1802/1061
f 1818/1799/1818 1061/1802/1061 297/1524/297
f 1148/1800/1148 1818/1799/1818 1150/1803/1150
f 1152/1805/1152 1819/1809/1819 1151/1806/1151
f 316/1808/316 1153/1810/1153 1819/1809/1819
f 1153/1810/1153 324/1735/324 1124/1732/1124
f 1819/1809/1819 1124/1732/1124 77/1734/77
f 1154/1811/1154 1820/1813/1820 1129/1745/1129
f 317/1812/317 1155/1814/1155 1820/1813/1820
f 1155/1814/1155 76/1851/76 1151/1815/1151
f 1820/1813/1820 1151/1815/1151 77/1816/77
f 1157/1817/1157 1821/1821/1821 1156/1818/1156
f 358/1820/358 1158/1822/1158 1821/1821/1821
f 1158/1822/1158 356/1835/356 1159/1823/1159
f 1821/1821/1821 1159/1823/1159 303/1824/303
f 1161/1825/1161 1822/1829/1822 1160/1826/1160
f 359/1828/359 1162/1830/1162 1822/1829/1822
f 1162/1830/1162 302/1988/302 1156/1831/1156
f 1822/1829/1822 1156/1831/1156 303/1832/303
f 303/1824/303 1159/1823/1159 1823/1833/1823
f 356/1835/356 1164/2992/1164 1823/1833/1823
f 1823/1833/1823 1164/2992/1164 354/1836/354
f 1163/1834/1163 1823/1833/1823 1165/1837/1165
f 355/1839/355 1167/1842/1167 1824/1840/1824
f 357/1827/357 1160/1826/1160 1824/1840/1824
f 1824/1840/1824 1160/1826/1160 303/1832/303
f 1166/1841/1166 1824/1840/1824 1163/1843/1163
f 75/1838/75 1165/1837/1165 1825/1845/1825
f 1165/1837/1165 354/1836/354 1169/1847/1169
f 1169/1847/1169 316/1808/316 1152/1805/1152
f 1168/1846/1168 1825/1845/1825 1152/1805/1152
f 1170/1848/1170 1826/1849/1826 1155/1814/1155
f 1170/1848/1170 355/1839/355 1166/1841/1166
f 1826/1849/1826 1166/1841/1166 75/1844/75
f 1155/1814/1155 1826/1849/1826 1168/1850/1168
f 292/1852/292 1052/1855/1052 1827/1853/1827
f 294/1521/294 1172/1856/1172 1827/1853/1827
f 1172/1856/1172 362/2023/362 1173/1857/1173
f 1171/1854/1171 1827/1853/1827 1173/1857/1173
f 1175/1859/1175 1828/1862/1828 1174/1860/1174
f 295/1512/295 1053/2993/1053 1828/1862/1828
f 1828/1862/1828 1053/2993/1053 293/1863/293
f 1174/1860/1174 1828/1862/1828 1176/1864/1176
f 364/1866/364 1173/1857/1173 1829/1867/1829
f 1173/1857/1173 362/2994/362 1178/1869/1178
f 1829/1867/1829 1178/1869/1178 368/1870/368
f 1177/1868/1177 1829/1867/1829 1179/1871/1179
f 369/1873/369 1181/1876/1181 1830/1874/1830
f 1181/1876/1181 363/2995/363 1174/1860/1174
f 1830/1874/1830 1174/1860/1174 365/1877/365
f 1180/1875/1180 1830/1874/1830 1182/1878/1182
f 366/1872/366 1179/1871/1179 1831/1880/1831
f 1179/1871/1179 368/1870/368 1184/1882/1184
f 1831/1880/1831 1184/1882/1184 370/1883/370
f 1183/1881/1183 1831/1880/1831 1185/1884/1185
f 371/1886/371 1187/1889/1187 1832/1887/1832
f 1187/1889/1187 369/1873/369 1180/1875/1180
f 1832/1887/1832 1180/1875/1180 367/1879/367
f 1186/1888/1186 1832/1887/1832 1188/1890/1188
f 1185/1892/1185 1833/1895/1833 1189/1893/1189
f 370/1883/370 1190/1896/1190 1833/1895/1833
f 1190/1896/1190 376/1914/376 1191/1897/1191
f 1833/1895/1833 1191/1897/1191 374/1898/374
f 1193/1899/1193 1834/1903/1834 1192/1900/1192
f 371/1902/371 1186/1904/1186 1834/1903/1834
f 1186/1904/1186 373/2996/373 1194/1905/1194
f 1834/1903/1834 1194/1905/1194 375/1906/375
f 314/1907/314 1196/1911/1196 1835/1908/1835
f 378/1910/378 1197/1912/1197 1835/1908/1835
f 1197/1912/1197 374/2997/374 1191/1913/1191
f 1835/1908/1835 1191/1913/1191 376/1914/376
f 1198/1915/1198 1836/1919/1836 1192/1916/1192
f 379/1918/379 1199/2998/1199 1836/1919/1836
f 1836/1919/1836 1199/2998/1199 315/1920/315
f 1836/1919/1836 1200/1921/1200 377/1901/377
f 316/1922/316 1169/1925/1169 1837/1923/1837
f 1169/1925/1169 354/1937/354 1202/1926/1202
f 1837/1923/1837 1202/1926/1202 374/1927/374
f 1201/1924/1201 1837/1923/1837 1197/1928/1197
f 375/1917/375 1203/1932/1203 1838/1930/1838
f 1203/1932/1203 355/1947/355 1170/1933/1170
f 1838/1930/1838 1170/1933/1170 317/1934/317
f 1198/1931/1198 1838/1930/1838 1204/1935/1204
f 354/1937/354 1164/1939/1164 1839/1938/1839
f 1164/1939/1164 356/1948/356 1205/1940/1205
f 1839/1938/1839 1205/1940/1205 372/1941/372
f 1202/1926/1202 1839/1938/1839 1189/1942/1189
f 373/1891/373 1206/1945/1206 1840/1943/1840
f 1206/1945/1206 357/1957/357 1167/1946/1167
f 1840/1943/1840 1167/1946/1167 355/1947/355
f 1194/1944/1194 1840/1943/1840 1203/1932/1203
f 356/1948/356 1158/1822/1158 1841/1949/1841
f 1158/1822/1158 358/1958/358 1207/1950/1207
f 1841/1949/1841 1207/1950/1207 366/1951/366
f 1205/1940/1205 1841/1949/1841 1183/1881/1183
f 367/1952/367 1208/1955/1208 1842/1953/1842
f 1208/1955/1208 359/1967/359 1161/1956/1161
f 1842/1953/1842 1161/1956/1161 357/1957/357
f 1188/1954/1188 1842/1953/1842 1206/1945/1206
f 358/1958/358 1209/1960/1209 1843/1959/1843
f 1209/1960/1209 360/2999/360 1210/1961/1210
f 1843/1959/1843 1210/1961/1210 364/1962/364
f 1843/1959/1843 1177/1868/1177 366/1951/366
f 365/1877/365 1211/1965/1211 1844/1963/1844
f 1211/1965/1211 361/1978/361 1212/1966/1212
f 1844/1963/1844 1212/1966/1212 359/1967/359
f 1844/1963/1844 1208/1955/1208 367/1952/367
f 1048/1968/1048 1845/1971/1845 1213/1969/1213
f 292/1852/292 1171/1854/1171 1845/1971/1845
f 1171/1854/1171 364/1858/364 1210/1972/1210
f 1845/1971/1845 1210/1972/1210 360/1973/360
f 1176/1864/1176 1846/1975/1846 1211/1974/1211
f 293/1863/293 1049/1976/1049 1846/1975/1846
f 1049/1976/1049 291/2003/291 1214/1977/1214
f 1846/1975/1846 1214/1977/1214 361/1978/361
f 1216/1979/1216 1847/1982/1847 1215/1980/1215
f 360/1973/360 1209/1983/1209 1847/1982/1847
f 1209/1983/1209 358/1820/358 1157/1817/1157
f 1847/1982/1847 1157/1817/1157 302/1819/302
f 1212/1984/1212 1848/1985/1848 1162/1830/1162
f 361/1978/361 1217/1986/1217 1848/1985/1848
f 1217/1986/1217 74/2011/74 1215/1987/1215
f 1848/1985/1848 1215/1987/1215 302/1988/302
f 1036/1989/1036 1849/1993/1849 1218/1990/1218
f 286/1992/286 1040/3000/1040 1849/1993/1849
f 1849/1993/1849 1040/3000/1040 288/1994/288
f 1218/1990/1218 1849/1993/1849 1044/1995/1044
f 289/1996/289 1041/2000/1041 1850/1997/1850
f 287/1999/287 1037/2001/1037 1850/1997/1850
f 1037/2001/1037 285/2009/285 1219/2002/1219
f 1045/1998/1045 1850/1997/1850 1219/2002/1219
f 284/1991/284 1218/2006/1218 1851/2004/1851
f 1218/2006/1218 290/1970/290 1213/1969/1213
f 1851/2004/1851 1213/1969/1213 360/1973/360
f 1220/2005/1220 1851/2004/1851 1216/1979/1216
f 361/1978/361 1214/1977/1214 1852/2007/1852
f 1214/1977/1214 291/2003/291 1219/2008/1219
f 1852/2007/1852 1219/2008/1219 285/2009/285
f 1217/1986/1217 1852/2007/1852 1221/2010/1221
f 73/2012/73 1032/2015/1032 1853/2013/1853
f 284/1991/284 1220/3001/1220 1853/2013/1853
f 74/1981/74 1222/3002/1222 1853/2013/1853
f 74/2011/74 1221/2010/1221 1854/2017/1854
f 285/2009/285 1033/3003/1033 1854/2017/1854
f 73/2019/73 1222/2018/1222 1854/2017/1854
f 1056/1520/1056 1855/2021/1855 1172/1856/1172
f 296/1790/296 1145/1792/1145 1855/2021/1855
f 1145/1792/1145 310/1797/310 1223/2022/1223
f 1855/2021/1855 1223/2022/1223 362/2023/362
f 1150/1803/1150 1856/2025/1856 1224/2024/1224
f 297/1524/297 1057/1523/1057 1856/2025/1856
f 1057/1523/1057 295/1512/295 1175/1859/1175
f 1856/2025/1856 1175/1859/1175 363/1861/363
f 310/2026/310 1225/2029/1225 1857/2027/1857
f 1225/2029/1225 312/2039/312 1226/2030/1226
f 1857/2027/1857 1226/2030/1226 368/2031/368
f 1223/2028/1223 1857/2027/1857 1178/2032/1178
f 369/2033/369 1227/2035/1227 1858/2034/1858
f 1227/2035/1227 313/2048/313 1228/2036/1228
f 1858/2034/1858 1228/2036/1228 311/2037/311
f 1181/1876/1181 1858/2034/1858 1224/2038/1224
f 312/2039/312 1229/2041/1229 1859/2040/1859
f 1229/2041/1229 382/2053/382 1230/2042/1230
f 1859/2040/1859 1230/2042/1230 370/2043/370
f 1226/2030/1226 1859/2040/1859 1184/1882/1184
f 371/1902/371 1231/2046/1231 1860/2044/1860
f 1231/2046/1231 383/2059/383 1232/2047/1232
f 1860/2044/1860 1232/2047/1232 313/2048/313
f 1187/2045/1187 1860/2044/1860 1227/2035/1227
f 1195/2049/1195 1861/2051/1861 1233/2050/1233
f 376/1914/376 1190/2052/1190 1861/2051/1861
f 1190/2052/1190 370/2043/370 1230/2042/1230
f 1861/2051/1861 1230/2042/1230 382/2053/382
f 1193/1899/1193 1862/2056/1862 1231/2054/1231
f 377/1901/377 1200/2057/1200 1862/2056/1862
f 1200/2057/1200 315/1920/315 1234/2058/1234
f 1862/2056/1862 1234/2058/1234 383/2059/383
f 1136/2060/1136 1863/2064/1863 1235/2061/1235
f 350/2063/350 1236/2065/1236 1863/2064/1863
f 1236/2065/1236 386/2144/386 1237/2066/1237
f 1235/2061/1235 1863/2064/1863 1237/2066/1237
f 1239/2068/1239 1864/2072/1864 1238/2069/1238
f 351/2071/351 1139/2073/1139 1864/2072/1864
f 1139/2073/1139 349/1767/349 1240/2074/1240
f 1238/2069/1238 1864/2072/1864 1240/2074/1240
f 1242/2076/1242 1865/2079/1865 1241/2077/1241
f 1242/2076/1242 384/2067/384 1237/2078/1237
f 1237/2078/1237 386/2131/386 1243/2080/1243
f 1865/2079/1865 1243/2080/1243 320/2081/320
f 1238/2069/1238 1866/2084/1866 1244/2082/1244
f 1238/2069/1238 385/2075/385 1245/2083/1245
f 1245/2083/1245 319/1798/319 1246/2085/1246
f 1866/2084/1866 1246/2085/1246 321/2086/321
f 298/1547/298 1064/1546/1064 1867/2087/1867
f 1064/1546/1064 300/1545/300 1247/2088/1247
f 1867/2087/1867 1247/2088/1247 384/2067/384
f 1146/1794/1146 1867/2087/1867 1242/2076/1242
f 385/2075/385 1248/2090/1248 1868/2089/1868
f 1248/2090/1248 301/1548/301 1065/1550/1065
f 1868/2089/1868 1065/1550/1065 299/1553/299
f 1245/2083/1245 1868/2089/1868 1149/1801/1149
f 300/1545/300 1249/2092/1249 1869/2091/1869
f 1249/2092/1249 344/1688/344 1110/1686/1110
f 1869/2091/1869 1110/1686/1110 342/1785/342
f 1247/2088/1247 1869/2091/1869 1250/2093/1250
f 343/1702/343 1113/2096/1113 1870/2094/1870
f 1113/2096/1113 345/3004/345 1252/2097/1252
f 1870/2094/1870 1252/2097/1252 301/1548/301
f 1251/2095/1251 1870/2094/1870 1248/2090/1248
f 1143/1784/1143 1871/2099/1871 1250/2098/1250
f 348/2062/348 1235/3005/1235 1871/2099/1871
f 384/2067/384 1250/2093/1250 1871/2099/1871
f 385/2075/385 1240/2074/1240 1872/2101/1872
f 349/1767/349 1144/3006/1144 1872/2101/1872
f 1251/2095/1251 1872/2101/1872 1144/2102/1144
f 1121/2103/1121 1873/2105/1873 1249/2104/1249
f 346/1713/346 1118/3007/1118 1873/2105/1873
f 344/1688/344 1249/2104/1249 1873/2105/1873
f 345/1691/345 1119/3008/1119 1874/2107/1874
f 347/1721/347 1122/1727/1122 1874/2107/1874
f 1252/2109/1252 1874/2107/1874 1122/2110/1122
f 1253/2111/1253 1875/2114/1875 1196/2112/1196
f 1253/2111/1253 322/2135/322 1254/2113/1254
f 1254/2113/1254 380/2150/380 1255/2115/1255
f 1196/2112/1196 1875/2114/1875 1255/2115/1255
f 1257/2117/1257 1876/2121/1876 1256/2118/1256
f 1257/2117/1257 323/2139/323 1258/2120/1258
f 1258/2120/1258 315/1920/315 1199/2122/1199
f 1256/2118/1256 1876/2121/1876 1199/2122/1199
f 1201/2123/1201 1877/2124/1877 1153/1810/1153
f 378/1910/378 1255/2125/1255 1877/2124/1877
f 1255/2125/1255 380/2150/380 1259/2126/1259
f 1877/2124/1877 1259/2126/1259 324/1735/324
f 1256/2118/1256 1878/2128/1878 1260/2127/1260
f 379/1918/379 1204/2129/1204 1878/2128/1878
f 1204/2129/1204 317/1812/317 1154/1811/1154
f 1878/2128/1878 1154/1811/1154 325/1743/325
f 1243/2080/1243 1879/2132/1879 1261/2130/1261
f 386/2131/386 1262/2133/1262 1879/2132/1879
f 1262/2133/1262 380/2150/380 1254/2134/1254
f 1879/2132/1879 1254/2134/1254 322/2135/322
f 1263/2136/1263 1880/2137/1880 1257/2117/1257
f 387/2070/387 1244/2082/1244 1880/2137/1880
f 1244/2082/1244 321/2086/321 1264/2138/1264
f 1880/2137/1880 1264/2138/1264 323/2139/323
f 1131/2140/1131 1881/2142/1881 1236/2065/1236
f 352/2141/352 1265/2143/1265 1881/2142/1881
f 1265/2143/1265 380/2150/380 1262/2133/1262
f 1881/2142/1881 1262/2133/1262 386/2144/386
f 1266/2145/1266 1882/2147/1882 1263/2136/1263
f 353/2146/353 1134/1754/1134 1882/2147/1882
f 1134/1754/1134 351/2071/351 1239/2068/1239
f 1882/2147/1882 1239/2068/1239 387/2070/387
f 324/2148/324 1259/2126/1259 1883/2149/1883
f 380/2150/380 1265/3009/1265 1883/2149/1883
f 352/2152/352 1125/3010/1125 1883/2149/1883
f 353/2153/353 1266/3011/1266 1884/2154/1884
f 381/2119/381 1260/3012/1260 1884/2154/1884
f 325/2157/325 1128/2155/1128 1884/2154/1884
f 1268/2159/1268 1885/2163/1885 1267/2160/1267
f 388/2162/388 1269/2164/1269 1885/2163/1885
f 1269/2164/1269 414/2426/414 1270/2165/1270
f 1885/2163/1885 1270/2165/1270 402/2166/402
f 1272/2167/1272 1886/2171/1886 1271/2168/1271
f 389/2170/389 1273/2172/1273 1886/2171/1886
f 1273/2172/1273 401/2187/401 1274/2173/1274
f 1886/2171/1886 1274/2173/1274 403/2174/403
f 400/2161/400 1267/2177/1267 1887/2175/1887
f 1267/2177/1267 402/2166/402 1276/2178/1276
f 1887/2175/1887 1276/2178/1276 404/2179/404
f 1275/2176/1275 1887/2175/1887 1277/2180/1277
f 405/2182/405 1279/2185/1279 1888/2183/1888
f 1279/2185/1279 403/2174/403 1274/2186/1274
f 1888/2183/1888 1274/2186/1274 401/2187/401
f 1278/2184/1278 1888/2183/1888 1280/2188/1280
f 398/2181/398 1277/2180/1277 1889/2190/1889
f 404/2179/404 1282/2192/1282 1889/2190/1889
f 1282/2192/1282 406/2202/406 1283/2193/1283
f 1889/2190/1889 1283/2193/1283 396/2194/396
f 1285/2195/1285 1890/2198/1890 1284/2196/1284
f 405/2182/405 1278/2184/1278 1890/2198/1890
f 1890/2198/1890 1278/2184/1278 399/2189/399
f 1890/2198/1890 1286/2199/1286 397/2200/397
f 1283/2193/1283 1891/2203/1891 1287/2201/1287
f 406/2202/406 1288/2204/1288 1891/2203/1891
f 1288/2204/1288 408/2215/408 1289/2205/1289
f 1891/2203/1891 1289/2205/1289 394/2206/394
f 1291/2207/1291 1892/2210/1892 1290/2208/1290
f 407/2197/407 1284/2196/1284 1892/2210/1892
f 1284/2196/1284 397/2200/397 1292/2211/1292
f 1892/2210/1892 1292/2211/1292 395/2212/395
f 1289/2213/1289 1893/2216/1893 1293/2214/1293
f 408/2215/408 1294/2251/1294 1893/2216/1893
f 1893/2216/1893 1294/2251/1294 410/2217/410
f 1893/2216/1893 1295/2218/1295 392/2219/392
f 411/2220/411 1297/2224/1297 1894/2221/1894
f 409/2223/409 1290/2225/1290 1894/2221/1894
f 1290/2225/1290 395/3013/395 1298/2226/1298
f 1894/2221/1894 1298/2226/1298 393/2227/393
f 1295/2218/1295 1895/2230/1895 1299/2228/1299
f 1295/2218/1295 410/2217/410 1300/2229/1300
f 1895/2230/1895 1300/2229/1300 412/2231/412
f 1895/2230/1895 1301/2232/1301 390/2233/390
f 413/2234/413 1303/2237/1303 1896/2235/1896
f 1303/2237/1303 411/2220/411 1296/2222/1296
f 1296/2222/1296 393/2227/393 1304/2238/1304
f 1896/2235/1896 1304/2238/1304 391/2239/391
f 410/2217/410 1305/2241/1305 1897/2240/1897
f 1305/2241/1305 420/2254/420 1306/2242/1306
f 1897/2240/1897 1306/2242/1306 418/2243/418
f 1300/2229/1300 1897/2240/1897 1307/2244/1307
f 419/2245/419 1309/2248/1309 1898/2246/1898
f 1309/2248/1309 421/2255/421 1310/2249/1310
f 1898/2246/1898 1310/2249/1310 411/2220/411
f 1308/2247/1308 1898/2246/1898 1303/2237/1303
f 408/2215/408 1311/2252/1311 1899/2250/1899
f 1311/2252/1311 422/3014/422 1312/2253/1312
f 1899/2250/1899 1312/2253/1312 420/2254/420
f 1294/2251/1294 1899/2250/1899 1305/2241/1305
f 421/2255/421 1313/2257/1313 1900/2256/1900
f 1313/2257/1313 423/2266/423 1314/2258/1314
f 1900/2256/1900 1314/2258/1314 409/2223/409
f 1310/2249/1310 1900/2256/1900 1297/2224/1297
f 1315/2259/1315 1901/2263/1901 1288/2260/1288
f 424/2262/424 1316/2264/1316 1901/2263/1901
f 1316/2264/1316 422/3014/422 1311/2252/1311
f 1901/2263/1901 1311/2252/1311 408/2215/408
f 1317/2265/1317 1902/2268/1902 1314/2258/1314
f 425/2267/425 1318/2269/1318 1902/2268/1902
f 1318/2269/1318 407/2282/407 1291/2270/1291
f 1902/2268/1902 1291/2270/1291 409/2223/409
f 1319/2271/1319 1903/2275/1903 1282/2272/1282
f 426/2274/426 1320/2276/1320 1903/2275/1903
f 1320/2276/1320 424/2262/424 1315/2259/1315
f 1903/2275/1903 1315/2259/1315 406/2261/406
f 1321/2277/1321 1904/2279/1904 1318/2269/1318
f 427/2278/427 1322/2280/1322 1904/2279/1904
f 1322/2280/1322 405/2293/405 1285/2281/1285
f 1904/2279/1904 1285/2281/1285 407/2282/407
f 1323/2283/1323 1905/2287/1905 1276/2284/1276
f 428/2286/428 1324/2288/1324 1905/2287/1905
f 1324/2288/1324 426/2274/426 1319/2271/1319
f 1905/2287/1905 1319/2271/1319 404/2273/404
f 1325/2289/1325 1906/2291/1906 1322/2280/1322
f 429/2290/429 1326/2292/1326 1906/2291/1906
f 1326/2292/1326 403/2307/403 1279/2185/1279
f 1906/2291/1906 1279/2185/1279 405/2293/405
f 402/2294/402 1270/2297/1270 1907/2295/1907
f 1270/2297/1270 414/3015/414 1327/2298/1327
f 1907/2295/1907 1327/2298/1327 416/2299/416
f 1323/2296/1323 1907/2295/1907 1328/2300/1328
f 417/2302/417 1330/2305/1330 1908/2303/1908
f 1330/2305/1330 415/3016/415 1271/2306/1271
f 1908/2303/1908 1271/2306/1271 403/2307/403
f 1329/2304/1329 1908/2303/1908 1326/2308/1326
f 1241/2310/1241 1909/2313/1909 1331/2311/1331
f 1241/2310/1241 320/2081/320 1332/2312/1332
f 1332/2312/1332 444/2461/444 1333/2314/1333
f 1331/2311/1331 1909/2313/1909 1333/2314/1333
f 1335/2316/1335 1910/2320/1910 1334/2317/1334
f 1335/2316/1335 321/2086/321 1246/2319/1246
f 1246/2319/1246 319/1798/319 1336/2321/1336
f 1334/2317/1334 1910/2320/1910 1336/2321/1336
f 1337/2323/1337 1911/2327/1911 1332/2324/1332
f 390/2326/390 1301/2328/1301 1911/2327/1911
f 1301/2328/1301 412/2358/412 1338/2329/1338
f 1911/2327/1911 1338/2329/1338 444/2330/444
f 1302/2236/1302 1912/2334/1912 1339/2331/1339
f 391/2333/391 1340/2335/1340 1912/2334/1912
f 1340/2335/1340 321/2930/321 1335/2336/1335
f 1912/2334/1912 1335/2336/1335 445/2337/445
f 310/1797/310 1147/1796/1147 1913/2338/1913
f 1147/1796/1147 318/1795/318 1331/2311/1331
f 1913/2338/1913 1331/2311/1331 442/2315/442
f 1225/2339/1225 1913/2338/1913 1341/2340/1341
f 443/2322/443 1336/2321/1336 1914/2341/1914
f 1336/2321/1336 319/1798/319 1148/1800/1148
f 1914/2341/1914 1148/1800/1148 311/1804/311
f 1342/2342/1342 1914/2341/1914 1228/2343/1228
f 382/2344/382 1344/2347/1344 1915/2345/1915
f 1344/2347/1344 430/2412/430 1345/2348/1345
f 1915/2345/1915 1345/2348/1345 414/2349/414
f 1343/2346/1343 1915/2345/1915 1269/2350/1269
f 415/2351/415 1346/2354/1346 1916/2352/1916
f 1346/2354/1346 431/2434/431 1347/2355/1347
f 1916/2352/1916 1347/2355/1347 383/2356/383
f 1272/2353/1272 1916/2352/1916 1348/2357/1348
f 412/2358/412 1307/2361/1307 1917/2359/1917
f 1307/2361/1307 418/2243/418 1349/2362/1349
f 1917/2359/1917 1349/2362/1349 440/2363/440
f 1338/2360/1338 1917/2359/1917 1350/2364/1350
f 441/2365/441 1352/2368/1352 1918/2366/1918
f 1352/2368/1352 419/2245/419 1308/2369/1308
f 1918/2366/1918 1308/2369/1308 413/2332/413
f 1351/2367/1351 1918/2366/1918 1339/2331/1339
f 1354/2370/1354 1919/2374/1919 1353/2371/1353
f 446/2373/446 1355/2375/1355 1919/2374/1919
f 1355/2375/1355 444/2330/444 1350/2376/1350
f 1919/2374/1919 1350/2376/1350 440/2377/440
f 1356/2378/1356 1920/2381/1920 1351/2379/1351
f 447/2380/447 1357/2382/1357 1920/2381/1920
f 1357/2382/1357 439/2393/439 1358/2383/1358
f 1920/2381/1920 1358/2383/1358 441/2384/441
f 1360/2385/1360 1921/2389/1921 1359/2386/1359
f 1360/2385/1360 446/2373/446 1354/2388/1354
f 1921/2389/1921 1354/2388/1354 438/2390/438
f 1921/2389/1921 1361/2391/1361 436/2392/436
f 439/2393/439 1357/2396/1357 1922/2394/1922
f 1357/2396/1357 447/2380/447 1363/2397/1363
f 1363/2397/1363 435/2409/435 1364/2398/1364
f 1922/2394/1922 1364/2398/1364 437/2399/437
f 1366/2400/1366 1923/2404/1923 1365/2401/1365
f 1366/2400/1366 448/2413/448 1367/2403/1367
f 1367/2403/1367 446/2373/446 1360/2385/1360
f 1923/2404/1923 1360/2385/1360 434/2387/434
f 1368/2405/1368 1924/2407/1924 1363/2397/1363
f 1368/2405/1368 449/2421/449 1369/2406/1369
f 1369/2406/1369 433/2420/433 1370/2408/1370
f 1924/2407/1924 1370/2408/1370 435/2409/435
f 1372/2410/1372 1925/2414/1925 1371/2411/1371
f 448/2413/448 1366/2415/1366 1925/2414/1925
f 1366/2415/1366 432/2494/432 1373/2416/1373
f 1925/2414/1925 1373/2416/1373 450/2417/450
f 1369/2418/1369 1926/2422/1926 1374/2419/1374
f 449/2421/449 1375/2423/1375 1926/2422/1926
f 1375/2423/1375 431/2434/431 1376/2424/1376
f 1926/2422/1926 1376/2424/1376 451/2425/451
f 414/2426/414 1345/2429/1345 1927/2427/1927
f 430/2412/430 1371/2411/1371 1927/2427/1927
f 1927/2427/1927 1371/2411/1371 450/2417/450
f 1327/2428/1327 1927/2427/1927 1377/2430/1377
f 451/2425/451 1376/2424/1376 1928/2432/1928
f 431/2434/431 1346/3017/1346 1928/2432/1928
f 1928/2432/1928 1346/3017/1346 415/2169/415
f 1378/2433/1378 1928/2432/1928 1330/2435/1330
f 312/2039/312 1379/2438/1379 1929/2437/1929
f 1379/2438/1379 448/2452/448 1372/2439/1372
f 1929/2437/1929 1372/2439/1372 430/2440/430
f 1229/2041/1229 1929/2437/1929 1344/2441/1344
f 431/2442/431 1375/2445/1375 1930/2443/1930
f 1375/2445/1375 449/2458/449 1380/2446/1380
f 1930/2443/1930 1380/2446/1380 313/2048/313
f 1347/2444/1347 1930/2443/1930 1232/2447/1232
f 1341/2340/1341 1931/2449/1931 1379/2448/1379
f 442/2315/442 1381/2450/1381 1931/2449/1931
f 1381/2450/1381 446/2465/446 1367/2451/1367
f 1931/2449/1931 1367/2451/1367 448/2452/448
f 1382/2453/1382 1932/2456/1932 1368/2454/1368
f 443/2322/443 1342/2342/1342 1932/2456/1932
f 1342/2342/1342 313/2048/313 1380/2457/1380
f 1932/2456/1932 1380/2457/1380 449/2458/449
f 442/2459/442 1333/2314/1333 1933/2460/1933
f 444/2461/444 1355/3018/1355 1933/2460/1933
f 1381/2463/1381 1933/2460/1933 1355/2464/1355
f 1356/2466/1356 1934/2468/1934 1382/2467/1382
f 445/2318/445 1334/3019/1334 1934/2468/1934
f 443/2470/443 1382/3020/1382 1934/2468/1934
f 416/2299/416 1377/2474/1377 1935/2472/1935
f 1377/2474/1377 450/2417/450 1384/2475/1384
f 1935/2472/1935 1384/2475/1384 452/2476/452
f 1383/2473/1383 1935/2472/1935 1385/2477/1385
f 453/2479/453 1387/2482/1387 1936/2480/1936
f 1387/2482/1387 451/3021/451 1378/2433/1378
f 1936/2480/1936 1378/2433/1378 417/2302/417
f 1386/2481/1386 1936/2480/1936 1388/2483/1388
f 1373/2485/1373 1937/2487/1937 1384/2475/1384
f 1373/2485/1373 432/3022/432 1389/2486/1389
f 1389/2486/1389 462/2704/462 1390/2488/1390
f 1384/2475/1384 1937/2487/1937 1390/2488/1390
f 1392/2489/1392 1938/2493/1938 1391/2490/1391
f 1392/2489/1392 433/3023/433 1374/2492/1374
f 1374/2492/1374 451/3021/451 1387/2482/1387
f 1391/2490/1391 1938/2493/1938 1387/2482/1387
f 432/2494/432 1365/2496/1365 1939/2495/1939
f 1365/2496/1365 434/2387/434 1393/2497/1393
f 1939/2495/1939 1393/2497/1393 460/2498/460
f 1389/2486/1389 1939/2495/1939 1394/2499/1394
f 461/2501/461 1396/2504/1396 1940/2502/1940
f 1396/2504/1396 435/2409/435 1370/2408/1370
f 1940/2502/1940 1370/2408/1370 433/2420/433
f 1395/2503/1395 1940/2502/1940 1392/2505/1392
f 1359/2507/1359 1941/2508/1941 1393/2497/1393
f 436/2392/436 1397/2509/1397 1941/2508/1941
f 1397/2509/1397 458/2519/458 1398/2510/1398
f 1941/2508/1941 1398/2510/1398 460/2498/460
f 1400/2511/1400 1942/2514/1942 1399/2512/1399
f 437/2399/437 1364/2515/1364 1942/2514/1942
f 1364/2515/1364 435/2409/435 1396/2504/1396
f 1942/2514/1942 1396/2504/1396 461/2501/461
f 1361/2391/1361 1943/2516/1943 1397/2509/1397
f 438/2390/438 1401/2525/1401 1943/2516/1943
f 1943/2516/1943 1401/2525/1401 456/2517/456
f 1943/2516/1943 1402/2518/1402 458/2519/458
f 457/2520/457 1404/2523/1404 1944/2521/1944
f 439/2393/439 1362/2395/1362 1944/2521/1944
f 1362/2395/1362 437/2399/437 1400/2511/1400
f 1944/2521/1944 1400/2511/1400 459/2513/459
f 438/2390/438 1353/2526/1353 1945/2524/1945
f 1353/2526/1353 440/2535/440 1405/2527/1405
f 1945/2524/1945 1405/2527/1405 454/2528/454
f 1401/2525/1401 1945/2524/1945 1406/2529/1406
f 455/2530/455 1408/2533/1408 1946/2531/1946
f 1408/2533/1408 441/2384/441 1358/2534/1358
f 1946/2531/1946 1358/2534/1358 439/2393/439
f 1407/2532/1407 1946/2531/1946 1404/2523/1404
f 440/2535/440 1349/2538/1349 1947/2536/1947
f 418/2537/418 1409/2539/1409 1947/2536/1947
f 1409/2539/1409 474/2714/474 1410/2540/1410
f 1947/2536/1947 1410/2540/1410 454/2528/454
f 1412/2541/1412 1948/2545/1948 1411/2542/1411
f 419/2544/419 1352/2368/1352 1948/2545/1948
f 1948/2545/1948 1352/2368/1352 441/2384/441
f 1948/2545/1948 1408/2533/1408 455/2530/455
f 428/2301/428 1328/2548/1328 1949/2546/1949
f 1328/2548/1328 416/2431/416 1383/2549/1383
f 1949/2546/1949 1383/2549/1383 476/2550/476
f 1413/2547/1413 1949/2546/1949 1414/2551/1414
f 477/2553/477 1388/2556/1388 1950/2554/1950
f 1388/2556/1388 417/2436/417 1329/2557/1329
f 1950/2554/1950 1329/2557/1329 429/2558/429
f 1415/2555/1415 1950/2554/1950 1416/2559/1416
f 426/2561/426 1324/2288/1324 1951/2562/1951
f 1324/2288/1324 428/2301/428 1413/2547/1413
f 1951/2562/1951 1413/2547/1413 464/2552/464
f 1417/2563/1417 1951/2562/1951 1418/2564/1418
f 465/2560/465 1416/2559/1416 1952/2566/1952
f 1416/2559/1416 429/2558/429 1325/2568/1325
f 1952/2566/1952 1325/2568/1325 427/2569/427
f 1419/2567/1419 1952/2566/1952 1420/2570/1420
f 424/2572/424 1320/2575/1320 1953/2573/1953
f 1320/2575/1320 426/2561/426 1417/2563/1417
f 1953/2573/1953 1417/2563/1417 466/2565/466
f 1421/2574/1421 1953/2573/1953 1422/2576/1422
f 467/2571/467 1420/2570/1420 1954/2578/1954
f 1420/2570/1420 427/2569/427 1321/2580/1321
f 1954/2578/1954 1321/2580/1321 425/2267/425
f 1423/2579/1423 1954/2578/1954 1424/2581/1424
f 1316/2264/1316 1955/2586/1955 1425/2583/1425
f 1316/2264/1316 424/2262/424 1421/2585/1421
f 1955/2586/1955 1421/2585/1421 468/2587/468
f 1425/2583/1425 1955/2586/1955 1426/2588/1426
f 469/2590/469 1424/2593/1424 1956/2591/1956
f 1424/2593/1424 425/3024/425 1317/2594/1317
f 1317/2594/1317 423/2266/423 1428/2595/1428
f 1427/2592/1427 1956/2591/1956 1428/2595/1428
f 1312/2253/1312 1957/2599/1957 1429/2597/1429
f 422/2584/422 1425/2583/1425 1957/2599/1957
f 1425/2583/1425 470/2589/470 1430/2600/1430
f 1957/2599/1957 1430/2600/1430 472/2601/472
f 1428/2595/1428 1958/2603/1958 1431/2602/1431
f 423/2266/423 1313/2604/1313 1958/2603/1958
f 1313/2604/1313 421/2255/421 1432/2605/1432
f 1958/2603/1958 1432/2605/1432 473/2606/473
f 1306/2607/1306 1959/2609/1959 1409/2608/1409
f 420/2598/420 1429/2597/1429 1959/2609/1959
f 1429/2597/1429 472/2601/472 1433/2610/1433
f 1959/2609/1959 1433/2610/1433 474/2611/474
f 1432/2605/1432 1960/2613/1960 1434/2612/1434
f 421/2255/421 1309/2614/1309 1960/2613/1960
f 1309/2614/1309 419/2245/419 1412/2615/1412
f 1960/2613/1960 1412/2615/1412 475/2616/475
f 1402/2617/1402 1961/2621/1961 1435/2618/1435
f 1402/2617/1402 456/3025/456 1436/2620/1436
f 1961/2621/1961 1436/2620/1436 480/2622/480
f 1961/2621/1961 1437/2623/1437 478/2624/478
f 481/2625/481 1439/2628/1439 1962/2626/1962
f 1439/2628/1439 457/3026/457 1403/2629/1403
f 1403/2629/1403 459/3027/459 1440/2630/1440
f 1962/2626/1962 1440/2630/1440 479/2631/479
f 1437/2623/1437 1963/2634/1963 1441/2632/1441
f 1437/2623/1437 480/2622/480 1442/2633/1442
f 1963/2634/1963 1442/2633/1442 482/2635/482
f 1963/2634/1963 1443/2636/1443 484/2637/484
f 483/2638/483 1445/2641/1445 1964/2639/1964
f 1445/2641/1445 481/2625/481 1438/2627/1438
f 1438/2627/1438 479/2631/479 1446/2642/1446
f 1964/2639/1964 1446/2642/1446 485/2643/485
f 1443/2636/1443 1965/2646/1965 1447/2644/1447
f 1443/2636/1443 482/2635/482 1448/2645/1448
f 1448/2645/1448 488/2739/488 1449/2647/1449
f 1965/2646/1965 1449/2647/1449 486/2648/486
f 1451/2649/1451 1966/2652/1966 1450/2650/1450
f 1451/2649/1451 483/2638/483 1444/2640/1444
f 1444/2640/1444 485/2643/485 1452/2653/1452
f 1966/2652/1966 1452/2653/1452 487/2654/487
f 1449/2655/1449 1967/2659/1967 1453/2656/1453
f 488/2658/488 1454/2660/1454 1967/2659/1967
f 1454/2660/1454 490/2750/490 1455/2661/1455
f 1967/2659/1967 1455/2661/1455 492/2662/492
f 1457/2663/1457 1968/2667/1968 1456/2664/1456
f 489/2666/489 1450/2668/1450 1968/2667/1968
f 1450/2668/1450 487/3028/487 1458/2669/1458
f 1968/2667/1968 1458/2669/1458 493/2670/493
f 464/2552/464 1414/2551/1414 1969/2671/1969
f 1414/2551/1414 476/2550/476 1460/2673/1460
f 1969/2671/1969 1460/2673/1460 486/2674/486
f 1459/2672/1459 1969/2671/1969 1453/2675/1453
f 487/2654/487 1461/2679/1461 1970/2677/1970
f 1461/2679/1461 477/2553/477 1415/2555/1415
f 1970/2677/1970 1415/2555/1415 465/2560/465
f 1458/2678/1458 1970/2677/1970 1462/2680/1462
f 1463/2682/1463 1971/2684/1971 1385/2477/1385
f 484/2637/484 1447/2644/1447 1971/2684/1971
f 1447/2644/1447 486/2648/486 1460/2685/1460
f 1971/2684/1971 1460/2685/1460 476/2478/476
f 1452/2653/1452 1972/2686/1972 1461/2679/1461
f 485/2643/485 1464/2687/1464 1972/2686/1972
f 1464/2687/1464 453/3029/453 1386/2688/1386
f 1972/2686/1972 1386/2688/1386 477/2484/477
f 452/2476/452 1390/2488/1390 1973/2689/1973
f 1390/2488/1390 462/2704/462 1465/2691/1465
f 1973/2689/1973 1465/2691/1465 478/2624/478
f 1463/2690/1463 1973/2689/1973 1441/2692/1441
f 479/2694/479 1466/2697/1466 1974/2695/1974
f 1466/2697/1466 463/2491/463 1391/2490/1391
f 1974/2695/1974 1391/2490/1391 453/2479/453
f 1446/2696/1446 1974/2695/1974 1464/2698/1464
f 458/2699/458 1435/2702/1435 1975/2700/1975
f 1435/2702/1435 478/3030/478 1465/2703/1465
f 1975/2700/1975 1465/2703/1465 462/2704/462
f 1398/2701/1398 1975/2700/1975 1394/2705/1394
f 463/2706/463 1466/2709/1466 1976/2707/1976
f 1466/2709/1466 479/3031/479 1440/2710/1440
f 1976/2707/1976 1440/2710/1440 459/2711/459
f 1395/2708/1395 1976/2707/1976 1399/2712/1399
f 1410/2540/1410 1977/2715/1977 1406/2713/1406
f 474/2714/474 1467/2716/1467 1977/2715/1977
f 1467/2716/1467 480/2728/480 1436/2620/1436
f 1977/2715/1977 1436/2620/1436 456/2717/456
f 1468/2718/1468 1978/2721/1978 1439/2719/1439
f 475/2543/475 1411/2542/1411 1978/2721/1978
f 1411/2542/1411 455/2530/455 1407/2722/1407
f 1978/2721/1978 1407/2722/1407 457/2520/457
f 472/2723/472 1469/2726/1469 1979/2724/1979
f 1469/2726/1469 482/3032/482 1442/2727/1442
f 1979/2724/1979 1442/2727/1442 480/2728/480
f 1433/2725/1433 1979/2724/1979 1467/2729/1467
f 481/2730/481 1445/2641/1445 1980/2731/1980
f 1445/2641/1445 483/2743/483 1470/2733/1470
f 1980/2731/1980 1470/2733/1470 473/2734/473
f 1468/2732/1468 1980/2731/1980 1434/2735/1434
f 1471/2737/1471 1981/2740/1981 1430/2738/1430
f 488/2739/488 1448/2741/1448 1981/2740/1981
f 1448/2741/1448 482/3032/482 1469/2726/1469
f 1981/2740/1981 1469/2726/1469 472/2723/472
f 1451/2742/1451 1982/2745/1982 1470/2733/1470
f 489/2744/489 1472/2746/1472 1982/2745/1982
f 1472/2746/1472 471/3033/471 1431/2747/1431
f 1982/2745/1982 1431/2747/1431 473/2734/473
f 1473/2748/1473 1983/2751/1983 1426/2749/1426
f 490/2750/490 1454/2752/1454 1983/2751/1983
f 1454/2752/1454 488/2739/488 1471/2753/1471
f 1983/2751/1983 1471/2753/1471 470/2754/470
f 1457/2755/1457 1984/2757/1984 1472/2756/1472
f 491/2665/491 1474/2758/1474 1984/2757/1984
f 1474/2758/1474 469/2769/469 1427/2759/1427
f 1984/2757/1984 1427/2759/1427 471/2760/471
f 466/2761/466 1475/2764/1475 1985/2762/1985
f 1475/2764/1475 492/2676/492 1455/2661/1455
f 1985/2762/1985 1455/2661/1455 490/2750/490
f 1422/2763/1422 1985/2762/1985 1473/2748/1473
f 491/2665/491 1456/2766/1456 1986/2765/1986
f 1456/2766/1456 493/2681/493 1476/2767/1476
f 1986/2765/1986 1476/2767/1476 467/2768/467
f 1474/2758/1474 1986/2765/1986 1423/2579/1423
f 464/2770/464 1459/2774/1459 1987/2771/1987
f 492/2773/492 1475/2764/1475 1987/2771/1987
f 1418/2775/1418 1987/2771/1987 1475/2776/1475
f 1476/2777/1476 1988/2780/1988 1419/2567/1419
f 493/2779/493 1462/2783/1462 1988/2780/1988
f 465/2782/465 1419/3034/1419 1988/2780/1988
f 392/2784/392 1299/2787/1299 1989/2785/1989
f 1299/2787/1299 390/3035/390 1478/2788/1478
f 1989/2785/1989 1478/2788/1478 504/2789/504
f 1477/2786/1477 1989/2785/1989 1479/2790/1479
f 505/2792/505 1481/2795/1481 1990/2793/1990
f 1481/2795/1481 391/3036/391 1304/2238/1304
f 1990/2793/1990 1304/2238/1304 393/2796/393
f 1480/2794/1480 1990/2793/1990 1482/2797/1482
f 394/2206/394 1293/2801/1293 1991/2799/1991
f 1293/2801/1293 392/2784/392 1477/2802/1477
f 1991/2799/1991 1477/2802/1477 502/2803/502
f 1483/2800/1483 1991/2799/1991 1484/2804/1484
f 503/2806/503 1482/2809/1482 1992/2807/1992
f 1482/2809/1482 393/2796/393 1298/2810/1298
f 1992/2807/1992 1298/2810/1298 395/2212/395
f 1485/2808/1485 1992/2807/1992 1486/2811/1486
f 1287/2813/1287 1993/2815/1993 1487/2814/1487
f 1287/2813/1287 394/2206/394 1483/2800/1483
f 1993/2815/1993 1483/2800/1483 500/2805/500
f 1487/2814/1487 1993/2815/1993 1488/2816/1488
f 501/2812/501 1486/2811/1486 1994/2818/1994
f 1486/2811/1486 395/2212/395 1292/2820/1292
f 1292/2820/1292 397/2200/397 1490/2821/1490
f 1489/2819/1489 1994/2818/1994 1490/2821/1490
f 1281/2823/1281 1995/2826/1995 1491/2824/1491
f 396/2194/396 1487/2814/1487 1995/2826/1995
f 1487/2814/1487 498/2817/498 1492/2827/1492
f 1995/2826/1995 1492/2827/1492 496/2828/496
f 1490/2821/1490 1996/2830/1996 1493/2829/1493
f 397/2200/397 1286/2831/1286 1996/2830/1996
f 1286/2831/1286 399/2841/399 1494/2832/1494
f 1996/2830/1996 1494/2832/1494 497/2833/497
f 1275/2834/1275 1997/2837/1997 1495/2835/1495
f 398/2825/398 1491/2824/1491 1997/2837/1997
f 1491/2824/1491 496/2828/496 1496/2838/1496
f 1997/2837/1997 1496/2838/1496 494/2839/494
f 1494/2832/1494 1998/2842/1998 1497/2840/1497
f 399/2841/399 1280/2843/1280 1998/2842/1998
f 1280/2843/1280 401/2854/401 1498/2844/1498
f 1998/2842/1998 1498/2844/1498 495/2845/495
f 1268/2846/1268 1999/2849/1999 1499/2847/1499
f 400/2836/400 1495/2835/1495 1999/2849/1999
f 1999/2849/1999 1495/2835/1495 494/2839/494
f 1499/2847/1499 1999/2849/1999 1500/2850/1500
f 495/2845/495 1498/2844/1498 2000/2852/2000
f 401/2854/401 1273/2855/1273 2000/2852/2000
f 1273/2855/1273 389/2902/389 1502/2856/1502
f 1501/2853/1501 2000/2852/2000 1502/2856/1502
f 1503/2858/1503 2001/2861/2001 1500/2859/1500
f 502/2803/502 1479/2862/1479 2001/2861/2001
f 1479/2862/1479 504/3037/504 1504/2863/1504
f 2001/2861/2001 1504/2863/1504 506/2851/506
f 1480/2864/1480 2002/2867/2002 1505/2865/1505
f 503/2866/503 1506/2868/1506 2002/2867/2002
f 1506/2868/1506 495/3038/495 1501/2853/1501
f 2002/2867/2002 1501/2853/1501 507/2869/507
f 494/2839/494 1496/2838/1496 2003/2870/2003
f 1496/2838/1496 496/2828/496 1507/2872/1507
f 2003/2870/2003 1507/2872/1507 500/2873/500
f 1503/2871/1503 2003/2870/2003 1484/2874/1484
f 501/2876/501 1508/2879/1508 2004/2877/2004
f 1508/2879/1508 497/2833/497 1497/2840/1497
f 2004/2877/2004 1497/2840/1497 495/2845/495
f 1485/2878/1485 2004/2877/2004 1506/2868/1506
f 1492/2827/1492 2005/2882/2005 1507/2880/1507
f 498/2817/498 1488/3039/1488 2005/2882/2005
f 1507/2872/1507 2005/2882/2005 1488/2884/1488
f 1489/2886/1489 2006/2889/2006 1508/2887/1508
f 499/2822/499 1493/3040/1493 2006/2889/2006
f 1508/2891/1508 2006/2889/2006 1493/2892/1493
f 1233/2894/1233 2007/2898/2007 1509/2895/1509
f 1233/2894/1233 382/3041/382 1343/2897/1343
f 1343/2897/1343 388/2848/388 1499/2899/1499
f 2007/2898/2007 1499/2899/1499 506/2851/506
f 1348/2900/1348 2008/2904/2008 1502/2901/1502
f 1348/2900/1348 383/3042/383 1234/2903/1234
f 1234/2903/1234 315/2918/315 1510/2905/1510
f 2008/2904/2008 1510/2905/1510 507/2906/507
f 314/2896/314 1509/2895/1509 2009/2907/2009
f 1509/2895/1509 506/2851/506 1504/2909/1504
f 2009/2907/2009 1504/2909/1504 504/2910/504
f 2009/2907/2009 1511/2911/1511 322/2912/322
f 505/2913/505 1505/2916/1505 2010/2914/2010
f 1505/2916/1505 507/2857/507 1510/2917/1510
f 2010/2914/2010 1510/2917/1510 315/2918/315
f 2010/2914/2010 1258/2919/1258 323/2920/323
f 320/2325/320 1261/2923/1261 2011/2921/2011
f 1261/2923/1261 322/2912/322 1511/2911/1511
f 1511/2911/1511 504/3037/504 1478/2924/1478
f 2011/2921/2011 1478/2924/1478 390/2326/390
f 1512/2925/1512 2012/2929/2012 1481/2926/1481
f 1512/2925/1512 323/2920/323 1264/2928/1264
f 2012/2929/2012 1264/2928/1264 321/2930/321
f 2012/2929/2012 1340/2931/1340 391/2333/391
